question,ground_truth,chu_de_phap_ly,loai_cau_hoi,van_ban_phap_luat_lien_quan,tinh_trang_hieu_luc,can_cu_phap_ly_chinh,can_cu_phap_ly_bo_tro,van_ban_huong_dan_sua_doi_bo_sung_thay_the,can_cu_khong_nen_ap_dung,quan_he_chong_cheo_mau_thuan
Người bị tuyên bố mất tích quay về thì quyết định ly hôn còn hiệu lực không?,"Theo khoản 3 Điều 70 Bộ luật Dân sự 2015 có quy định về việc hủy bỏ quyết định tuyên bố mất tích như sau:

Theo đó, trường hợp người vợ hoặc chồng của người bị tuyên bố mất tích đã được ly hôn thì dù người bị tuyên bố mất tích quay trở về thì quyết định ly hôn vẫn được giữ nguyên.",quy_dinh_chung_ly_hon,Tình huống,"[""BoLuat_DanSu_2015""]","{""BoLuat_DanSu_2015_Dieu_70_Khoan_3"": ""CON_HIEU_LUC""}","[""BoLuat_DanSu_2015_Dieu_70_Khoan_3""]",[],[],[],[]
"Vợ minh bỏ đi không liên lạc được, mình muốn ly hôn đơn phương với vợ mình, và đã làm thủ tục gửi lên tòa án nhân dân huyện nơi vợ chồng mình đăng ký kết hôn, nhưng đến nay đã hơn 1 năm nhưng tòa án vẫn không giải quyết, mình đã nhiều lân ra tận nơi nhưng họ hẹn va không chịu giải quyết, mình muốn nhờ Ban biên tập có cách nào để họ giải quyết nhanh giúp mình, để mình sớm có cuộc sống mới, 2 vợ chồng mình chưa có con chung và không có tài sản chung? Mong nhận được tư vấn của Ban biên tập Thư Ký Luật. Chân thành cảm ơn!","Trong đời sống hôn nhân vợ chồng mẫu thuẫn trở lên trầm trọng, mục đích hôn nhân không đạt được thì các bên có quyền yêu cầu Tòa án xem xét cho ly hôn.Nếu không đồng thuận tất cả các vấn đề liên quan( quan hệ hôn nhân, quyền nuôi con, cấp dưỡng, tài sản) thì thực hiện theo thủ tục đơn phương ly hôn, là việc ly hôn theo yêu cầu của một bên vợ hoặc chồng.

Theo quy định tại Điều 56 Luật hôn nhân và gia đình 2014 quy định:

1. Khi vợ hoặc chồng yêu cầu ly hôn mà hòa giải tại Tòa án không thành thì Tòa án giải quyết cho ly hôn nếu có căn cứ về việc vợ, chồng có hành vi bạo lực gia đình hoặc vi phạm nghiêm trọng quyền, nghĩa vụ của vợ, chồng làm cho hôn nhân lâm vào tình trạng trầm trọng, đời sống chung không thể kéo dài, mục đích của hôn nhân không đạt được.

2. Trong trường hợp vợ hoặc chồng của người bị Tòa án tuyên bố mất tích yêu cầu ly hôn thì Tòa án giải quyết cho ly hôn.

3. Trong trường hợp có yêu cầu ly hôn theo quy định tại khoản 2 Điều 51 của Luật này thì Tòa án giải quyết cho ly hôn nếu có căn cứ về việc chồng, vợ có hành vi bạo lực gia đình làm ảnh hưởng nghiêm trọng đến tính mạng, sức khỏe, tinh thần của người kia.

Như vậy, để được Tòa án giải quyết cho ly hôn thì cần phải có căn cứ ly hôn, chẳng hạn như tình trạng hôn nhân trầm trọng để xem xét giải quyết ly hôn đơn phương cụ thể là vợ chồng không thương yêu, quý trọng, chăm sóc, giúp đỡ nhau như người nào chỉ biết bổn phận của người đó, bỏ mặc người vợ hoặc người chồng ra sao thì sống, đã được bà con thân thích của họ hoặc cơ quan, tổ chức nhắc nhở, tiến hành hòa giải nhiều lần.

Vợ hoặc chồng luôn có hành vi ngược đãi, hành hạ nhau, như thường xuyên đánh đập, hoặc có hành vi khác xúc phạm đến danh dự, nhân phẩm và uy tín của nhau, đã được bà con thân thích của họ hoặc cơ quan , tổ chức tiến hành nhắc nhở, hòa giải nhiều lần.

Vợ chồng không chung thủy với nhau như có quan hệ ngoại tình, đã được người vợ hoặc người chồng hoặc bà con thân thích con họ hoặc cơ quan, tổ chức, nhắc nhở, khuyên bảo nhưng vẫn tiếp tục có quan hệ ngoại tình;

Để có cơ sở nhận định đời sống chung của vợ chồng không thể kéo dài được, thì phải căn cứ vào tình trạng hiện tại của vợ chồng đã đến mức trầm trọng.Nếu thực tế cho thấy đã được nhắc nhở, hòa giải nhiều lần, nhưng vẫn tiếp tục có quan hệ ngoại tình hoặc vẫn tiếp tục sống ly thân, bỏ mặc nhau hoặc vẫn tiếp tục có hành vi ngược đãi hành hạ, xúc phạm nhau, thì có căn cứ để nhận định rằng đời sống chung của vợ chồng không thể kéo dài được.

Mục đích hôn nhân không đạt được là không có tình nghĩa vợ chồng; không bình đẳng về nghĩa vụ và quyền giữa vợ, chồng; không tôn trọng danh dự, nhân phẩm, uy tín của vợ, chồng; không tôn trọng quyền tự do tín ngưỡng, tôn giáo của vợ, chồng; không giúp đỡ, tạo điều kiện cho nhau phát triển mọi mặt.

Người có yêu cầu ly hôn cần yêu cầu tòa án nơi cư trú cuối cùng của vợ/chồng tuyên bố vợ/chồng mất tích. Sau đó, yêu cầu tòa án nơi tuyên bố vợ/chồng mất tích giải quyết yêu cầu ly hôn theo khoản 2 Điều 78 Bộ luật dân sự 2005.

Hồ sơ ly hôn bao gồm:

- Đơn xin ly hôn;

- Bản chính Giấy chứng nhận đăng ký kết hôn;

- Bản sao Hộ khẩu thường trú, tạm trú  phô tô công chứng;

- Bản sao Chứng minh thư nhân dân phô tô công chứng;

- Các giấy tờ chứng minh về tài sản: Giấy chứng nhận Quyền sử dụng đất, sở hữu nhà ở …

- Bản sao giấy khai sinh của các con.

Trên đây là tư vấn của Ban biên tập Thư Ký Luật về đơn phương ly hôn khi vợ bỏ đi không liên lạc được. Bạn nên tham khảo chi tiết Luật hôn nhân và gia đình 2014 để nắm rõ quy định này.

Trân trọng!",quy_dinh_chung_ly_hon,Tình huống,"[""Luat_HNGD_2014""]","{""Luat_HNGD_2014_Dieu_56"": ""CON_HIEU_LUC""}","[""Luat_HNGD_2014_Dieu_56""]",[],[],[],[]
Đang làm thủ tục ly hôn mà chung sống với người khác có bị xử phạt không?,"Căn cứ theo Điều 57 Luật Hôn nhân và gia đình 2014 quy định về thời điểm chấm dứt hôn nhân và trách nhiệm gửi bản án, quyết định ly hôn như sau:
Điều 57. Thời điểm chấm dứt hôn nhân và trách nhiệm gửi bản án, quyết định ly hôn
1. Quan hệ hôn nhân chấm dứt kể từ ngày bản án, quyết định ly hôn của Tòa án có hiệu lực pháp luật.
2. Tòa án đã giải quyết ly hôn phải gửi bản án, quyết định ly hôn đã có hiệu lực pháp luật cho cơ quan đã thực hiện việc đăng ký kết hôn để ghi vào sổ hộ tịch; hai bên ly hôn; cá nhân, cơ quan, tổ chức khác theo quy định của Bộ luật tố tụng dân sự và các luật khác có liên quan.
Theo đó, hôn nhân chính thức chấm dứt kể từ ngày bản án, quyết định ly hôn của Tòa án có hiệu lực pháp luật. Nên vợ chồng đang trong quá trình làm thủ tục ly hôn thì hôn nhân vẫn chưa chấm dứt.

Như vậy, đang làm thủ tục ly hôn mà chung sống với người khác vẫn bị xử phạt về hành vi vi phạm chế độ hôn nhân của mình.",quy_dinh_chung_ly_hon,Tình huống,"[""Luat_HNGD_2014""]","{""Luat_HNGD_2014_Dieu_57"": ""CON_HIEU_LUC""}","[""Luat_HNGD_2014_Dieu_57""]",[],[],[],[]
Thủ tục thụ lý đơn thuận tình ly hôn được thực hiện như thế nào?,"Căn cứ theo điểm h khoản 2 Điều 39 Bộ luật Tố tụng dân sự 2015 quy định về thẩm quyền của Tòa án theo lãnh thổ

Căn cứ theo Điều 363 Bộ luật Tố tụng dân sự 2015 quy định về thủ tục nhận và xử lý đơn yêu cầu.

Căn cứ theo các quy định trên, thủ tục thụ lý đơn thuận tình ly hôn được tiến hành như sau:

Bước 1: Nộp đơn thuận tình ly hôn.

Nộp tại Tòa án nơi một trong các bên thuận tình ly hôn, vợ chồng có thể thỏa thuận nộp đơn ở nơi cư trú của vợ hoặc chồng.

Bước 2: Tiếp nhận đơn.

Trong thời hạn 03 ngày làm việc, kể từ ngày nhận được đơn, Chánh án Tòa án phân công một Thẩm phán xem xét đơn yêu cầu giải quyết thuận tình ly hôn.

Trong thời hạn 05 ngày làm việc, kể từ ngày được phân công, Thẩm phán xét thấy đơn yêu cầu và tài liệu kèm theo đủ điều kiện thì phải thông báo cho người yêu cầu nộp lệ phí.

Bước 3: Thụ lý đơn.

Tòa án thụ lý đơn yêu cầu khi người yêu cầu nộp cho Tòa án biên lai thu tiền lệ phí yêu cầu giải quyết việc dân sự.

Trường hợp người yêu cầu được miễn hoặc không phải nộp lệ phí thì Thẩm phán thụ lý việc dân sự kể từ ngày nhận được đơn yêu cầu

Trân trọng!",quy_dinh_chung_ly_hon,,[],{},[],[],[],[],[]
Hiện nay tôi đã đơn phương xin ly hôn gửi ra tòa án nhân dân huyện nhưng chưa được giải quyết do chồng tôi không chấp nhận ly hôn. Tòa án cho gọi nhưng chồng tôi không đến hòa giải và đã rời khỏi địa phương không rõ đi đâu. Tôi đã làm đơn xin đình chỉ vụ án vì lí do tìm địa chỉ của chồng tôi. Sau đó anh ta lại quay về nhưng vẫn không chịu li hôn. Anh ta nghiện ma túy và luôn tìm tới nơi tôi làm việc để hăm dọa tôi và ép tôi phải quan hệ tình dục. Xin hỏi ban biên tập tôi có được quyền xin xét xử vắng mặt nếu anh ta không đồng ý ly hôn và nhờ sự can thiệp của công an địa phương không? Tôi rất mong có được câu trả lời của ban biên tập. Xin cảm ơn!,"Sau khi Toà án đã thụ lí đơn xin li hôn đơn phương của chị thì dù chồng chị cố ý vắng mặt không có lí do thì vụ án li hôn của chị vẫn được giải quyết. Theo trình tự giải quyết vụ án dân sự thì trước hết Toà án sẽ tổ chức hoà giải. Theo quy định tại khoản 1 Điều 207 Bộ luật Tố tụng dân sự 2015 thì nếu bị đơn đã được triệu tập hợp lệ đến lần thứ hai mà vẫn cố tình vắng mặt thì việc hoà giải không tiến hành được. Sau khi hoà giải không thành, Toà án sẽ quyết định đưa vụ án ra xét xử.

Khi đưa vụ án ra xét xử, sau khi gửi giấy triệu tập hợp lệ lần thứ nhất, nếu chồng chị cố ý vắng mặt thì phiên toà sẽ tạm hoãn (khoản 1 Điều 227 Bộ luật Tố tụng dân sự 2015). Nếu Toà án triệu tập hợp lệ đến lần thứ hai mà chồng chị vẫn cố ý vắng mặt thì Toà án sẽ xét xử vắng mặt (Điều 228 Bộ luật Tố tụng dân sự 2015). Tòa án sẽ dựa trên những chứng cứ chứng minh tình trạng hôn nhân của chị và chồng chị hiện tại để xem xét giải quyết ly hôn cho chị. Trên đây là tư vấn về việc xét xử ly hôn đơn phương khi chồng vắng mặt. Để hiểu rõ hơn bạn nên tham khảo Bộ luật tố tụng dân sự 2015.

Trân trọng!",quy_dinh_chung_ly_hon,,[],{},[],[],[],[],[]
"Chị gái tôi lấy chồng 7 năm rồi nhưng đến giờ vẫn chưa có con, cả 2 vợ chồng đều làm công nhân nên không có của cải, nhà cửa và con cái. Do người chồng không có khả năng sinh con lại còn có tính cờ bạc nên chị tôi quyết định ly hôn. Nhưng chồng chị tôi không đồng ý ký đơn lại còn giữ giấy đăng ký nên bây giờ tôi muốn được tư vấn thủ tục ly hôn đơn phương khi không có giấy đăng ký kết hôn.","1.Vợ, chồng hoặc cả hai người có quyền yêu cầu Tòa án giải quyết ly hôn. Tại điều 56 Luật Hôn nhân gia đình quy đinh về ly hôn theo yêu cầu của một bên như sau:

“1. Khi vợ hoặc chồng yêu cầu ly hôn mà hòa giải tại Tòa án không thành thì Tòa án giải quyết cho ly hôn nếu có căn cứ về việc vợ, chồng có hành vi bạo lực gia đình hoặc vi phạm nghiêm trọng quyền, nghĩa vụ của vợ, chồng làm cho hôn nhân lâm vào tình trạng trầm trọng, đời sống chung không thể kéo dài, mục đích của hôn nhân không đạt được.”

Như  vậy, theo quy định này khi xác định được cuộc sống của vợ chồng có mâu thuẫn trầm trọng, cuộc sống chung không thể kéo dài, thì chị của bạn có quyền yêu cầu tòa án giải quyết việc ly hôn.

Hồ sơ xin ly hôn bao gồm:

– Đơn xin ly hôn (đơn phương);

– Bản chính Giấy chứng nhận đăng ký kết hôn;

– Bản sao Hộ khẩu thường trú, tạm trú của vợ và chồng

– Bản sao Chứng minh thư nhân dân hoặc bản sao hộ chiếu của vợ và chồng .

Đối với trường hợp của chị bạn , do chồng chị bạn đang giữ giấy đăng ký kết hôn, nên chị bạn có thể ra UBND  nơi anh chị đã đăng ký kết hôn và xin cấp lại giấy đăng ký kết hôn.

Theo quy định tại Khoản 1 Điều 35 Bộ Luật Tố tụng dân sự 2015, thì thẩm quyền xét xử về hôn nhân (không có yếu tố nước ngoài) thuộc Tòa án nhân dân huyện, quận, thị xã, thành phố thuộc tỉnh. Như vậy, trong trường hợp này, chị bạn có thể gửi đơn xin ly hôn lên Tòa án nhân dân huyện nơi chồng chị bạn đang cư trú, làm việc.

Trên đây là tư vấn thủ tục đơn phương ly hôn khi không có giấy đăng ký kết hôn. Bạn có thể xem thêm các quy định chi tiết tại Bộ luật hôn nhân và gia đình 2014.",quy_dinh_chung_ly_hon,,[],{},[],[],[],[],[]
Thuận tình ly hôn là gì? Thủ tục thuận tình ly hôn?,"Tình trạng ly hôn đang có xu hướng gia tăng chóng mặt trong xã hội hiện nay. Nguyên nhân xảy ra điều này là do thực trạng “yêu nhanh cưới vội”, bất đồng quan điểm, ngoại tình, không có tiếng nói chung… trong quá trình chung sống.

Về mặt pháp lý, ly hôn được hiểu là việc chấm dứt quan hệ hôn nhân do Tòa án quyết định theo yêu cầu của vợ hoặc của chồng hoặc cả hai vợ chồng, hủy bỏ các trách nhiệm pháp lý và trách nhiệm của hôn nhân và các ràng buộc dân sự khác. Tòa án là cơ quan duy nhất có trách nhiệm ra phán quyết chấm dứt quan hệ hôn nhân của vợ chồng.

Nếu hai bên vợ chồng thuận tình ly hôn thỏa thuận với nhau, giải quyết được tất cả các nội dung khi ly hôn thì toà án công nhận ra và phán quyết dưới hình thức là quyết định công nhận thuận tình ly hôn.

Theo đó, để được xác định là thuận tình ly hôn, các bên cần đáp ứng đủ các điều kiện sau:

- Hai bên thật sự tự nguyện ly hôn;

- Hai bên đã thỏa thuận về việc chia tài sản;

- Đã thỏa thuận về việc trông nom, nuôi dưỡng, chăm sóc, giáo dục con trên cơ sở bảo đảm quyền lợi chính đáng của vợ và con.

Thuận tình ly hôn là gì? Thủ tục thuận tình ly hôn? (Hình từ Internet)

Thủ tục thuận tình ly hôn cơ bản gồm những bước như sau:",quy_dinh_chung_ly_hon,,[],{},[],[],[],[],[]
Thuận tình ly hôn vắng mặt chồng có được không?,"Điều 397 Bộ luật Tố tụng dân sự 2015 quy định về Hòa giải và công nhận thuận tình ly hôn, thỏa thuận nuôi con, chia tài sản khi ly hôn như sau:

1. Trong thời hạn chuẩn bị xét đơn yêu cầu, trước khi tiến hành hòa giải để vợ chồng đoàn tụ, khi xét thấy cần thiết, Thẩm phán có thể tham khảo ý kiến của cơ quan quản lý nhà nước về gia đình, cơ quan quản lý nhà nước về trẻ em về hoàn cảnh gia đình, nguyên nhân phát sinh mâu thuẫn và nguyện vọng của vợ, chồng, con có liên quan đến vụ án.

2. Thẩm phán phải tiến hành hòa giải để vợ chồng đoàn tụ; giải thích về quyền và nghĩa vụ giữa vợ và chồng, giữa cha, mẹ và con, giữa các thành viên khác trong gia đình, về trách nhiệm cấp dưỡng và các vấn đề khác liên quan đến hôn nhân và gia đình.

3. Trường hợp sau khi hòa giải, vợ, chồng đoàn tụ thì Thẩm phán ra quyết định đình chỉ giải quyết yêu cầu của họ.

4. Trường hợp hòa giải đoàn tụ không thành thì Thẩm phán ra quyết định công nhận thuận tình ly hôn và sự thỏa thuận của các đương sự theo quy định tại Điều 212 của Bộ luật này khi có đầy đủ các điều kiện sau đây:

a) Hai bên thực sự tự nguyện ly hôn;

b) Hai bên đã thỏa thuận được với nhau về việc chia hoặc không chia tài sản chung, việc trông nom, nuôi dưỡng, chăm sóc, giáo dục con;

c) Sự thỏa thuận phải bảo đảm quyền lợi chính đáng của vợ, con.

5. Trường hợp hòa giải đoàn tụ không thành và các đương sự không thỏa thuận được về việc chia tài sản, việc trông nom, nuôi dưỡng, chăm sóc, giáo dục con thì Tòa án đình chỉ giải quyết việc dân sự về công nhận thuận tình ly hôn, thỏa thuận nuôi con, chia tài sản khi ly hôn và thụ lý vụ án để giải quyết. Tòa án không phải thông báo về việc thụ lý vụ án, không phải phân công lại Thẩm phán giải quyết vụ án. Việc giải quyết vụ án được thực hiện theo thủ tục chung do Bộ luật này quy định.

Như vậy, theo quy định trên thì tòa án phải tổ chức hòa giải đoàn tụ. Sau khi hòa giải đoàn tụ không thành thì mới xem xét công nhận thuận tình ly hôn và sự thỏa thuận của các đương sự nếu đáp ứng đầy đủ các điều kiện luật định. Mà muốn hòa giải đoàn tụ thì phải có mặt cả hai bên đương sự. Ở đây, rõ ràng tòa sẽ không thể tiến hành tổ chức hòa giải đoàn tụ được vì một bên yêu cầu xin vắng mặt và chỉ có bên còn lại tham gia phiên hòa giải.

Do đó, nếu một bên là chồng vắng mặt thì sẽ chỉ giải quyết được đối với trường hợp đơn phương ly hôn, nếu thuận tình ly hôn thì phải có mặt hai vợ chồng.",quy_dinh_chung_ly_hon,,[],{},[],[],[],[],[]
Vợ đang mang thai thì chồng có được đơn phương ly hôn không?,"Theo Điều 51 Luật Hôn nhân và gia đình 2014 quy định quyền yêu cầu giải quyết ly hôn:

1. Vợ, chồng hoặc cả hai người có quyền yêu cầu Tòa án giải quyết ly hôn.

2. Cha, mẹ, người thân thích khác có quyền yêu cầu Tòa án giải quyết ly hôn khi một bên vợ, chồng do bị bệnh tâm thần hoặc mắc bệnh khác mà không thể nhận thức, làm chủ được hành vi của mình, đồng thời là nạn nhân của bạo lực gia đình do chồng, vợ của họ gây ra làm ảnh hưởng nghiêm trọng đến tính mạng, sức khỏe, tinh thần của họ.

3. Chồng không có quyền yêu cầu ly hôn trong trường hợp vợ đang có thai, sinh con hoặc đang nuôi con dưới 12 tháng tuổi.

Như vậy, chồng không có quyền yêu cầu ly hôn trong trường hợp vợ đang mang thai. Trường hợp của bạn, vợ bạn đang mang thai đến tháng thứ 4 thì bạn không được đơn phương ly hôn.",quy_dinh_chung_ly_hon,Tình huống,"[""Luat_HNGD_2014""]","{""Luat_HNGD_2014_Dieu_51"": ""CON_HIEU_LUC""}","[""Luat_HNGD_2014_Dieu_51""]",[],[],[],[]
"Chào anh chị. Em có đơn ly hôn thuận tình, đã bàn bạc về tài sản và con cái nhưng em không có khả năng tham gia phiên họp vì lý do sức khỏe. Có cách nào để giải quyết đơn ly hôn vắng mặt em không ạ? Em đã đọc một số trang luật nói không tham gia thì bị đình chỉ vụ việc của em đúng không ạ?","Thuận tình ly hôn được xác định là việc dân sự theo quy định tại Điều 361 Bộ luật tố tụng dân sự 2015. Việc giải quyết yêu cầu thuận tình ly hôn được tiến hành bằng phiên họp giải quyết việc dân sự.

Theo đó, căn cứ quy định tại Khoản 2 Điều 367 Bộ luật tố tụng dân sự 2015 thì:

- Người yêu cầu hoặc người đại diện hợp pháp, người bảo vệ quyền và lợi ích hợp pháp của họ phải tham gia phiên họp theo giấy triệu tập của Tòa án.

- Người yêu cầu vắng mặt lần thứ nhất thì Tòa án hoãn phiên họp, trừ trường hợp người yêu cầu đề nghị Tòa án giải quyết việc dân sự vắng mặt họ.

Theo quy định này, người yêu cầu giải quyết việc thuận tình ly hôn phải có mặt tại phiên họp giải quyết việc dân sự hoặc có thể ủy quyền cho người đại diện mình tham gia. Trường hợp muốn yêu cầu Tòa án giải quyết việc dân sự vắng mặt thì chị cũng có thể làm đơn yêu cầu giải quyết việc thuận tình ly hôn vắng mặt chị.

Trường hợp chị không có đơn yêu cầu giải quyết vắng mặt, không có mặt tại phiên họp và cũng không ủy quyền cho người đại diện hợp pháp tham gia phiên họp lần thứ nhất thì phiên họp sẽ bị hoãn giải quyết.

Cũng theo quy định tại Điều này, trường hợp người yêu cầu đã được triệu tập hợp lệ lần thứ hai mà vẫn vắng mặt thì bị coi là từ bỏ yêu cầu và Tòa án ra quyết định đình chỉ giải quyết việc dân sự.

Như vậy, nếu lần thứ hai được Tòa triệu tập tham gia phiên họp mà chị vẫn vắng mặt thì việc ly hôn của chị sẽ bị đình chỉ giải quyết. Muốn được giải quyết phải nộp hồ sơ yêu cầu Tòa án thụ lý việc dân sự lại từ đầu theo thủ tục giải quyết việc dân sự.

Trân trọng!",quy_dinh_chung_ly_hon,,[],{},[],[],[],[],[]
"Xin cho hỏi: Vợ chồng tôi đã ly hôn hơn 3 năm. Ngày tòa mời 2 bên lên ký thỏa thuận ly hôn thì khoảng 1 tháng sau đó vợ tôi nhận được quyết định ly hôn của tòa. Về phía tôi, từ đó đến nay chưa nhận được quyết định ly hôn. Tôi có hỏi thăm cán bộ tư pháp địa phương thì họ xác nhận đã nhận đươc quyết dịnh tòa gửi. Vậy cho hỏi: Tòa án không gửi quyết định ly hôn cho tôi là đúng hay sai? Giờ tôi muốn có quyết định đó thì phải đến tòa án hỏi hay sao? Cảm ơn nhiều!","Theo như thông tin bạn cung cấp thì bạn và vợ bạn được Toà án cho ly hôn theo diện thuận tình ly hôn được quy định tại Khoản 4 Điều 397 Bộ luật Tố tụng dân sự 2015.

Theo đó thì sự thoả thuận ly hôn của các bên sẽ được Toà án thực hiện theo thủ tục quy định tại Điều 212 Bộ luật Tố tụng dân sự 2015. Theo khoản 1 Điều này thì trong thời hạn 05 ngày làm việc kể từ ngày công nhận sự thoả thuận của các bên thì Toà án phải gửi quyết định đó cho các bên và Viện kiểm sát cùng cấp.

Tuy nhiên, căn cứ theo Khoản 5 Điều 177 về cấp, tống đạt, thông báo trong trường hợp bạn vắng mặt tại nơi cư trú mà không rõ thời gian trở về hoặc không rõ địa điểm cư trú mới thì người cấp, tống đạt, thông báo thì người tiến hành cấp, tống đạt, thông báo lập biên bản về việc không thực hiện được những công việc trên và có xác nhận của đại diện tổ dân phố, công an xã phường thị trấn đồng thời tiến hành niêm yết công khai văn bản cần tống đạt.

Thủ tục niêm yết công khai sẽ được uỷ quyền cho Uỷ ban nhân dân cấp xã nơi bạn cư trú để thực hiện do đó đây có thể là lý do mà cán bộ tư pháp nơi bạn cư trú nhận được quyết định do Toà án gửi.

Căn cứ theo Khoản 21 Điều 70 Bộ luật Tố tụng Dân sự 2015 thì bạn có quyền được cấp quyết định của Toà án. Do đó để được cấp các bản sao, bạn có thể làm đơn đề nghị tòa án nơi đã ra quyết định công nhận việc thuận tình ly hôn sao lục quyết định công nhận ly hôn cho mình.

Trên đây là nội dung tư vấn của Ban biên tập gửi đến bạn.

Trân trọng !",quy_dinh_chung_ly_hon,,[],{},[],[],[],[],[]
"Do chồng ngoại tình nên tôi quyết định ly hôn và chuyển về nhà ngoại sống. Cho tôi hỏi thời gian Tòa án giải quyết đơn phương ly hôn là bao lâu? 
Chân thành cảm ơn!","Điều 56 Luật Hôn nhân Gia đình 2014 quy đinh về Ly hôn theo yêu cầu của một bên như sau:

1. Khi vợ hoặc chồng yêu cầu ly hôn mà hòa giải tại Tòa án không thành thì Tòa án giải quyết cho ly hôn nếu có căn cứ về việc vợ, chồng có hành vi bạo lực gia đình hoặc vi phạm nghiêm trọng quyền, nghĩa vụ của vợ, chồng làm cho hôn nhân lâm vào tình trạng trầm trọng, đời sống chung không thể kéo dài, mục đích của hôn nhân không đạt được.

2. Trong trường hợp vợ hoặc chồng của người bị Tòa án tuyên bố mất tích yêu cầu ly hôn thì Tòa án giải quyết cho ly hôn.

3. Trong trường hợp có yêu cầu ly hôn theo quy định tại khoản 2 Điều 51 của Luật này thì Tòa án giải quyết cho ly hôn nếu có căn cứ về việc chồng, vợ có hành vi bạo lực gia đình làm ảnh hưởng nghiêm trọng đến tính mạng, sức khỏe, tinh thần của người kia.

Do vậy, để yêu cầu ly hôn được tòa án chấp nhận thì bạn cần thu thập chứng cứ để chứng minh cho yêu cầu của mình là có căn cứ và hợp pháp, ở đây chồng bạn ngoại tình có thể xem là mục đích của hôn nhân không đạt được.

Ly hôn đơn phương sẽ được giải quyết theo thủ tục của 1 vụ án dân sự theo các quy định của Bộ luật tố tụng dân sự 2015. Theo đó, thời gian giải quyết vụ án ly hôn trong trường hợp này là 4 tháng, tuy nhiên nếu vụ án ly hôn có tính chất phức tạp hoặc có trở ngại khách quan thì thời gian giải quyết là 6 tháng. Trên thực tế, thời gian giải quyết vụ án ly hôn có thể ngắn hơn hoặc kéo dài hơn thời gian luật định tùy thuộc vào tính chất của từng vụ án.

Trân trọng!",quy_dinh_chung_ly_hon,Tình huống,"[""Luat_HNGD_2014""]","{""Luat_HNGD_2014_Dieu_56"": ""CON_HIEU_LUC""}","[""Luat_HNGD_2014_Dieu_56""]",[],[],[],[]
1. Có được cưỡng ép ly hôn khi con dâu không sinh được con không?,"Căn cứ quy định tại Khoản 9 Điều 3 Luật Hôn nhân và gia đình 2014 cưỡng ép kết hôn, ly hôn như sau:

Theo quy định tại Khoản 2 Điều 5 Luật Hôn nhân và gia đình 2014 bảo vệ chế độ hôn nhân và gia đình cấm các hành vi sau:

Thế nên, căn cứ theo những quy định trên thì việc mẹ chồng bạn dùng những lời lẽ, quan niệm xưa để tra tấn tinh thần bạn bắt bạn lý hôn là hành vi cưỡng ép ly hôn.

Hành vi cưỡng ép ly hôn là hành vi bị cấm theo Luật Hôn nhân và gia đình 2014.",quy_dinh_chung_ly_hon,Tình huống,"[""Luat_HNGD_2014""]","{""Luat_HNGD_2014_Dieu_3_Khoan_9"": ""CON_HIEU_LUC"", ""Luat_HNGD_2014_Dieu_5_Khoan_2"": ""CON_HIEU_LUC""}","[""Luat_HNGD_2014_Dieu_3_Khoan_9"", ""Luat_HNGD_2014_Dieu_5_Khoan_2""]",[],[],[],[]
Gửi quyết định thuận tình ly hôn cho đương sự thực hiên như thế nào?,"Xin cho hỏi: Vợ chồng tôi đã ly hôn hơn 3 năm. Ngày tòa mời 2 bên lên ký thỏa thuận ly hôn thì khoảng 1 tháng sau đó vợ tôi nhận được quyết định ly hôn của tòa. Về phía tôi, từ đó đến nay chưa nhận được quyết định ly hôn. Tôi có hỏi thăm cán bộ tư pháp địa phương thì họ xác nhận đã nhận đươc quyết dịnh tòa gửi. Vậy cho hỏi: Tòa án không gửi quyết định ly hôn cho tôi là đúng hay sai? Giờ tôi muốn có quyết định đó thì phải đến tòa án hỏi hay sao? Cảm ơn nhiều!",quy_dinh_chung_ly_hon,,[],{},[],[],[],[],[]
Thuận tình ly hôn có cần phải hòa giải tại Tòa án không?,"Tại Điều 396 Bộ luật Tố tụng dân sự 2015 có quy định về đơn yêu cầu công nhận thuận tình ly hôn, thỏa thuận nuôi con, chia tài sản khi ly hôn như sau:

Tại Điều 397 Bộ luật Tố tụng dân sự 2015 có quy định về hòa giải và công nhận thuận tình ly hôn, thỏa thuận nuôi con, chia tài sản khi ly hôn như sau:

Như vậy, khi thuận tình ly hôn vợ, chồng sẽ phải nộp đơn yêu cầu công nhận ly hôn thuận tình, thỏa thuận nuôi con và chia tài sản lên tòa án. Tòa án sẽ xem xét đơn và tiến hành thủ tục hòa giải và công nhận thuận tình ly hôn nếu hòa giải đoàn tụ không thành.

Tóm lại, dù thuận tình ly hôn thì vợ, chồng vẫn phải tiến hành hòa giải tại Tòa án.

Thuận tình ly hôn có cần phải hòa giải tại Tòa án không? (Hình từ Internet)",quy_dinh_chung_ly_hon,Lý thuyết,[],{},[],[],[],[],[]
Có được ly hôn chồng đang mất tích hay không?,"Căn cứ Điều 56 Luật Hôn nhân và gia đình 2014 quy định ly hôn theo yêu cầu của một bên như sau:

Theo quy định như trên, nếu chồng của bạn đã được tòa án tuyên bố mất tích, thì khi bạn bạn được quyền yêu cầu ly hôn và tòa án sẽ giải quyết ly hôn cho bạn.

Ly hôn chồng đang mất tích có được không? (Hình từ Internet)",quy_dinh_chung_ly_hon,Tình huống,"[""Luat_HNGD_2014""]","{""Luat_HNGD_2014_Dieu_56"": ""CON_HIEU_LUC""}","[""Luat_HNGD_2014_Dieu_56""]",[],[],[],[]
Tiền tạm ứng án phí ly hôn do ai đóng?,"Trình tự, thủ tục khởi kiện để Tòa án giải quyết các vụ án về hôn nhân và gia đình thuộc phạm vi điều chỉnh của Bộ luật tố tụng dân sự 2015 quy định tại Điều 1 Bộ luật luật tố tụng dân sự 2015 .

Căn cứ Điều 146 Bộ luật tố tụng dân sự 2015 về nghĩa vụ nộp tiền tạm ứng án phí, tiền tạm ứng lệ phí, quy định cụ thể như sau:

Như vậy, trong trường hợp này bạn là người nộp tiền tạm ứng án phí.",quy_dinh_chung_ly_hon,,[],{},[],[],[],[],[]
Mẫu đơn xin ly hôn đơn phương năm 2023?,"Mẫu đơn xin ly hôn đơn phương năm 2023 là mẫu đơn 23-DS (Đơn khởi kiện) được ban hành kèm theo Nghị quyết 01/2017/NQ-HĐTP

Tải Mẫu đơn xin ly hôn đơn phương năm 2023 tại đây. Tải về.",quy_dinh_chung_ly_hon,Lý thuyết,"[""NghiQuyet_01_2017_NQ_HDTP""]","{""NghiQuyet_01_2017_NQ_HDTP"": ""CON_HIEU_LUC""}",[],"[""NghiQuyet_01_2017_NQ_HDTP""]",[],[],[]
Chồng có quyền yêu cầu ly hôn khi đang nhờ người mang thai hộ hay không?,"Ban biên tập cho tôi hỏi trường hợp sau, vợ chồng anh A chị B có yêu cầu chị C mang thai hộ. Chị C đã mang thai hộ được 03 tháng thì anh A có quyền đơn phương ly hôn với chị B không? Mong nhận được sự tư vấn từ Ban biên tập",quy_dinh_chung_ly_hon,,[],{},[],[],[],[],[]
Đơn phương ly hôn trong trường hợp nào?,"Căn cứ theo Điều 56 Luật Hôn nhân và Gia đình 2014 quy định về ly hôn theo yêu cầu một bên như sau:

Theo đó, đơn phương ly hôn trong các trường hợp cụ thể sau đây:

- Đơn phương ly hôn theo yêu cầu của vợ hoặc chồng: khi một bên yêu cầu ly hôn mà hòa giải tại Tòa án không thành thì Tòa án giải quyết cho ly hôn nếu có căn cứ về việc vợ, chồng có hành vi bạo lực gia đình hoặc vi phạm nghiêm trọng quyền, nghĩa vụ của vợ, chồng làm cho hôn nhân lâm vào tình trạng trầm trọng, đời sống chung không thể kéo dài, mục đích của hôn nhân không đạt được.

- Đơn phương ly hôn khi vợ hoặc chồng của người bị Tòa án tuyên bố mất tích yêu cầu ly hôn.

Đơn phương ly hôn theo yêu cầu của cha, mẹ, người thân thích khác với Tòa án trường hợp một bên vợ, chồng do bị bệnh tâm thần hoặc mắc bệnh khác mà không thể nhận thức, làm chủ được hành vi của mình, đồng thời là nạn nhân của bạo lực gia đình do chồng, vợ của họ gây ra làm ảnh hưởng nghiêm trọng đến tính mạng, sức khỏe, tinh thần của họ.

Mẫu đơn xin ly hôn đơn phương năm 2023? Thủ tục nộp đơn ly hôn được thực hiện như thế nào? (Hình từ Internet).",quy_dinh_chung_ly_hon,Lý thuyết,"[""Luat_HNGD_2014""]","{""Luat_HNGD_2014_Dieu_56"": ""CON_HIEU_LUC""}","[""Luat_HNGD_2014_Dieu_56""]",[],[],[],[]
Thời điểm chấm dứt hôn nhân là khi nào?,"Căn cứ theo Điều 65 Luật Hôn nhân và gia đình 2014 quy định về thời điểm chấm dứt hôn nhân.

Căn cứ theo Điều 57 Luật Hôn nhân và gia đình 2014 quy định về thời điểm chấm dứt hôn nhân và trách nhiệm gửi bản án, quyết định ly hôn

Do vậy, thời điểm chấm dứt hôn nhân bao gồm các thời điểm sau:

- Khi vợ hoặc chồng chết. Trường hợp Tòa án tuyên bố vợ hoặc chồng là đã chết thì thời điểm hôn nhân chấm dứt được xác định theo ngày chết được ghi trong bản án, quyết định của Tòa án.

- Kể từ ngày bản án, quyết định ly hôn của Tòa án có hiệu lực pháp luật.

Trân trọng!",quy_dinh_chung_ly_hon,Lý thuyết,"[""Luat_HNGD_2014""]","{""Luat_HNGD_2014_Dieu_57"": ""CON_HIEU_LUC"", ""Luat_HNGD_2014_Dieu_65"": ""CON_HIEU_LUC""}","[""Luat_HNGD_2014_Dieu_57"", ""Luat_HNGD_2014_Dieu_65""]",[],[],[],[]
"Như tôi biết thì khi ly hôn mà có tính chất phức tạp cần phải mở phiên tòa để xét xử thì phải đóng án phí. Vậy Ban tư vấn cho tôi hỏi thuận tình ly hôn có phải nộp án phí không? Nếu có thì mức án phí phải nộp hiện nay là bao nhiêu? Mong sớm nhận được phản hồi từ Ban tư vấn. Chân thành cảm ơn Ban tư vấn rất nhiều!
Minh Hân - Tiền Giang","Theo quy định tại Bộ luật Tố tụng dân sự 2015 thì thủ tục hôn được thực hiện như sau:

- Nộp hồ sơ yêu cầu công nhận thuận tình ly hôn tại Tòa án cấp huyện nơi cư trú, làm việc của vợ hoặc chồng.

- Trong thời hạn 03 ngày làm việc, kể từ ngày nhận đơn yêu cầu công nhận thuận tình ly hôn, Chánh án Tòa án phân công Thẩm phán giải quyết đơn yêu cầu.

- Khi xét thấy đơn yêu cầu đủ điều kiện thụ lý thì Thẩm phán sẽ thông báo cho người yêu cầu về việc nộp lệ phí yêu cầu giải quyết việc dân sự trong thời hạn 05 ngày làm việc, kể từ ngày nhận được thông báo nộp lệ phí.

- Khi đã đóng lệ phí yêu cầu giải quyết việc dân sự thì Tòa án sẽ thụ lý đơn yêu cầu công nhận thuận tình ly hôn.

- Trong thời hạn 03 ngày làm việc, kể từ ngày thụ lý đơn yêu cầu, Tòa án phải thông báo bằng văn bản cho người yêu cầu.

- Thời hạn chuẩn bị xét đơn yêu cầu là 01 tháng, kể từ ngày Tòa án thụ lý đơn yêu cầu.

- Trong thời hạn chuẩn bị xét đơn yêu cầu, Thẩm phán phải tiến hành hòa giải để vợ chồng đoàn tụ.

- Trường hợp hòa giải đoàn tụ không thành thì hết thời hạn 07 ngày kể từ ngày hòa giải không thành Thẩm phán ra quyết định công nhận thuận tình ly hôn và sự thỏa thuận của các đương sự có đầy đủ các điều kiện sau đây:

+ Hai bên thực sự tự nguyện ly hôn;

+ Hai bên đã thỏa thuận được với nhau về việc chia hoặc không chia tài sản chung, việc trông nom, nuôi dưỡng, chăm sóc, giáo dục con;

+ Sự thỏa thuận phải bảo đảm quyền lợi chính đáng của vợ, con.

- Quyết định công nhận sự thỏa thuận của các đương sự có hiệu lực pháp luật ngay sau khi được ban hành.

==> Như vậy, theo quy định trên đây thì thuận tình ly hôn được coi là vụ việc dân sự. Do đó khi nộp đơn yêu cầu công nhận thuận tình ly hôn thì không phải nộp án phí mà nộp lệ phí yêu cầu giải quyết việc dân sự. Khi nộp lệ phí thì Tòa án sẽ thụ lý đơn yêu cầu công nhận thuận tình ly hôn.

Lệ phí giải quyết việc dân sự được quy định tại Nghị quyết 326/2016/UBTVQH14:

- Lệ phí sơ thẩm giải quyết yêu cầu về dân sự, hôn nhân và gia đình, kinh doanh, thương mại, lao động là 300.000 đồng.

- Lệ phí phúc thẩm giải quyết yêu cầu về dân sự, hôn nhân và gia đình, kinh doanh, thương mại, lao động là 300.000 đồng.

==> Như vậy, lệ phí khi yêu cầu tòa án công nhận thuận tình ly hôn là 300.000 đồng.

Mong rằng những tư vấn của chúng tôi sẽ giúp giải đáp được những vướng mắc của bạn.

Chúc sức khỏe và thành công!",quy_dinh_chung_ly_hon,,[],{},[],[],[],[],[]
Thủ tục thụ lý đơn yêu cầu ly hôn như thế nào?,"Căn cứ theo Điều 53 Luật Hôn nhân và gia đình 2014 quy định:

Căn cứ theo Điều 191 Bộ luật Tố tụng dân sự 2015 quy định như sau:

Theo quy định trên, thủ tục thụ lý đơn yêu cầu ly hôn bao gồm các bước sau:

Bước 1: Nộp đơn trực tiếp hoặc gửi qua dịch vụ bưu chính. Tòa án tiếp nhận đơn và trường hợp Tòa án nhận đơn khởi kiện được gửi bằng phương thức gửi trực tuyến thì Tòa án in ra bản giấy và phải ghi vào sổ nhận đơn.

Gửi giấy xác nhận đã nhận đơn khởi kiện cho người khởi kiện.

Bước 2: Trong thời hạn 03 ngày làm việc, kể từ ngày nhận được đơn yêu cầu ly hôn, Chánh án Tòa án phân công một Thẩm phán xem xét đơn yêu cầu .

Bước 3: Thời hạn 05 ngày làm việc, kể từ ngày được phân công, Thẩm phán phải xem xét đơn yêu cầu ly hôn và có một trong các quyết định sau đây.

- Yêu cầu sửa đổi, bổ sung đơn yêu cầu ly hôn.

- Tiến hành thủ tục thụ lý vụ án theo thủ tục thông thường hoặc theo thủ tục rút gọn nếu vụ án có đủ điều kiện để giải quyết theo thủ tục rút gọn quy định.

- Chuyển đơn khởi kiện cho Tòa án có thẩm quyền và thông báo cho người khởi kiện nếu vụ án thuộc thẩm quyền giải quyết của Tòa án khác;

- Trả lại đơn khởi kiện cho người khởi kiện nếu vụ việc đó không thuộc thẩm quyền giải quyết của Tòa án.

Bước 4: Thông báo kết quả xử lý đơn cho người khởi kiện.",quy_dinh_chung_ly_hon,,[],{},[],[],[],[],[]
Anh ruột có quyền yêu cầu tòa án giải quyết ly hôn khi em gái bị bạo lực gia đình không?,"Dạ, tôi có đứa em gái lấy chồng được 01 năm, mấy tháng gần đây có chia sẻ với tôi là khi sống bên nhà chồng thường xuyên bị đánh đập. Bây giờ, tôi có quyền yêu cầu tòa án giải quyết ly hôn không?",quy_dinh_chung_ly_hon,,[],{},[],[],[],[],[]
Khi vợ chồng đã thuận tình ly hôn được ủy quyền cho luật sư thay mặt ra tòa không?,"Đầu tiên, tại Điều 55 Luật Hôn nhân và gia đình 2014 có quy định việc thuận tình ly hôn trong trường hợp vợ chồng cùng yêu cầu ly hôn, nếu xét thấy hai bên thật sự tự nguyện ly hôn và đã thỏa thuận về việc chia tài sản, việc trông nom, nuôi dưỡng, chăm sóc, giáo dục con trên cơ sở bảo đảm quyền lợi chính đáng của vợ và con thì Tòa án công nhận thuận tình ly hôn; nếu không thỏa thuận được hoặc có thỏa thuận nhưng không bảo đảm quyền lợi chính đáng của vợ và con thì Tòa án giải quyết việc ly hôn.

Ngoài ra, tại Điều 39 Bộ luật Dân sự 2015 quy định về quyền nhân thân trong hôn nhân và gia đình cụ thể như sau:

Dẫn chiếu đến khoản 4 Điều 85 Bộ luật Tố tụng dân sự 2015 cũng quy định về người đại diện như sau:

Như vậy, từ những căn cứ trên có thể hiểu việc ly hôn là một trong các quyền nhân thân nên không thể uỷ quyền cho người khác thay mặt mình để tham gia tố tụng.

Do đó, dù cho vợ chồng thuận tình ly hôn, thì quá trình giải quyết yêu cầu ly hôn giữa hai vợ chồng cũng phải cùng có mặt tại Tòa án để tham gia phiên hòa giải mà không được ủy quyền cho luật sư của mình.",quy_dinh_chung_ly_hon,,[],{},[],[],[],[],[]
Nộp đơn thuận tình ly hôn ở đâu?,"Căn cứ theo điểm b khoản 2; khoản 3; khoản 4 Điều 35 Bộ luật Tố tụng dân sự 2015 quy định như sau:

Căn cứ điểm h khoản 2 Điều 39 Bộ luật Tố tụng dân sự 2015 quy định thẩm quyền của Tòa án theo lãnh thổ:

Như vậy, trường hợp thuận tình ly hôn, vợ chồng nộp đơn ở Tòa án như sau:

- Nếu vợ hoặc chồng ở nước ngoài hoặc cần ủy thác tư pháp ra nước ngoài thì nộp đơn tại Tòa án nhân dân cấp tỉnh nơi vợ hoặc chồng cư trú, làm việc.

- Nếu vợ hoặc chồng đều ở Việt Nam, không cần ủy thác tư pháp ra nước ngoài thì nộp đơn tại Tòa án nhân dân cấp huyện nơi vợ hoặc chồng cư trú, làm việc.

- Nếu vợ hoặc chồng là công dân của các nước có chung biên giới với Việt Nam như Lào, Campuchia, Trung Quốc,... thì nộp đơn tại Tòa án nhân dân cấp huyện nới vợ hoặc chồng là người Việt Nam cư trú, làm việc.",quy_dinh_chung_ly_hon,Lý thuyết,[],{},[],[],[],[],[]
Khi vợ đang mang thai thì chồng có được quyền ly hôn?,"Tôi đang mang thai được 6 tháng, chồng ngoại tình và muốn ly hôn nhưng tôi không đồng ý. Anh dọa là nếu tôi không đồng ý thì sẽ nộp đơn xin ly hôn đơn phương. Tôi nghe nói nếu người vợ đang mang thai thì chồng không có quyền được ly hôn đúng không? Nhưng nếu trong trường hợp tôi muốn là người nộp đơn ly hôn thì có được giải quyết không? Xin LS tư vấn, cảm ơn!",quy_dinh_chung_ly_hon,,[],{},[],[],[],[],[]
Thuận tình ly hôn có cần phải đóng lệ phí hay không?,"Theo quy định tại Nghị quyết 326/2016/UBTVQH14 quy định về mức thu, miễn, giảm, thu, nộp, quản lý và sử dụng án phí, lệ phí tòa án.

Theo đó, thuận tình ly hôn được xem là việc giải quyết yêu cầu về dân sự, hôn nhân và gia đình, kinh doanh, thương mại, lao động.

Hiện nay, lệ phí sơ thẩm giải quyết yêu cầu về dân sự, hôn nhân và gia đình, kinh doanh, thương mại, lao động là 300.000 đồng. Lệ phí phúc thẩm giải quyết yêu cầu về dân sự, hôn nhân và gia đình, kinh doanh, thương mại, lao động là 300.000 đồng.

Chính vì vậy, khi giải quyết thuận tình ly hôn thì phải đóng lệ phí.

Trân trọng!",quy_dinh_chung_ly_hon,Lý thuyết,"[""NghiQuyet_326_2016_UBTVQH14""]","{""NghiQuyet_326_2016_UBTVQH14"": ""CON_HIEU_LUC""}",[],"[""NghiQuyet_326_2016_UBTVQH14""]",[],[],[]
Làm gì khi không nhận được quyết định công nhận thuận tình ly hôn của Tòa án?,"Cho tôi hỏi, ngày 13/09 tôi có ra Nha Trang, thư ký tòa làm bản đồng thuận ly hôn giữa 2 người, nhưng đến nay tôi vẫn chưa nhận được quyết định gốc. Vậy, tôi sẽ ra tận Nha Trang, để nhận quyết định gốc hay sao? Do tôi hỏi Thư ký tòa Nha Trang (người làm hồ sơ, thì bảo quyết định có rồi, nghe nói đã gửi đi). Nay đã 1 tháng từ ngày giải quyết xong, vậy chị cần làm gì để có quyết định gốc đó vậy? Họ bảo bản gốc có 1 bản, không cấp lại bản gốc, nhưng chị chưa nhận được thì đâu có phải do chị, đúng không? Chị nên làm công văn gì gửi tòa để được cấp bản gốc, để bổ túc hồ sơ?

Trả lời:

Căn cứ theo quy định tại khoản 1 Điều 212 Bộ luật Tố tụng dân sự 2015 về ra quyết định công nhận thuận tình ly hôn:

1. Hết thời hạn 07 ngày, kể từ ngày lập biên bản hòa giải thành mà không có đương sự nào thay đổi ý kiến về sự thỏa thuận đó thì Thẩm phán chủ trì phiên hòa giải hoặc một Thẩm phán được Chánh án Tòa án phân công phải ra quyết định công nhận sự thỏa thuận của các đương sự.

Trong thời hạn 05 ngày làm việc, kể từ ngày ra quyết định công nhận sự thỏa thuận của các đương sự, Tòa án phải gửi quyết định đó cho các đương sự và Viện kiểm sát cùng cấp.""

Đồng thời, tại khoản 2 Điều 370 Bộ luật Tố tụng dân sự 2015 cũng có nội dung quy định như sau:

Quyết định giải quyết việc dân sự phải được gửi cho Viện kiểm sát cùng cấp, người yêu cầu giải quyết việc dân sự, người có quyền lợi, nghĩa vụ liên quan đến việc giải quyết việc dân sự trong thời hạn 05 ngày làm việc, kể từ ngày ra quyết định.

Như vậy, trong thời hạn 5 ngày làm việc kể từ ngày ra quyết định công nhận sự thỏa thuận của các đương sự thì Tòa án phải gửi quyết định đó cho bạn.

Tuy nhiên, theo thông tin bạn cung cấp thì đã gần 1 tháng nhưng bạn chưa nhận được quyết định của Tòa án thì bạn cần liên hệ với Tòa án này để yêu cầu họ cung cấp quyết định công nhận thuận tình ly hôn cho bạn. Nếu trường hợp Tòa án cố tình gây khó dễ, không cung cấp quyết định cho bạn thì:

Việc đầu tiên bạn cần làm là xác minh thông tin xem Tòa án đã gửi quyết định công nhận thuận tình ly hôn cho bạn chưa. Trong trường hợp Tòa án trả lời chưa hoặc không gửi quyết định cho bạn thì bạn yêu cầu họ trả lời bằng văn bản (trong đó nêu rõ lý do không gửi quyết định cho bạn) để làm căn cứ khiếu nại vì việc Tòa án không gửi quyết định công nhận thuận tình ly hôn cho bạn là vi phạm thủ tục tố tụng và xâm phạm đến quyền lợi của bạn.

Bạn có quyền khiếu nại theo quy định tại khoản 1 Điều 499 Bộ luật Tố tụng dân sự 2015 như sau:

Cơ quan, tổ chức, cá nhân có quyền khiếu nại quyết định, hành vi trong tố tụng dân sự của cơ quan, người tiến hành tố tụng dân sự khi có căn cứ cho rằng quyết định, hành vi đó là trái pháp luật, xâm phạm quyền và lợi ích hợp pháp của mình.

Trân trọng!",quy_dinh_chung_ly_hon,Tình huống,[],{},[],[],[],[],[]
"Chồng tôi ham mê cờ bạc, rượu chè, không lo làm ăn. Ngày nào cũng 3,4 giờ sáng mới về gây khó dễ vợ con và làm ảnh hưởng tới hàng xóm. Tuy nhiên chồng tôi không hề đánh đập tôi. Xin hỏi, tôi có thể đơn phương ly hôn được không? Mong Ban biên tập tư vấn giúp tôi.","Tại Luật Hôn nhân và gia đình 2014 có quy định về quyền ly hôn như sau: ""Vợ, chồng hoặc cả hai người có quyền yêu cầu Tòa án giải quyết ly hôn"". Căn cứ vào quy định này thì vợ, chồng hoặc cả vợ và chồng đều có quyền yêu cầu Tòa án giải quyết ly hôn.

Tại Điều 56 Luật hôn nhân và gia đình năm 2014 quy định về ly hôn theo yêu cầu của một bên như sau:

1. Khi vợ hoặc chồng yêu cầu ly hôn mà hòa giải tại Tòa án không thành thì Tòa án giải quyết cho ly hôn nếu có căn cứ về việc vợ, chồng có hành vi bạo lực gia đình hoặc vi phạm nghiêm trọng quyền, nghĩa vụ của vợ, chồng làm cho hôn nhân lâm vào tình trạng trầm trọng, đời sống chung không thể kéo dài, mục đích của hôn nhân không đạt được.

2. Trong trường hợp vợ hoặc chồng của người bị Tòa án tuyên bố mất tích yêu cầu ly hôn thì Tòa án giải quyết cho ly hôn.

3. Trong trường hợp có yêu cầu ly hôn theo quy định tại khoản 2 Điều 51 của Luật này thì Tòa án giải quyết cho ly hôn nếu có căn cứ về việc chồng, vợ có hành vi bạo lực gia đình làm ảnh hưởng nghiêm trọng đến tính mạng, sức khỏe, tinh thần của người kia"".

Trường hợp của bạn, bạn có quyền tự mình đưa đơn ly hôn đơn phương. Khi vợ hoặc chồng yêu cầu ly hôn mà hòa giải tại Tòa án không thành thì Tòa án sẽ giải quyết cho ly hôn nếu như có căn cứ việc chồng bạn có hành vi bạo lực gia đình hoặc vi phạm nghiêm trọng quyền, nghĩa vụ của vợ, chồng làm cho hôn nhân lâm vào tình trạng trầm trọng, đời sống chung không thể kéo dài, mục đích của hôn nhân không đạt được. Theo đó, định nghĩa về các hành vi đó như sau:

- Hành vi bạo lực gia đình ở đây, là người chồng hoặc người vợ dùng vũ lực với nhau.

- Xâm phạm quyền và nghĩa vụ của vợ chồng làm cho đời sống hôn nhân lâm vào tình trạng trầm trọng như: không thương yêu, chung thủy, tôn trọng, quan tâm, chăm sóc, giúp đỡ nhau; cùng nhau chia sẻ, thực hiện các công việc trong gia đình dẫn đến cuộc hôn nhân của hai bạn không được hạnh phúc.

Theo đó Điều 19 Luật hôn nhân và gia đình 2014 quy định về tình nghĩa vợ chồng được xem như là nghĩa vụ của mỗi bên. Do đó nếu chồng bạn không có trách nhiệm chăm lo cho bạn và cho cuộc sống gia đình thì chồng bạn có thể đã vi phạm nghĩa vụ. Tòa án sẽ xem xét việc vi phạm nghĩa vụ này nhằm làm căn cứ chấp thuận việc đơn phương ly hôn của bạn.

Trên đây là nội dung tư vấn.",quy_dinh_chung_ly_hon,Tình huống,"[""Luat_HNGD_2014""]","{""Luat_HNGD_2014_Dieu_56"": ""CON_HIEU_LUC"", ""Luat_HNGD_2014_Dieu_19"": ""CON_HIEU_LUC""}","[""Luat_HNGD_2014_Dieu_56"", ""Luat_HNGD_2014_Dieu_19""]",[],[],[],[]
Khi vợ chồng thuận tình ly hôn thì thủ tục hòa giải có bắt buộc không?,"Đầu tiên, tại Điều 52 Luật Hôn nhân và gia đình 2014 quy định về việc khuyến khích hòa giải ở cơ sở như sau:

Căn cứ theo Điều 397 Bộ luật Tố tụng dân sự 2015 quy định về việc hòa giải và công nhận thuận tình ly hôn, thỏa thuận nuôi con, chia tài sản khi ly hôn

Như vậy, có thể hiểu rằng đối với việc thuận tình ly hôn hiện nay pháp luật không bắt buộc phải hòa giải cơ sở mà chỉ khuyến khích việc hòa giải ở cơ sở khi vợ, chồng có yêu cầu ly hôn.

Tuy nhiên, sau khi nộp đơn xin ly hôn thì Tòa án bắt buộc phải tiến hành hòa giải theo quy định tại Điều 54 Luật Hôn nhân và gia đình 2014 .

Do đó, mặc dù vợ chồng thuận tình ly hôn là tự nguyên, nhưng thủ tục hòa giải tại tòa án là bắt buộc. Cho nên khi vợ chồng thuận tình ly hôn thì vẫn phải tiến hành thủ tục hòa giải tại tòa án.

Khi vợ chồng đã thuận tình ly hôn được ủy quyền cho luật sư thay mặt ra tòa không? (Hình từ Internet)",quy_dinh_chung_ly_hon,,[],{},[],[],[],[],[]
Vợ chồng thống nhất thuận tình ly hôn thì không cần thông qua thủ tục hòa giải?,"Tại Khoản 2 Điều 397 Bộ luật Tố tụng dân sự năm 2015 quy định về vấn đề hòa giải và công nhận thuận tình ly hôn, thỏa thuận nuôi con, chia tài sản khi ly hôn như sau:

- Thẩm phán phải tiến hành hòa giải để vợ chồng đoàn tụ; giải thích về quyền và nghĩa vụ giữa vợ và chồng, giữa cha, mẹ và con, giữa các thành viên khác trong gia đình, về trách nhiệm cấp dưỡng và các vấn đề khác liên quan đến hôn nhân và gia đình.

Như vậy, theo quy định này thì hòa giải là một thủ tục bắt buộc phải tiến hành trong giải quyết thuận tình ly hôn.",quy_dinh_chung_ly_hon,,[],{},[],[],[],[],[]
Thuận tình ly hôn nhưng không tham gia phiên họp Thẩm phán có giải quyết nữa không?,"Thuận tình ly hôn được xác định là việc dân sự theo quy định tại Điều 361 Bộ luật tố tụng dân sự 2015. Việc giải quyết yêu cầu thuận tình ly hôn được tiến hành bằng phiên họp giải quyết việc dân sự.

Theo đó, căn cứ quy định tại Khoản 2 Điều 367 Bộ luật tố tụng dân sự 2015 thì:

- Người yêu cầu hoặc người đại diện hợp pháp, người bảo vệ quyền và lợi ích hợp pháp của họ phải tham gia phiên họp theo giấy triệu tập của Tòa án.

- Người yêu cầu vắng mặt lần thứ nhất thì Tòa án hoãn phiên họp, trừ trường hợp người yêu cầu đề nghị Tòa án giải quyết việc dân sự vắng mặt họ.

Theo quy định này, người yêu cầu giải quyết việc thuận tình ly hôn phải có mặt tại phiên họp giải quyết việc dân sự hoặc có thể ủy quyền cho người đại diện mình tham gia. Trường hợp muốn yêu cầu Tòa án giải quyết việc dân sự vắng mặt thì chị cũng có thể làm đơn yêu cầu giải quyết việc thuận tình ly hôn vắng mặt chị.

Trường hợp chị không có đơn yêu cầu giải quyết vắng mặt, không có mặt tại phiên họp và cũng không ủy quyền cho người đại diện hợp pháp tham gia phiên họp lần thứ nhất thì phiên họp sẽ bị hoãn giải quyết.

Cũng theo quy định tại Điều này, trường hợp người yêu cầu đã được triệu tập hợp lệ lần thứ hai mà vẫn vắng mặt thì bị coi là từ bỏ yêu cầu và Tòa án ra quyết định đình chỉ giải quyết việc dân sự.

Như vậy, nếu lần thứ hai được Tòa triệu tập tham gia phiên họp mà vẫn vắng mặt thì việc ly hôn của chị sẽ bị đình chỉ giải quyết. Muốn được giải quyết phải nộp hồ sơ yêu cầu Tòa án thụ lý việc dân sự lại từ đầu theo thủ tục giải quyết việc dân sự.",quy_dinh_chung_ly_hon,Tình huống,[],{},[],[],[],[],[]
Thời điểm chấm dứt hôn nhân là thời điểm nào?,"Tại Điều 57 Luật Hôn nhân và gia đình 2014 có quy định về thời điểm chấm dứt hôn nhân và trách nhiệm gửi bản án, quyết định ly hôn như sau:

Tại Điều 65 Luật Hôn nhân và gia đình 2014 có quy định về thời điểm chấm dứt hôn nhân như sau:

Như vậy, thời điểm chấm dứt hôn nhân là thời điểm bản án, quyết định ly hôn của Tòa án có hiệu lực pháp luật.

Đối với trường hợp vợ hoặc chồng chết thì thời điểm chấm dứt hôn nhân là thời điểm vợ hoặc chồng chết.

Trường hợp Tòa án tuyên bố vợ hoặc chồng là đã chết thì thời điểm hôn nhân chấm dứt được xác định theo ngày chết được ghi trong bản án, quyết định của Tòa án.

Vợ chồng có bắt buộc phải sống chung với nhau không? Thời điểm chấm dứt hôn nhân là thời điểm nào? (Hình từ Internet)",quy_dinh_chung_ly_hon,Lý thuyết,"[""Luat_HNGD_2014""]","{""Luat_HNGD_2014_Dieu_57"": ""CON_HIEU_LUC"", ""Luat_HNGD_2014_Dieu_65"": ""CON_HIEU_LUC""}","[""Luat_HNGD_2014_Dieu_57"", ""Luat_HNGD_2014_Dieu_65""]",[],[],[],[]
Mẫu đơn xin đơn phương ly hôn và hướng dẫn cách viết?,"Sau đây là mẫu đơn xin đơn phương ly hôn chuẩn pháp lý mới nhất hiện nay:

Tải về miễn phí đơn xin ly hôn đơn phương chuẩn pháp lý tại đây tải về

Hướng dẫn cách viết đơn xin ly hôn đơn phương theo Nghị quyết 01/2017/NQ-HĐTP:

Mục (1) Ghi địa điểm làm đơn khởi kiện

Mục (2) Ghi tên và địa chỉ của Tòa án có thẩm quyền giải quyết việc dân sự:

- Nếu là Toà án nhân dân cấp huyện thì cần ghi rõ Toà án nhân dân huyện nào thuộc tỉnh, thành phố trực thuộc trung ương nào

- Nếu là Tòa án nhân dân cấp tỉnh thì ghi rõ Tòa án nhân dân tỉnh (thành phố) nào

Mục (3) Ghi họ tên người khởi kiện. Đối với trường hợp người khởi kiện là người mất năng lực hành vi dân sự, người hạn chế năng lực hành vi dân sự, người có khó khăn trong nhận thức làm chủ hành vi thì ghi họ tên, địa chỉ của người đại diện hợp pháp của cá nhân đó.

Mục (4) Ghi đầy đủ nơi cư trú tại thời điểm nộp đơn khởi kiện

Mục (5), (7), (9) và (12) Ghi tương tự như hướng dẫn tại mục (3).

Mục (6), (8), (10) và (13) Ghi tương tự như hướng dẫn tại mục (4).

Mục (11) Nêu cụ thể từng vấn đề yêu cầu Tòa án giải quyết.

Mục (14) Ghi rõ tên các tài liệu kèm theo đơn khởi kiện gồm có những tài liệu nào và phải đánh số thứ tự

Mục (15) Ghi những thông tin mà người khởi kiện xét thấy cần thiết cho việc giải quyết vụ án (ví dụ: Người khởi kiện thông báo cho Toà án biết khi xảy ra tranh chấp một trong các đương sự đã đi nước ngoài chữa bệnh…).

Mục (16) Người khởi kiện phải ký tên và điểm chỉ vào đơn khởi kiện.

Trường hợp người khởi kiện là người mất năng lực hành vi dân sự, người hạn chế năng lực hành vi dân sự, người có khó khăn trong nhận thức làm chủ hành vi thì người đại diện hợp pháp đó phải ký tên điểm chỉ;

Trường hợp người khởi kiện, người đại diện hợp pháp không biết chữ, không nhìn được, không tự mình làm đơn khởi kiện, không tự mình ký tên hoặc điểm chỉ thì người có năng lực hành vi tố tụng dân sự đầy đủ làm chứng, ký xác nhận vào đơn khởi kiện theo quy định tại điểm c khoản 2 Điều 189 Bộ luật Tố tụng dân sự 2015.

Trân trọng!",quy_dinh_chung_ly_hon,Lý thuyết,[],{},"[""""]","[""NghiQuyet_01_2024_NQ_HDTP""]",[],[],[]
Ai phải chịu tiền án phí khi đơn phương ly hôn?,"Tại khoản 4 Điều 147 Bộ luật tố tụng dân sự 2015 quy định về nghĩa vụ chịu án phí sơ thẩm như sau:

Theo quy định này thì nguyên đơn sẽ là người chịu án phí sơ thẩm khi ly hôn đơn phương. Việc chịu án phí không phụ thuộc vào việc Tòa án chấp nhận hay không chấp nhận yêu cầu của nguyên đơn.

Đối với trường hợp của bạn, chồng bạn là nguyên đơn trong vụ án ly hôn, do đó chồng bạn là người chịu án phí sơ thẩm.

Ai phải chịu tiền án phí khi đơn phương ly hôn? (Hình từ Internet)",quy_dinh_chung_ly_hon,,[],{},[],[],[],[],[]
Vợ chồng tôi có nhiều vấn đề mâu thuẫn trong cuộc sống hôn nhân nên tôi muốn ly hôn thì phải làm sao? Nếu muốn ly hôn mà chồng không chịu thì có thể đơn phương ly hôn không?,"Ly hôn là việc chấm dứt quan hệ vợ chồng theo bản án hoặc quyết định có hiệu lực pháp luật. Theo Điều 55 Luật Hôn nhân và Gia đình 2014, trong trường hợp vợ chồng cùng yêu cầu ly hôn, nếu xét thấy hai bên thật sự tự nguyện ly hôn và đã thỏa thuận về việc chia tài sản, việc trông nom, nuôi dưỡng, chăm sóc, giáo dục con trên cơ sở bảo đảm quyền lợi chính đáng của vợ và con thì Tòa án công nhận thuận tình ly hôn.

Do đó, nếu cả hai vợ chồng đều muốn ly hôn và thỏa thuận được các vấn đề như con chung, tài sản thì nộp đơn lên TAND nơi mình đang cư trú để giải quyết ly hôn.

Trường hợp chỉ một bên vợ hoặc chồng muốn ly hôn mà bên còn lại không chịu thì TAND chỉ cho ly hôn khi có một trong các căn cứ sau đây:

- Vợ hoặc chồng có hành vi bạo lực gia đình.

- Vi phạm nghiêm trọng quyền, nghĩa vụ của vợ, chồng làm cho hôn nhân lâm vào tình trạng trầm trọng, đời sống chung không thể kéo dài, mục đích của hôn nhân không đạt được.

Khi tòa tuyên bố một trong hai người đã mất tích.

Vì vậy nếu chứng minh được chồng mình vi phạm nghiêm trọng quyền, nghĩa vụ, làm cho hôn nhân lâm vào tình trạng trầm trọng, đời sống chung không thể kéo dài, mục đích hôn nhân không đạt được thì chị có thể làm đơn đơn phương ly hôn gửi tòa án để chấm dứt quan hệ hôn nhân.

Theo như hướng dẫn tại Mục 8 Nghị quyết 02/2000/NQ-HĐTP tình trạng trầm trọng của vợ chồng được hiểu là:

- Vợ, chồng không thương yêu, quý trọng, chăm sóc, giúp đỡ nhau như người nào chỉ biết bổn phận người đó, bỏ mặc người vợ hoặc người chồng muốn sống ra sao thì sống, đã được bà con thân thích của họ hoặc cơ quan, tổ chức nhắc nhở, hòa giải nhiều lần.

- Vợ hoặc chồng luôn có hành vi ngược đãi, hành hạ nhau, như thường xuyên đánh đập hoặc có hành vi khác xúc phạm đến danh dự, nhân phẩm và uy tín của nhau, đã được bà con thân thích của họ hoặc cơ quan, tổ chức, đoàn thể nhắc nhở, hòa giải nhiều lần.

- Vợ chồng không chung thủy với nhau như có quan hệ ngoại tình, đã được người vợ hoặc người chồng hoặc bà con thân thích của họ hoặc cơ quan, tổ chức nhắc nhở, khuyên bảo nhưng vẫn tiếp tục có quan hệ ngoại tình.

Trên đây là nội dung tư vấn của chúng tôi về vấn đề mà bạn thắc mắc.

Trân trọng!",quy_dinh_chung_ly_hon,Tình huống,"[""Luat_HNGD_2014"", ""NghiQuyet_02_2000_NQ_HDTP""]","{""Luat_HNGD_2014_Dieu_55"": ""CON_HIEU_LUC"", ""NghiQuyet_02_2000_NQ_HDTP"": ""CON_HIEU_LUC""}","[""Luat_HNGD_2014_Dieu_55""]","[""NghiQuyet_02_2000_NQ_HDTP""]",[],[],[]
Những ai có quyền yêu cầu Tòa án giải quyết ly hôn đơn phương khi người vợ bị chồng bạo hành?,"Theo khoản 1 Điều 3 Luật Phòng, chống bạo lực gia đình 2022 quy định về hành vi bạo lực gia đình như sau:

Theo đó, việc người vợ bị chồng bạo hành chính là hành vi bạo lực gia đình và là hành vi vi phạm pháp luật về phòng chống bạo lực gia đình

Căn cứ theo Điều 51 Luật Hôn nhân và gia đình 2014 quy định quyền yêu cầu giải quyết ly hôn như sau:

Theo đó, đối với trường hợp người vợ bị chồng bạo hành thì những chủ thể sau sẽ được yêu cầu Tòa án giải quyết ly hôn:

[1] Người vợ bị chồng bạo hành

[2] Cha, mẹ, người thân thích khác nếu người vợ đó bị bệnh tâm thần hoặc mắc bệnh khác mà không thể nhận thức, làm chủ được hành vi của mình

Hướng dẫn làm thủ tục đơn phương ly hôn khi bị chồng bạo hành? (Hình từ Internet)",quy_dinh_chung_ly_hon,Lý thuyết,"[""Luat_PhongChongBaoLucGiaDinh_2022"", ""Luat_HNGD_2014""]","{""Luat_PhongChongBaoLucGiaDinh_2022_Dieu_3_Khoan_1"": ""CON_HIEU_LUC"", ""Luat_HNGD_2014_Dieu_51"": ""CON_HIEU_LUC""}","[""Luat_PhongChongBaoLucGiaDinh_2022_Dieu_3_Khoan_1"", ""Luat_HNGD_2014_Dieu_51""]",[],[],[],[]
Có thể lấy lý do người ngoại tình để đơn phương ly hôn không?,"Căn cứ tại Điều 19 Luật Hôn nhân và gia đình 2014 quy định về tình nghĩa vợ chồng cụ thể như sau:

Dẫn chiếu Điều 56 Luật Hôn nhân và gia đình 2014 quy định về việc ly hôn theo yêu cầu của một bên cụ thể như sau:

Như vậy, có thể lấy lý do người ngoại tình để đơn phương ly hôn vì người ngoại tình đã vi phạm về nghĩa vụ chung thủy dẫn đến đời sống hôn nhân của vợ chồng không thể kéo dài và mục đích cuối cùng của hôn nhân không đạt được.",quy_dinh_chung_ly_hon,Lý thuyết,"[""Luat_HNGD_2014""]","{""Luat_HNGD_2014_Dieu_19"": ""CON_HIEU_LUC"", ""Luat_HNGD_2014_Dieu_56"": ""CON_HIEU_LUC""}","[""Luat_HNGD_2014_Dieu_19"", ""Luat_HNGD_2014_Dieu_56""]",[],[],[],[]
Chào Luật sư. Em muốn ly hôn thuận tình với chồng em và nhập hộ khẩu về nhà ngoại thì có làm được không? Mong sớm nhận được phản hồi!,"Đối với vấn đề thuận tình ly hôn:

Điều 55 Luật Hôn nhân Gia đình 2014 quy định: Trong trường hợp vợ chồng cùng yêu cầu ly hôn, nếu xét thấy hai bên thật sự tự nguyện ly hôn và đã thỏa thuận về việc chia tài sản, việc trông nom, nuôi dưỡng, chăm sóc, giáo dục con trên cơ sở bảo đảm quyền lợi chính đáng của vợ và con thì Tòa án công nhận thuận tình ly hôn; nếu không thỏa thuận được hoặc có thỏa thuận nhưng không bảo đảm quyền lợi chính đáng của vợ và con thì Tòa án giải quyết việc ly hôn.

Theo Khoản 2 Điều 29 Bộ luật Tố tụng dân sự 2015 thì yêu cầu công nhận thuận tình ly hôn, thỏa thuận nuôi con, chia tài sản khi ly hôn được xác định là việc dân sự và thuộc thẩm quyền giải quyết của Tòa án.

Thủ tục giải quyết thuận tình ly hôn thực hiện theo Chương XXIII Bộ luật Tố tụng dân sự 2015.

Bước 1: Nộp hồ sơ yêu cầu công nhận thuận tình ly hôn tại Tòa án cấp huyện nơi cư trú, làm việc của vợ hoặc chồng.

Bước 2: Nộp lệ phí và thụ lý vụ án.

Bước 3: Tòa án chuẩn bị xét đơn yêu cầu và mở phiên họp công khai để giải quyết việc yêu cầu công nhận thuận tình ly hôn.

Bước 4: Toà án ra quyết định công nhận thuận tình ly hôn.

Đối với vấn đề chuyển hộ khẩu về nhà ngoại sau ly hôn:

Khi bạn muốn thực hiện thủ tục nhập hộ khẩu nhà ngoại thì cần thực hiện theo quy định tại Luật Cư trú 2006 và phải được sự đồng ý của chủ hộ nơi chuyển đến.

Điều 21 Luật Cư trú 2006 quy định thủ tục đăng ký thường trú như sau:

1. Người đăng ký thường trú nộp hồ sơ đăng ký thường trú tại cơ quan công an sau đây:

a) Đối với thành phố trực thuộc trung ương thì nộp hồ sơ tại Công an huyện, quận, thị xã;

b) Đối với tỉnh thì nộp hồ sơ tại Công an xã, thị trấn thuộc huyện, Công an thị xã, thành phố thuộc tỉnh.

2. Hồ sơ đăng ký thường trú bao gồm:

a) Phiếu báo thay đổi hộ khẩu, nhân khẩu; bản khai nhân khẩu;

b) Giấy chuyển hộ khẩu theo quy định tại Điều 28 của Luật này;

c) Giấy tờ và tài liệu chứng minh chỗ ở hợp pháp. Đối với trường hợp chuyển đến thành phố trực thuộc trung ương phải có thêm tài liệu chứng minh thuộc một trong các trường hợp quy định tại Điều 20 của Luật này.

3. Trong thời hạn mười lăm ngày, kể từ ngày nhận đủ hồ sơ, cơ quan có thẩm quyền quy định tại khoản 1 Điều này phải cấp sổ hộ khẩu cho người đã nộp hồ sơ đăng ký thường trú; trường hợp không cấp phải trả lời bằng văn bản và nêu rõ lý do.

Trên đây là nội dung tư vấn về việc thuận tình ly hôn và nhập hộ khẩu về nhà ngoại sau khi ly hôn.

Trân trọng!",quy_dinh_chung_ly_hon,Tình huống,[],{},[],[],[],[],[]
Theo quy định pháp luật điều chỉnh về hôn nhân thì nếu người chồng không may bị chết thì quan hệ hôn nhân giữa vợ và chồng có chấm dứt hay không?,"Căn cứ Điều 65 Luật Hôn nhân và gia đình 2014 quy định như sau:

Hôn nhân chấm dứt kể từ thời điểm vợ hoặc chồng chết.

Trong trường hợp Tòa án tuyên bố vợ hoặc chồng là đã chết thì thời điểm hôn nhân chấm dứt được xác định theo ngày chết được ghi trong bản án, quyết định của Tòa án.

Như vậy, đối chiếu với quy định trên có thể thấy khi chồng chết thì quan hệ hôn nhân giữa hai người cũng chấm dứt.

Trân trọng!",quy_dinh_chung_ly_hon,Lý thuyết,[],{},[],[],[],[],[]
"Chào Ban biên tập, vì cuộc sống vợ chồng không hạnh phúc, hai vợ chồng em thống nhất ly hôn. Hiện chúng em đã nộp đơn yêu cầu công nhận thuận tình ly hôn ra Tòa án. Cho em hỏi, nếu đã thuận tình ly hôn thì có bắt buộc phải tiến hành hòa giải không? Rất mong được giải đáp. Xin cảm ơn!","Tại Khoản 2 Điều 397 Bộ luật Tố tụng dân sự năm 2015 quy định về vấn đề hòa giải và công nhận thuận tình ly hôn, thỏa thuận nuôi con, chia tài sản khi ly hôn như sau:

- Thẩm phán phải tiến hành hòa giải để vợ chồng đoàn tụ; giải thích về quyền và nghĩa vụ giữa vợ và chồng, giữa cha, mẹ và con, giữa các thành viên khác trong gia đình, về trách nhiệm cấp dưỡng và các vấn đề khác liên quan đến hôn nhân và gia đình.

Như vậy, theo quy định này thì hòa giải là một thủ tục bắt buộc phải tiến hành trong giải quyết thuận tình ly hôn.

Trân trọng !",quy_dinh_chung_ly_hon,,[],{},[],[],[],[],[]
Có bắt buộc phải hòa giải khi thuận tình ly hôn không?,"Chào Ban biên tập, vì cuộc sống vợ chồng không hạnh phúc, hai vợ chồng em thống nhất ly hôn. Hiện chúng em đã nộp đơn yêu cầu công nhận thuận tình ly hôn ra Tòa án. Cho em hỏi, nếu đã thuận tình ly hôn thì có bắt buộc phải tiến hành hòa giải không? Rất mong được giải đáp. Xin cảm ơn!

Trả lời:

Tại khoản 2 Điều 397 Bộ luật Tố tụng dân sự 2015 quy định về vấn đề hòa giải và công nhận thuận tình ly hôn, thỏa thuận nuôi con, chia tài sản khi ly hôn như sau:

- Thẩm phán phải tiến hành hòa giải để vợ chồng đoàn tụ; giải thích về quyền và nghĩa vụ giữa vợ và chồng, giữa cha, mẹ và con, giữa các thành viên khác trong gia đình, về trách nhiệm cấp dưỡng và các vấn đề khác liên quan đến hôn nhân và gia đình.

Như vậy, theo quy định này thì hòa giải là một thủ tục bắt buộc phải tiến hành trong giải quyết thuận tình ly hôn.

Trong thuận tình ly hôn có bắt buộc phải hòa giải không? (Hình từ Internet)",quy_dinh_chung_ly_hon,,[],{},[],[],[],[],[]
"Chào Ban biên tập, tôi là Nguyễn Thu Anh, tìm hiểu quy định về việc chịu án phí trong tố tụng dân sự. Tôi có thắc mắc sau mong nhận được phản hồi. Tôi được biết thì trong vụ án ly hôn nếu bên nào có yêu cầu ly hôn thì bên đó phải chịu án phí ly hôn. Vậy trong trường hợp vợ chồng thuận tình ly hôn thì mức án phí phải chịu là bao nhiêu?","Theo quy định tại Khoản 5 Điều 27 Nghị quyết 326/2016/UBTVQH14 quy định về mức thu, miễn, giảm, thu, nộp, quản lý và sử dụng án phí và lệ phí Tòa án do Ủy ban Thường vụ Quốc hội ban hành, có quy định về vấn đề bạn hỏi như sau:

Nguyên đơn phải chịu án phí dân sự sơ thẩm trong vụ án ly hôn không phụ thuộc vào việc Tòa án chấp nhận hay không chấp nhận yêu cầu của nguyên đơn. Trường hợp thuận tình ly hôn thì mỗi bên đương sự phải chịu 50% mức án phí;

Và tại Nghị quyết cũng quy định:

Căn cứ vào Danh mục án phí, lệ phí tòa án ban hành kèm theo Nghị quyết 326/2016/UBTVQH14 thì án phí dân sự sơ thẩm đối với tranh chấp dân sự không có giá ngạch là 300 000 đồng. Đối với tranh chấp dân sự có giá ngạch thì tùy thuộc vào giá trị tài sản có tranh chấp mà Tòa án sẽ xác định mức án phí phù hợp theo quy định tại Danh mục này.

Như vậy, theo quy định trên thì trong vụ án thuận tình ly hôn thì mức án phí mà hai bên là phải chịu là 50 % (150.000 đồng).

Ban biên tập phản hồi thông tin đến bạn.",quy_dinh_chung_ly_hon,Lý thuyết,"[""NghiQuyet_326_2016_UBTVQH14""]","{""NghiQuyet_326_2016_UBTVQH14_Dieu_27_Khoan_5"": ""CON_HIEU_LUC""}",[],"[""NghiQuyet_326_2016_UBTVQH14_Dieu_27_Khoan_5""]",[],[],[]
Không liên lạc được vợ hoặc chồng thì có thể đơn phương ly hôn hay không?,"Căn cứ Điều 56 Luật Hôn nhân và gia đình 2014 như sau:

Theo đó, trường hợp vợ hoặc chồng của người bị Tòa án tuyên bố mất tích yêu cầu ly hôn thì Tòa án giải quyết cho ly hôn.

Như vậy, trong trường hợp không liên lạc được vợ hoặc chồng thì người còn lại có thể yêu cầu Tòa án tuyên bố mất tích và sau đó yêu cầu thực hiện đơn phương ly hôn.

Lưu ý: Theo Điều 68 Bộ luật Dân sự 2015 quy định điều kiện để yêu cầu tuyên bố mất tích như sau:

- Biệt tích 02 năm liền trở lên;

- Đã áp dụng đầy đủ các biện pháp thông báo, tìm kiếm theo quy định của pháp luật về tố tụng dân sự nhưng vẫn không có tin tức xác thực về việc người đó còn sống hay đã chết.

- Có gửi đơn yêu cầu tuyên bố người mất tích đến Toà án.

Không liên lạc được vợ hoặc chồng thì có thể đơn phương ly hôn hay không? (Hình từ Internet)",quy_dinh_chung_ly_hon,Lý thuyết,"[""Luat_HNGD_2014"", ""BoLuat_DanSu_2015""]","{""Luat_HNGD_2014_Dieu_56"": ""CON_HIEU_LUC"", ""BoLuat_DanSu_2015_Dieu_68"": ""CON_HIEU_LUC""}","[""Luat_HNGD_2014_Dieu_56"", ""BoLuat_DanSu_2015_Dieu_68""]",[],[],[],[]
Điều kiện để Tòa án công nhận thuận tình ly hôn là gì?,"Tại Điều 55 Luật Hôn nhân và gia đình 2014 có quy định thuận tình ly hôn như sau:

Như vậy, điều kiện để tòa án công nhận thuận tình ly hôn là:

- Vợ chồng cùng yêu cầu ly hôn và thật sự tự nguyện ly hôn;

- Đã thỏa thuận về việc chia tài sản, việc trông nom, nuôi dưỡng, chăm sóc, giáo dục con trên cơ sở bảo đảm quyền lợi chính đáng của vợ và con.

Trân trọng!",quy_dinh_chung_ly_hon,Lý thuyết,"[""Luat_HNGD_2014""]","{""Luat_HNGD_2014_Dieu_55"": ""CON_HIEU_LUC""}","[""Luat_HNGD_2014_Dieu_55""]",[],[],[],[]
Có được ly hôn với với người bị tuyên bố mất tích không?,"Khoản 14 Điều 3 Luật Hôn nhân và gia đình 2014 quy định ly hôn là việc chấm dứt quan hệ vợ chồng theo bản án, quyết định có hiệu lực pháp luật của Tòa án.

Điều 56 Luật Hôn nhân gia đình 2014 quy định như sau:

Theo đó, trường hợp vợ hoặc chồng của người bị Tòa tuyên bố mất tích yêu cầu ly hôn thì Tòa án giải quyết cho ly hôn .",quy_dinh_chung_ly_hon,Lý thuyết,"[""Luat_HNGD_2014""]","{""Luat_HNGD_2014_Dieu_3_Khoan_14"": ""CON_HIEU_LUC"", ""Luat_HNGD_2014_Dieu_56"": ""CON_HIEU_LUC""}","[""Luat_HNGD_2014_Dieu_3_Khoan_14"", ""Luat_HNGD_2014_Dieu_56""]",[],[],[],[]
Bao lâu thì vợ chồng nhận được quyết định công nhận thuận tình ly hôn của Tòa án?,"Căn cứ theo quy định tại Khoản 1 Điều 212 Bộ luật tố tụng dân sự 2015 về ra quyết định công nhận thuận tình ly hôn:

Điều 212. Ra quyết định công nhận sự thỏa thuận của các đương sự

1. Hết thời hạn 07 ngày, kể từ ngày lập biên bản hòa giải thành mà không có đương sự nào thay đổi ý kiến về sự thỏa thuận đó thì Thẩm phán chủ trì phiên hòa giải hoặc một Thẩm phán được Chánh án Tòa án phân công phải ra quyết định công nhận sự thỏa thuận của các đương sự.

Trong thời hạn 05 ngày làm việc, kể từ ngày ra quyết định công nhận sự thỏa thuận của các đương sự, Tòa án phải gửi quyết định đó cho các đương sự và Viện kiểm sát cùng cấp.""

Đồng thời, tại Khoản 2 Điều 370 Bộ Luật tố tụng dân sự 2015 cũng có nội dung quy định như sau:

Quyết định giải quyết việc dân sự phải được gửi cho Viện kiểm sát cùng cấp, người yêu cầu giải quyết việc dân sự, người có quyền lợi, nghĩa vụ liên quan đến việc giải quyết việc dân sự trong thời hạn 05 ngày làm việc, kể từ ngày ra quyết định”

Như vậy, trong thời hạn 5 ngày làm việc kể từ ngày ra quyết định công nhận sự thỏa thuận của các đương sự thì Tòa án phải gửi quyết định trên.

Trân trọng!",quy_dinh_chung_ly_hon,,[],{},[],[],[],[],[]
Ai có quyền yêu cầu giải quyết ly hôn?,"Theo Điều 51 Luật Hôn nhân và gia đình 2014 quy định quyền yêu cầu giải quyết ly hôn:

Theo quy định trên, những người sau có thẩm quyền yêu cầu giải quyết ly hôn:

- Vợ, chồng hoặc cả hai người.

- Cha, mẹ, người thân thích khác khi vợ/chồng bị bệnh tâm thần hoặc thể nhận thức, làm chủ được hành vi của mình và là nạn nhân của bạo lực gia đình.",quy_dinh_chung_ly_hon,Lý thuyết,"[""Luat_HNGD_2014""]","{""Luat_HNGD_2014_Dieu_51"": ""CON_HIEU_LUC""}","[""Luat_HNGD_2014_Dieu_51""]",[],[],[],[]
"Em hiện đang là sinh viên khoa luật trường đại học Huế. Học kỳ này em đang học môn Luật hôn nhân và gia đình, em có tìm hiểu nhiều tài liệu nhưng còn một vài thắc mắc em chưa nắm rõ mong anh chị có thể giải đáp giúp em. Cụ thể là khi hai vợ chồng thuận tình ly hôn thì có bắt buộc phải thực hiện thủ tục hòa giải không? Em cảm ơn","Theo quy định tại Điều 52 Luật hôn nhân gia đình 2014 thì: Nhà nước và xã hội khuyến khích việc hòa giải ở cơ sở khi vợ, chồng có yêu cầu ly hôn. Việc hòa giải được thực hiện theo quy định của pháp luật về hòa giải ở cơ sở.

Như vậy, việc hòa giải ở cơ sở là không bắt buộc nhưng được nhà nước khuyến khích, việc áp dụng thủ tục này hay không sẽ do sự thỏa thuận giữa hai bên vợ chồng.

Tuy nhiên, khi giải quyết thủ tục ly hôn, hòa giải là thủ tục bắt buộc tại tòa án. Điều này được quy định tại Điều 54 Luật hôn nhân gia đình: Sau khi đã thụ lý đơn yêu cầu ly hôn, Tòa án tiến hành hòa giải theo quy định của pháp luật về tố tụng dân sự.

Thủ tục hòa giải ly hôn được thực hiện như sau:

Trong thời hạn chuẩn bị xét đơn yêu cầu, trước khi tiến hành hòa giải để vợ chồng đoàn tụ, khi xét thấy cần thiết, Thẩm phán có thể tham khảo ý kiến của cơ quan quản lý nhà nước về gia đình, cơ quan quản lý nhà nước về trẻ em về hoàn cảnh gia đình, nguyên nhân phát sinh mâu thuẫn và nguyện vọng của vợ, chồng, con có liên quan đến vụ án.

Thẩm phán phải tiến hành hòa giải để vợ chồng đoàn tụ; giải thích về quyền và nghĩa vụ giữa vợ và chồng, giữa cha, mẹ và con, giữa các thành viên khác trong gia đình, về trách nhiệm cấp dưỡng và các vấn đề khác liên quan đến hôn nhân và gia đình.

Trường hợp sau khi hòa giải, vợ, chồng đoàn tụ thì Thẩm phán ra quyết định đình chỉ giải quyết yêu cầu của họ.

Trường hợp hòa giải đoàn tụ không thành thì Thẩm phán ra quyết định công nhận thuận tình ly hôn và sự thỏa thuận của các đương sự khi có đầy đủ các điều kiện sau đây:

- Hai bên thực sự tự nguyện ly hôn;

- Hai bên đã thỏa thuận được với nhau về việc chia hoặc không chia tài sản chung, việc trông nom, nuôi dưỡng, chăm sóc, giáo dục con;

- Sự thỏa thuận phải bảo đảm quyền lợi chính đáng của vợ, con.

Trường hợp hòa giải đoàn tụ không thành và các đương sự không thỏa thuận được về việc chia tài sản, việc trông nom, nuôi dưỡng, chăm sóc, giáo dục con thì Tòa án đình chỉ giải quyết việc dân sự về công nhận thuận tình ly hôn, thỏa thuận nuôi con, chia tài sản khi ly hôn và thụ lý vụ án để giải quyết. Tòa án không phải thông báo về việc thụ lý vụ án, không phải phân công lại Thẩm phán giải quyết vụ án. Việc giải quyết vụ án được thực hiện theo thủ tục chung do Bộ luật này quy định.

Về thời hạn giải quyết thuận tình ly hôn, thông thường là từ 01-02 tháng. Cụ thể:

- Trong thời hạn 05 - 08 ngày kể từ ngày nhận được đơn yêu cầu công nhận thuận tình ly hôn, Tòa án phải thụ lý vụ án, thông báo để đương sự nộp tiền tạm ứng án phí. Sau khi nộp án phí, người khởi kiện nộp cho tòa biên lai nộp tiền tạm ứng án phí để Tòa thụ lý vụ án.

- Trong thời hạn 15 ngày làm việc Tòa án tiến hành mở phiên hòa giải.

- Trong thời hạn 07 ngày kể từ ngày hòa giải không thành (không thay đổi quyết định về việc ly hôn) nếu các bên không thay đổi ý kiến Tòa án ra quyết định công nhận thuận tình ly hôn.

Ban biên tập thông tin đến bạn!

Trân trọng!",quy_dinh_chung_ly_hon,Lý thuyết,"[""Luat_HNGD_2014""]","{""Luat_HNGD_2014_Dieu_52"": ""CON_HIEU_LUC"", ""Luat_HNGD_2014_Dieu_54"": ""CON_HIEU_LUC""}","[""Luat_HNGD_2014_Dieu_52"", ""Luat_HNGD_2014_Dieu_54""]",[],[],[],[]
Vợ chồng ly thân có làm chấm dứt hôn nhân hay không?,"Tại Điều 57 Luật Hôn nhân và gia đình 2014 có quy định về thời điểm chấm dứt hôn nhân và trách nhiệm gửi bản án, quyết định ly hôn như sau:

Như vậy, quan hệ hôn nhân chỉ chấm dứt kể từ ngày bản án, quyết định ly hôn của Tòa án có hiệu lực và với trường hợp của bạn mới chỉ ly thân thì vẫn chưa được xem là chấm dứt hôn nhân.

Có chấm dứt hôn nhân khi ly thân hay không? (Hình từ Internet)",quy_dinh_chung_ly_hon,Lý thuyết,"[""Luat_HNGD_2014""]","{""Luat_HNGD_2014_Dieu_57"": ""CON_HIEU_LUC""}","[""Luat_HNGD_2014_Dieu_57""]",[],[],[],[]
Cơ quan nào tiếp nhận hồ sơ đơn phương ly hôn?,"Đơn phương ly hôn có 2 trường hợp:

Trường hợp 1: Không có yếu tố nước ngoài

Căn cứ Điểm a Khoản 1 và Điểm b Khoản 2 Điều 35 Bộ luật tố tụng dân sự 2015 quy định thẩm quyền của Tòa án nhân dân cấp huyện như sau:

1. Tòa án nhân dân cấp huyện có thẩm quyền giải quyết theo thủ tục sơ thẩm những tranh chấp sau đây:

a) Tranh chấp về dân sự, hôn nhân và gia đình quy định tại Điều 26 và Điều 28 của Bộ luật này, trừ tranh chấp quy định tại khoản 7 Điều 26 của Bộ luật này;

…

2. Tòa án nhân dân cấp huyện có thẩm quyền giải quyết những yêu cầu sau đây:

b) Yêu cầu về hôn nhân và gia đình quy định tại các khoản 1, 2, 3, 4, 5, 6, 7, 8, 10 và 11 Điều 29 của Bộ luật này;

Tại Điểm a và Điểm b Khoản 1 Điều 39 Bộ luật tố tụng dân sự 2015 quy định thẩm quyền của Tòa án theo lãnh thổ như sau:

1. Thẩm quyền giải quyết vụ án dân sự của Tòa án theo lãnh thổ được xác định như sau:

a) Tòa án nơi bị đơn cư trú, làm việc, nếu bị đơn là cá nhân hoặc nơi bị đơn có trụ sở, nếu bị đơn là cơ quan, tổ chức có thẩm quyền giải quyết theo thủ tục sơ thẩm những tranh chấp về dân sự, hôn nhân và gia đình, kinh doanh, thương mại, lao động quy định tại các Điều 26, 28, 30 và 32 của Bộ luật này;

b) Các đương sự có quyền tự thỏa thuận với nhau bằng văn bản yêu cầu Tòa án nơi cư trú, làm việc của nguyên đơn, nếu nguyên đơn là cá nhân hoặc nơi có trụ sở của nguyên đơn, nếu nguyên đơn là cơ quan, tổ chức giải quyết những tranh chấp về dân sự, hôn nhân và gia đình, kinh doanh, thương mại, lao động quy định tại các điều 26, 28, 30 và 32 của Bộ luật này;

Trường hợp 2: Có yếu tố nước ngoài

Tại Khoản 3 Điều 35 Bộ luật tố tụng dân sự 2015 thẩm quyền của Tòa án nhân dân cấp huyện như sau:

3. Những tranh chấp, yêu cầu quy định tại khoản 1 và khoản 2 Điều này mà có đương sự hoặc tài sản ở nước ngoài hoặc cần phải ủy thác tư pháp cho cơ quan đại diện nước Cộng hòa xã hội chủ nghĩa Việt Nam ở nước ngoài, cho Tòa án, cơ quan có thẩm quyền của nước ngoài không thuộc thẩm quyền giải quyết của Tòa án nhân dân cấp huyện, trừ trường hợp quy định tại khoản 4 Điều này.

Theo Điểm a và Điểm b Khoản 1 Điều 37 Bộ luật tố tụng dân sự 2015 thẩm quyền của Tòa án nhân dân cấp tỉnh được quy định:

1. Tòa án nhân dân cấp tỉnh có thẩm quyền giải quyết theo thủ tục sơ thẩm những vụ việc sau đây:

a) Tranh chấp về dân sự, hôn nhân và gia đình, kinh doanh, thương mại, lao động quy định tại các Điều 26, 28, 30 và 32 của Bộ luật này, trừ những tranh chấp thuộc thẩm quyền giải quyết của Tòa án nhân dân cấp huyện quy định tại khoản 1 và khoản 4 Điều 35 của Bộ luật này;

b) Yêu cầu về dân sự, hôn nhân và gia đình, kinh doanh, thương mại, lao động quy định tại các Điều 27, 29, 31 và 33 của Bộ luật này, trừ những yêu cầu thuộc thẩm quyền giải quyết của Tòa án nhân dân cấp huyện quy định tại khoản 2 và khoản 4 Điều 35 của Bộ luật này;

Theo quy định trên nếu đơn phương ly hôn không có yếu tố nước ngoài thì người muốn ly hôn sẽ nộp hồ sơ về Tòa án nhân dân cấp huyện nơi cư trú, nơi làm việc còn đơn phương ly hôn có yếu tố nước ngoài thì người muốn ly hôn nộp hồ sơ về Tòa án nhân dân cấp tỉnh nơi cư trú, nơi làm việc.

Trân trọng!",quy_dinh_chung_ly_hon,,[],{},[],[],[],[],[]
Thuận tình ly hôn với người nước ngoài được quy định như thế nào?,"Theo Điều 127 Luật Hôn nhân và gia đình 2014 quy địnhh về ly hôn có yếu tố nước ngoài.

Như vậy, thuận tình ly hôn với người nước ngoài là hai bên vợ chồng (một bên là người nước ngoài hoặc người Việt Nam cư trú ở nước ngoài) tự nguyện ly hôn khi nhận thấy không còn đạt được mục đích của cuộc hôn nhân và không có bất cứ một sự tranh chấp nào về tài sản, nuôi dưỡng chăm sóc con cái.

Thuận tình ly hôn với người nước ngoài được giải quyết tại cơ quan có thẩm quyền của Việt Nam theo quy định của Luật Hôn nhân và gia đình 2014 khi giữa công dân Việt Nam với người nước ngoài, giữa người nước ngoài với nhau thường trú tại Việt Nam.",quy_dinh_chung_ly_hon,Lý thuyết,"[""Luat_HNGD_2014""]","{""Luat_HNGD_2014_Dieu_127"": ""CON_HIEU_LUC""}","[""Luat_HNGD_2014_Dieu_127""]",[],[],[],[]
"Tôi và chồng ly thân được gần 01 năm, tuy nhiên chồng vẫn thường xuyên ăn chơi, không chăm lo cho gia đình, tôi muốn ly hôn nhưng anh không đồng ý, chúng tôi có con chung 08 tuổi. Nên tôi định mình đơn phương ly hôn, thế cho tôi hỏi tôi phải đóng mức án phí bao nhiêu?","Theo quy định tại Điều 195 Bộ luật Tố tụng Dân sự 2015 có quy định sau khi nhận đơn khởi kiện và tài liệu, chứng cứ kèm theo, nếu xét thấy vụ án thuộc thẩm quyền giải quyết của Tòa án thì Thẩm phán phải thông báo ngay cho người khởi kiện biết để họ đến Tòa án làm thủ tục nộp tiền tạm ứng án phí trong trường hợp họ phải nộp tiền tạm ứng án phí.Trong thời hạn 07 ngày, kể từ ngày nhận được giấy báo của Tòa án về việc nộp tiền tạm ứng án phí, người khởi kiện phải nộp tiền tạm ứng án phí và nộp cho Tòa án biên lai thu tiền tạm ứng án phí.

=> Như vậy điều kiện để Tòa có thể thụ lý vụ án ly hôn của bạn là bạn cần phải hoàn tất nghĩ vụ nộp án phí.

Với trường hợp của bạn tại Nghị quyết 326/2016/UBTVQH14, thì án phí dân sự sơ thẩm: 300.000đ nếu không có tranh chấp về tài sản.

Nếu có tranh chấp về tài sản thì mức án phí được quy định như sau:

Stt

Tên án phí

Mức thu

II

Án phí dân sự

1

Án phí dân sự sơ thẩ m

1.1

Đối với tranh chấp về dân sự, hôn nhân và gia đình, lao động không có giá ngạch

300.000 đồng

1.2

Đối với tranh chấp về kinh doanh, thương mại không có giá ngạch

3.000.000 đồng

1.3

Đối với tranh chấp về dân sự, hôn nhân và gia đình có giá ngạch

a

Từ 6.000.000 đồng trở xuống

300.000 đồng

b

Từ trên 6.000.000 đồng đến 400.000.000 đồng

5% giá trị tài sản có tranh chấp

c

Từ trên 400.000.000 đồng đến 800.000.000 đồng

20.000. 000 đồng + 4% của phầngiá trị tài sản có tranh chấp vượt quá 400.000.000 đồng

d

Từ trên 800.000.000 đồng đến 2.000.000.000 đồng

36.000.000 đồng + 3% của phần giá trị tài sản có tranh chấp vượt 800.000.000 đồng

đ

Từ trên 2.000.000.000 đồng đến 4.000.000.000 đồng

72.000.000 đồng + 2% của phần giá trị tài sản có tranh chấp vượt 2.000.000.000 đồng

e

Từ trên 4.000.000.000 đồng

112.000.000 đồng + 0,1% của phần giá trị tài sản tranh chấp vượt 4.000.000.000 đồng.

Tham khảo thêm:

Ly hôn khi là đảng viên dự bị có ảnh hưởng gì đến việc vào đảng chính thức?

Vợ đi xuất khẩu lao động không về thì ly hôn như thế nào?

Trên đây là nội dung tư vấn.

Trân trọng!",quy_dinh_chung_ly_hon,,[],{},[],[],[],[],[]
Nộp hồ sơ đơn phương ly hôn ở đâu?,"Theo Điều 35 Bộ luật Tố tụng Dân sự 2015 quy định về thẩm quyền của Tòa án nhân dân cấp huyện như sau:

Theo Điều 39 Bộ luật Tố tụng Dân sự 2015 quy định về thẩm quyền của Tòa án theo lãnh thổ như sau:

Theo đó, khi đơn phương ly hôn thì cá nhân đều là người Việt Nam sẽ đến Tòa án nhân dân cấp huyện nơi cư trú hoặc nơi vợ/chồng cư trú.

Ngoài ra, Tòa án nhân dân cấp huyện nơi cư trú của công dân Việt Nam cũng sẽ giải quyết ly hôn cho công dân Việt Nam cư trú ở khu vực biên giới với công dân của nước láng giềng cùng cư trú ở khu vực biên giới với Việt Nam

Việc ly hôn có yếu tố nước ngoài (gồm có tài sản hoặc đương sự ở nước ngoài) thì sẽ do Tòa án nhân dân cấp tỉnh giải quyết.",quy_dinh_chung_ly_hon,Lý thuyết,[],{},[],[],[],[],[]
"Thuận tình ly hôn theo Luật Hôn nhân và gia đình 2000 được quy định như thế nào? Xin chào Ban biên tập, Tôi là Thành Luân. Hiện tại tôi đang tìm hiểu về quy định pháp luật liên quan đến lĩnh vực hôn nhân và gia đình qua các thời kỳ. Cho tôi hỏi, thuận tình ly hôn theo Luật Hôn nhân và gia đình 2000 được quy định cụ thể ra sao? Mong nhận được sự phản hồi từ Ban biên tập. Xin chân thành cảm ơn!
Thành Luân (thanhluan*****@gmail.com)","Theo quy định tại Điều 90 Luật Hôn nhân và gia đình 2000 thì thuận tình ly hôn được quy định cụ thể như sau:

Trong trường hợp vợ chồng cùng yêu cầu ly hôn mà hoà giải tại Toà án không thành, nếu xét thấy hai bên thật sự tự nguyện ly hôn và đã thoả thuận về việc chia tài sản, việc trông nom, nuôi dưỡng, chăm sóc, giáo dục con thì Toà án công nhận thuận tình ly hôn và sự thoả thuận về tài sản và con trên cơ sở bảo đảm quyền lợi chính đáng của vợ và con; nếu không thoả thuận được hoặc tuy có thoả thuận nhưng không bảo đảm quyền lợi chính đáng của vợ và con thì Toà án quyết định.

Trên đây là nội dung tư vấn về thuận tình ly hôn theo Luật Hôn nhân và gia đình 2000. Để biết thêm thông tin chi tiết, bạn nên tham khảo thêm tại Luật Hôn nhân và gia đình 2000.

Trân trọng!",quy_dinh_chung_ly_hon,Lý thuyết,"[""Luat_HNGD_2000""]","{""Luat_HNGD_2000_Dieu_90"": ""CON_HIEU_LUC""}","[""Luat_HNGD_2000_Dieu_90""]",[],[],[],[]
"Xin chào quý anh chị trong Ban biên tập! Tôi có vấn đề thắc mắc mong được anh chị giải đáp giúp ạ. Chị Trang quốc tịch Việt Nam và chồng chị quốc tịch Thụy Điển. Sau 10 năm kết hôn, hai anh chị xảy ra mâu thuẫn. Người chồng về Thụy Điển và ly thân từ đó. Bây giờ, chị Trang muốn đơn phương ly hôn có được không và thủ tục như thế nào? Tài sản chung của 2 vợ chồng là căn nhà mua ở Thụy Điển thì giải quyết ra sao? Rất mong được anh chị giải đáp ạ. Xin chân thành cảm ơn!","Khoản 1 Điều 51 Luật Hôn nhân và gia đình 2014 quy định như sau:

Vợ, chồng hoặc cả hai người có quyền yêu cầu tòa án giải quyết ly hôn.

Bên cạnh đó, Điều 127 Luật Hôn nhân và gia đình 2014 cũng có quy định về ly hôn có yếu tố nước ngoài như sau:

1. Việc ly hôn giữa công dân Việt Nam với người nước ngoài, giữa người nước ngoài với nhau thường trú ở Việt Nam được giải quyết tại cơ quan có thẩm quyền của Việt Nam theo quy định của Luật này.

2. Trong trường hợp bên là công dân Việt Nam không thường trú ở Việt Nam vào thời điểm yêu cầu ly hôn thì việc ly hôn được giải quyết theo pháp luật của nước nơi thường trú chung của vợ chồng; nếu họ không có nơi thường trú chung thì giải quyết theo pháp luật Việt Nam.

3. Việc giải quyết tài sản là bất động sản ở nước ngoài khi ly hôn tuân theo pháp luật của nước nơi có bất động sản đó.

Như vậy, chị Trang có quyền đơn phương yêu cầu tòa án giải quyết việc ly hôn. Cơ quan có thẩm quyền giải quyết việc đơn phương ly hôn của chị Trang là tòa án nhân dân cấp tỉnh. Ngôi nhà là tài sản chung của vợ chồng chị ở bên Thủy Điển sẽ được giải quyết theo pháp luật Thủy Điển. Còn Tòa án Việt Nam chỉ giải quyết yêu cầu ly hôn và yêu cầu khác của chị Trang liên quan đến việc ly hôn (nếu có), còn vấn đề tài sản sẽ do Tòa án Thủy Điển giải quyết – nếu chị có đơn yêu cầu (trừ trường hợp hai vợ chồng tự thỏa thuận).

Về thủ tục ly hôn, chị Trang cần nộp lên Tòa án nhân dân cấp tỉnh một bộ hồ sơ bao gồm:

- Đơn xin ly hôn;

- Giấy chứng nhận đăng ký kết hôn (bản chính); trường hợp không có bản chính Giấy chứng nhận đăng ký kết hôn, thì bạn phải xin xác nhận của UBND cấp tỉnh nơi đã đăng ký kết hôn.

- Sổ hộ khẩu, chứng minh thư nhân dân (bản sao chứng thực);

- Giấy khai sinh của con (bản sao chứng thực);

- Các tài liệu, chứng cứ khác chứng minh tài sản chung.

Trên đây là ý kiến tư vấn của chúng tôi về vấn đề mà bạn thắc mắc.

Trân trọng!",quy_dinh_chung_ly_hon,Tình huống,"[""Luat_HNGD_2014""]","{""Luat_HNGD_2014_Dieu_51_Khoan_1"": ""CON_HIEU_LUC"", ""Luat_HNGD_2014_Dieu_127"": ""CON_HIEU_LUC""}","[""Luat_HNGD_2014_Dieu_51_Khoan_1"", ""Luat_HNGD_2014_Dieu_127""]",[],[],[],[]
Hướng dẫn làm thủ tục đơn phương ly hôn khi bị chồng bạo hành?,"Để thực hiện thủ tục đơn phương ly hôn có thể tham khảo các bước sau:

Bước 1: Chuẩn bị hồ sơ gồm:

- Đơn xin đơn phương ly hôn;

- Đăng ký kết hôn (bản chính); nếu không có thì có thể xin cấp bản sao…

- Bản sao có chứng thực Chứng minh nhân dân/Căn cước công dân… của vợ và chồng;

- Bản sao chứng thực giấy khai sinh của con nếu có con chung;

- Nếu có tài sản chung và yêu cầu phân chia tài sản chung khi ly hôn thì chuẩn bị giấy tờ chứng minh quyền sở hữu đối với tài sản chung

Bước 2: Nộp đơn đơn phương tại Tòa án có thẩm quyền

Bước 3: Tòa án sẽ kiểm tra tính hợp lệ của hồ sơ

Bước 4: Tòa án tiến hành thủ tục tố tụng giải quyết vụ án ly hôn

Bước 5: Thi hành bản án hoặc quyết định ly hôn",quy_dinh_chung_ly_hon,Lý thuyết,[],{},[],[],[],[],[]
Thuận tình ly hôn và đơn phương ly hôn nộp hồ sơ ở đâu năm 2024?,"Căn cứ theo Điều 35 Bộ luật Tố tụng Dân sự 2015 quy định về thẩm quyền của Tòa án nhân dân cấp huyện như sau:

Đồng thời tại Điều 39 Bộ luật Tố tụng Dân sự 2015 quy định về thẩm quyền của Tòa án theo lãnh thổ như sau:

Theo đó, khi nộp đơn ly hôn dù là thuận tình ly hôn hay đơn phương ly hôn thì cá nhân đều là người Việt Nam sẽ đến Tòa án nhân dân cấp huyện nơi cư trú hoặc nơi vợ/chồng cư trú.

Ngoài ra, Tòa án nhân dân cấp huyện nơi cư trú của công dân Việt Nam cũng sẽ giải quyết ly hôn cho công dân Việt Nam cư trú ở khu vực biên giới với công dân của nước láng giềng cùng cư trú ở khu vực biên giới với Việt Nam

Tuy nhiên, nếu việc ly hôn có yếu tố nước ngoài (gồm có tài sản hoặc đương sự ở nước ngoài) thì sẽ do Tòa án nhân dân cấp tỉnh giải quyết.

Thuận tình ly hôn và đơn phương ly hôn nộp hồ sơ ở đâu năm 2024? (Hình từ Internet)",quy_dinh_chung_ly_hon,Lý thuyết,[],{},[],[],[],[],[]
"Tôi và chồng do cuộc sống có nhiều mâu thuẫn, đời sống gia đình không hạnh phúc nên chúng tôi muốn lý hôn, tài sản và con cái chúng tôi đã thỏa thuận xong. Cho hỏi thuận tình ly hôn thì giải quyết trong vòng bao lâu?","Ly hôn là việc chấm dứt quan hệ vợ chồng theo bản án, quyết định có hiệu lực pháp luật của Tòa án.

Trong trường hợp vợ chồng cùng yêu cầu ly hôn, nếu xét thấy hai bên thật sự tự nguyện ly hôn và đã thỏa thuận về việc chia tài sản, việc trông nom, nuôi dưỡng, chăm sóc, giáo dục con trên cơ sở bảo đảm quyền lợi chính đáng của vợ và con thì Tòa án công nhận thuận tình ly hôn; nếu không thỏa thuận được hoặc có thỏa thuận nhưng không bảo đảm quyền lợi chính đáng của vợ và con thì Tòa án giải quyết việc ly hôn.

Theo quy định của Bộ luật Tố tụng dân sự 2015 thì thuận tình ly hôn là việc dân sự nên thời gian giải quyết thủ tục ly hôn thuận tình là 1-2 tháng.

Trân trọng!",quy_dinh_chung_ly_hon,,[],{},[],[],[],[],[]
"Thuận tình ly hôn theo Luật Hôn nhân và gia đình 1959 được quy định như thế nào? Xin chào Ban biên tập, Tôi là Thành Luân. Hiện tại tôi đang tìm hiểu về quy định pháp luật liên quan đến lĩnh vực hôn nhân và gia đình qua các thời kỳ. Cho tôi hỏi, thuận tình ly hôn theo Luật Hôn nhân và gia đình 1959 được quy định cụ thể ra sao? Mong nhận được sự phản hồi từ Ban biên tập. Xin chân thành cảm ơn!
Thành Luân (thanhluan*****@gmail.com)","Theo quy định tại Điều 25 Luật Hôn nhân và gia đình 1959 thì thuận tình ly hôn được quy định cụ thể như sau:

Khi hai bên vợ chồng xin thuận tình ly hôn, thì sau khi điều tra, nếu xét đúng là hai bên tự nguyện xin lý hôn, Toà án nhân dân sẽ công nhận việc thuận tình ly hôn.

Luật Hôn nhân và gia đình 1959 còn quy định khi một bên vợ hoặc chồng xin ly hôn, cơ quan có thẩm quyền sẽ điều tra và hoà giải. Hoà giải không được, Toà án nhân dân sẽ xét xử. Nếu tình trạng trầm trọng, đời sống chung không thể kéo dài, mục đích của hôn nhân không đạt được, thì Toà án nhân dân sẽ cho ly hôn.

Trên đây là nội dung tư vấn về thuận tình ly hôn theo Luật Hôn nhân và gia đình 1959. Để biết thêm thông tin chi tiết, bạn nên tham khảo thêm tại Luật Hôn nhân và gia đình 1959.

Trân trọng!",quy_dinh_chung_ly_hon,Lý thuyết,"[""Luat_HNGD_1959""]","{""Luat_HNGD_1959_Dieu_25"": ""CON_HIEU_LUC""}","[""Luat_HNGD_1959_Dieu_25""]",[],[],[],[]
Chồng ngoại tình và muốn đơn phương ly hôn có được không?,"Tại Điều 56 Luật Hôn nhân và gia đình 2014 quy định ly hôn theo yêu cầu của một bên như sau:

Theo tiết a.1 tiểu mục a Mục 8 Nghị quyết 02/2000/NQ-HĐTP quy định căn cứ cho ly hôn (Điều 89) như sau:

Người chồng chỉ có quyền đơn phương ly hôn khi chứng minh được lỗi của người vợ dẫn đến hôn nhân rơi vào tình trạng trầm trọng.

Tuy nhiên, chồng của bạn là người ngoại tình, là người có lỗi làm cho tình trạng hôn nhân của cả hai trở nên trầm trọng nhưng chồng bạn lại đơn phương ly hôn thì sẽ không được Tòa án giải quyết.

Chồng ngoại tình và muốn đơn phương ly hôn có được không? (Hình từ Internet)",quy_dinh_chung_ly_hon,Tình huống,"[""Luat_HNGD_2014"", ""NghiQuyet_02_2000_NQ_HDTP""]","{""Luat_HNGD_2014_Dieu_56"": ""CON_HIEU_LUC"", ""NghiQuyet_02_2000_NQ_HDTP_Dieu_89"": ""CON_HIEU_LUC""}","[""Luat_HNGD_2014_Dieu_56""]","[""NghiQuyet_02_2000_NQ_HDTP_Dieu_89""]",[],[],[]
Mức án phí đơn phương ly hôn 2019,"Theo Điều 195 Bộ luật tố tụng dân sự 2015 có quy định sau khi nhận đơn khởi kiện và tài liệu, chứng cứ kèm theo, nếu xét thấy vụ án thuộc thẩm quyền giải quyết của Tòa án thì Thẩm phán phải thông báo ngay cho người khởi kiện biết để họ đến Tòa án làm thủ tục nộp tiền tạm ứng án phí trong trường hợp họ phải nộp tiền tạm ứng án phí.Trong thời hạn 07 ngày, kể từ ngày nhận được giấy báo của Tòa án về việc nộp tiền tạm ứng án phí, người khởi kiện phải nộp tiền tạm ứng án phí và nộp cho Tòa án biên lai thu tiền tạm ứng án phí.

Như vậy điều kiện để Tòa có thể thụ lý vụ án ly hôn của bạn là bạn cần phải hoàn tất nghĩ vụ nộp án phí.

Tại Nghị quyết 326/2016/UBTVQH14 thì mức án phí được quy định như sau:

Như vậy, năm 2022 mức án phí đơn phương ly hôn là 300.000 đồng.

Trân trọng!",quy_dinh_chung_ly_hon,,[],{},[],[],[],[],[]
"Chị An được xác định là bị bênh tâm thần sau một thời gian chung sống với anh Bình. Do hoàn cảnh gia đình khó khăn công thêm bệnh tâm thần cùa chị khiến cho anh Bình sa vào rượu chè, từ đó đánh đập chị An. Xin hỏi, trong trường hợp này, chị An có thể đơn phương ly hôn được không?","Căn cứ Khoản 2 Điều 51 Luật hôn nhân và gia đình 2014 quy định về quyền yêu cầu giải quyết ly hôn như sau:

- Cha, mẹ, người thân thích khác có quyền yêu cầu Tòa án giải quyết ly hôn khi một bên vợ, chồng do bị bệnh tâm thần hoặc mắc bệnh khác mà không thể nhận thức, làm chủ được hành vi của mình, đồng thời là nạn nhân của bạo lực gia đình do chồng, vợ của họ gây ra làm ảnh hưởng nghiêm trọng đến tính mạng, sức khỏe, tinh thần của họ.

Đồng thời căn cứ Khoản 3 Điều 56 Luật hôn nhân gia đình 2014 quy định cụ thể về quyền yêu cầu giải quyết ly hôn trong trường hợp bị bạo hành như sau:

- Trong trường hợp có yêu cầu ly hôn theo quy định tại khoản 2 Điều 51 của Luật này thì Tòa án giải quyết cho ly hôn nếu có căn cứ về việc chồng, vợ có hành vi bạo lực gia đình làm ảnh hưởng nghiêm trọng đến tính mạng, sức khỏe, tinh thần của người kia.

Như vậy, cha mẹ hoặc người thân thích của chị An có thể yêu cầu tòa án giải quyết ly hôn cho An và Bình, đồng thời phải đưa ra căn cứ cho thấy việc Bình bạo hành An ảnh hưởng nghiêm trọng tính mạng, sức khỏe và tinh thần của An.

Trên đây là nội dung tư vấn.",quy_dinh_chung_ly_hon,Tình huống,"[""Luat_HNGD_2014""]","{""Luat_HNGD_2014_Dieu_51_Khoan_2"": ""CON_HIEU_LUC"", ""Luat_HNGD_2014_Dieu_56_Khoan_3"": ""CON_HIEU_LUC""}","[""Luat_HNGD_2014_Dieu_51_Khoan_2"", ""Luat_HNGD_2014_Dieu_56_Khoan_3""]",[],[],[],[]
Ai là người phải chịu án phí thuận tình ly hôn?,"Căn cứ theo Điều 147 Bộ luật Tố tụng dân sự 2015 quy định nghĩa vụ chịu án phí sơ thẩm:

Như vậy, theo quy định trên thì người phải chịu án phí ly hôn trong đó nếu vợ hoặc chồng là người nộp đơn khởi kiện thì có nghĩa vụ chịu án phí.

Tuy nhiên, trường hợp cả hai vợ chồng thuận tình ly hôn thì mỗi bên đương sự phải chịu một nửa án phí sơ thẩm.",quy_dinh_chung_ly_hon,Lý thuyết,[],{},[],[],[],[],[]
"Do cuộc sống hôn nhân không được như mong muốn nên tôi và chồng đã sống ly thân gần 07 năm nay. Ban tư vấn cho tôi hỏi cuộc hôn nhân của tôi như với chồng tôi có coi như là chấm dứt không? Chúng tôi chưa ra Tòa ly hôn. Mong được Ban tư vấn giải đáp giúp. Cảm ơn!
Minh Yến - Long An","Theo quy định tại Luật Hôn nhân và Gia định 2014 thì chỉ có 02 trường hợp chấm dứt hôn nhân:

- Ly hôn

- Hôn nhân chấm dứt do vợ, chồng chết hoặc bị Tòa án tuyên bố là đã chết.

==> Bạn đã sống ly thân với chồng gần 07 năm mà chưa ra Tòa làm thủ tục ly hôn thì hôn nhân của bạn và chồng vẫn chưa chấm dứt. Do quan hệ hôn nhân chưa chấm dứt thì 02 bạn vẫn được coi là vợ chồng trên pháp luật.

Mong rằng những tư vấn của chúng tôi sẽ giúp giải đáp được những vướng mắc của bạn.

Chúc sức khỏe và thành công!",quy_dinh_chung_ly_hon,,[],{},[],[],[],[],[]
Ai phải nộp án phí khi thuận tình ly hôn?,"Khoản 4 Điều 147 Bộ luật Tố tụng dân sự 2015 quy định về nghĩa vụ chịu án phí sơ thẩm như sau:

Trong vụ án ly hôn thì nguyên đơn phải chịu án phí sơ thẩm, không phụ thuộc vào việc Tòa án chấp nhận hay không chấp nhận yêu cầu của nguyên đơn. Trường hợp cả hai thuận tình ly hôn thì mỗi bên đương sự phải chịu một nửa án phí sơ thẩm.

Như vậy trong thuận tình ly hôn thì vợ và chồng đều phải chịu án phí sơ thẩm. Mỗi bên sẽ chịu một nửa án phí sơ thẩm.",quy_dinh_chung_ly_hon,,[],{},[],[],[],[],[]
"Thuận tình ly hôn theo Luật Hôn nhân và gia đình 2014 được quy định như thế nào? Xin chào Ban biên tập, Tôi là Thành Luân. Hiện tại tôi đang tìm hiểu về quy định pháp luật liên quan đến lĩnh vực hôn nhân và gia đình qua các thời kỳ. Cho tôi hỏi, thuận tình ly hôn theo Luật Hôn nhân và gia đình 2014 được quy định cụ thể ra sao? Mong nhận được sự phản hồi từ Ban biên tập. Xin chân thành cảm ơn!
Thành Luân (thanhluan*****@gmail.com)","Theo quy định tại Điều 55 Luật Hôn nhân và gia đình 2014 thì thuận tình ly hôn được quy định cụ thể như sau:

Trong trường hợp vợ chồng cùng yêu cầu ly hôn, nếu xét thấy hai bên thật sự tự nguyện ly hôn và đã thỏa thuận về việc chia tài sản, việc trông nom, nuôi dưỡng, chăm sóc, giáo dục con trên cơ sở bảo đảm quyền lợi chính đáng của vợ và con thì Tòa án công nhận thuận tình ly hôn; nếu không thỏa thuận được hoặc có thỏa thuận nhưng không bảo đảm quyền lợi chính đáng của vợ và con thì Tòa án giải quyết việc ly hôn.

Trên đây là nội dung tư vấn về thuận tình ly hôn theo Luật Hôn nhân và gia đình 2014. Để biết thêm thông tin chi tiết, bạn nên tham khảo thêm tại Luật Hôn nhân và gia đình 2014.

Trân trọng!",quy_dinh_chung_ly_hon,Lý thuyết,"[""Luat_HNGD_2014""]","{""Luat_HNGD_2014_Dieu_55"": ""CON_HIEU_LUC""}","[""Luat_HNGD_2014_Dieu_55""]",[],[],[],[]
"Tôi và chồng đã ly thân 2 năm nay, bây giờ tôi muôn ly hôn chồng do đời sống vợ chồng mâu thuẫn, chồng tôi ngoại tình. Hiện tại chồng tôi đã giữ giấy đăng ký kết hôn. Tôi có được đơn phương ly hôn khi không đủ giấy tờ?","CCPL: Luật Hôn nhân Gia đình 2014, Luật Hộ tịch 2014

Điều 56 Luật Hôn nhân Gia đình 2014 quy định về Ly hôn theo yêu cầu của một bên như sau:

Khi vợ hoặc chồng yêu cầu ly hôn mà hòa giải tại Tòa án không thành thì Tòa án giải quyết cho ly hôn nếu có căn cứ về việc vợ, chồng có hành vi bạo lực gia đình hoặc vi phạm nghiêm trọng quyền, nghĩa vụ của vợ, chồng làm cho hôn nhân lâm vào tình trạng trầm trọng, đời sống chung không thể kéo dài, mục đích của hôn nhân không đạt được.

Như vậy, khi có căn cứ để yêu cầu ly hôn đơn phương thì bạn nộp đơn xin đơn phương ly hôn tại Tòa án nhân dân cấp huyện nơi chồng bạn cư trú để được giải quyết.

Đối với giấy đăng ký kết hôn nếu chồng bạn không cung cấp thì bạn có thể làm thủ tục xin trích lục giấy đăng ký kết hôn theo Luật Hộ tịch năm 2014. Cơ quan có thẩm quyền là Ủy ban nhân dân cấp xã nơi bạn đã đăng ký hộ tịch.

Trân trọng!",quy_dinh_chung_ly_hon,Tình huống,"[""Luat_HNGD_2014"", ""Luat_HoTich_2014""]","{""Luat_HNGD_2014_Dieu_56"": ""CON_HIEU_LUC"", ""Luat_HoTich_2014"": ""CON_HIEU_LUC""}","[""Luat_HNGD_2014_Dieu_56"", ""Luat_HoTich_2014""]",[],[],[],[]
Mẫu đơn thuận tình ly hôn mới nhất hiện nay?,"Mẫu đơn thuận tình ly hôn là mẫu đơn yêu cầu giải quyết việc dân sự.

Tại Mẫu số 01-VDS ban hành kèm theo Nghị quyết 04/2018/NQ-HĐTP có quy định mẫu đơn thuận tình ly hôn như sau:

Xem chi tiết mẫu đơn thuận tình ly hôn mới nhất hiện nay ban hành kèm theo Nghị quyết 04/2018/NQ-HĐTP tại đây .",quy_dinh_chung_ly_hon,Lý thuyết,"[""NghiQuyet_04_2018_NQ_HDTP""]","{""NghiQuyet_04_2018_NQ_HDTP"": ""CON_HIEU_LUC""}",[],"[""NghiQuyet_04_2018_NQ_HDTP""]",[],[],[]
"Chồng tôi đi làm ăn xa và biệt tích hơn 3 năm, lần cuối cùng tôi nhận được thông tin từ chồng tôi là tháng 7/2016 đến nay đã là tháng 05/2019. Mặc dù đã liên hệ với cơ quan đưa chồng tôi đi xuất khẩu lao động nhằm liên lạc với chồng nhưng cũng không có kết quả. Tôi đã đăng thông tin tìm kiếm trên các phương tiện truyền thông đại chúng nhưng vẫn không có phản hồi. Nay tôi muốn thực hiện thủ tục ly hôn. Xin hỏi tôi có thể đơn phương ly hôn được không?","Căn cứ Khoản 2 Điều 56 Luật hôn nhân gia đình 2014 quy định về ly hôn theo yêu cầu của một bên như sau:

- Trong trường hợp vợ hoặc chồng của người bị Tòa án tuyên bố mất tích yêu cầu ly hôn thì Tòa án giải quyết cho ly hôn.

Như vậy, trong trường hợp này chị có thể đơn phương ly hôn khi đã thỏa yêu cầu về điều kiện mất tích của người chồng theo luật định. Việc xác định 01 người mất tích phải dựa vào tuyên bố của tòa án được quy định tại Điều 68 Bộ luật dân sự 2015 như sau:

1. Khi một người biệt tích 02 năm liền trở lên, mặc dù đã áp dụng đầy đủ các biện pháp thông báo, tìm kiếm theo quy định của pháp luật về tố tụng dân sự nhưng vẫn không có tin tức xác thực về việc người đó còn sống hay đã chết thì theo yêu cầu của người có quyền, lợi ích liên quan, Tòa án có thể tuyên bố người đó mất tích.

Thời hạn 02 năm được tính từ ngày biết được tin tức cuối cùng về người đó; nếu không xác định được ngày có tin tức cuối cùng thì thời hạn này được tính từ ngày đầu tiên của tháng tiếp theo tháng có tin tức cuối cùng; nếu không xác định được ngày, tháng có tin tức cuối cùng thì thời hạn này được tính từ ngày đầu tiên của năm tiếp theo năm có tin tức cuối cùng.

2. Trường hợp vợ hoặc chồng của người bị tuyên bố mất tích xin ly hôn thì Tòa án giải quyết cho ly hôn theo quy định của pháp luật về hôn nhân và gia đình.

3. Quyết định của Tòa án tuyên bố một người mất tích phải được gửi cho Ủy ban nhân dân cấp xã nơi cư trú cuối cùng của người bị tuyên bố mất tích để ghi chú theo quy định của pháp luật về hộ tịch.

Theo như nội dung chị cung cấp thì lần cuối chị nhận được tin tức của chồng vào 07/2016. Từ đó ngày có tin tức cuối cùng là ngày 01/08/2016. Như vậy vào ngày 01/08/2018 đã thỏa điều kiện 02 năm theo luật định. Đây là căn cứ để tòa án tuyên bố mất tích đối với chồng chị.

Khi đã thỏa mãn các điều kiện nêu trên, chị có thể nộp đơn xin ly hôn tại tòa án.

Trên đây là nội dung tư vấn.",quy_dinh_chung_ly_hon,Tình huống,"[""Luat_HNGD_2014"", ""BoLuat_DanSu_2015""]","{""Luat_HNGD_2014_Dieu_56_Khoan_2"": ""CON_HIEU_LUC"", ""BoLuat_DanSu_2015_Dieu_68"": ""CON_HIEU_LUC""}","[""Luat_HNGD_2014_Dieu_56_Khoan_2"", ""BoLuat_DanSu_2015_Dieu_68""]",[],[],[],[]
Vợ chồng sẽ phải trực tiếp tới Tòa để lấy quyết định ly hôn?,"Thưa anh chị, cho tôi hỏi việc ly hôn có tài sản chung, nhưng đã thỏa thuận thì trong 05 ngày sẽ có Quyết định ly hôn, và tôi muốn hỏi quyết định đó tôi và chồng tôi phải đến toàn lấy hay được gởi về địa chỉ đăng ký thường trú. Xin cảm ơn!",quy_dinh_chung_ly_hon,,[],{},[],[],[],[],[]
"Vợ ở nước ngoài, chồng ở Việt Nam! 15 năm nay không chung sống và không liên lạc với nhau nữa. Nay cả hai cùng muốn làm thủ tục ly hôn nhưng do hoàn cảnh vợ không về được Việt nam. Vậy thủ tục tại Việt Nam Tôi (là chồng) phải làm như thế nào? Xin cho tôi được biết? Mong nhận được tư vấn của Ban biên tập Thư Ký Luật. Chân thành cảm ơn!","Theo quy định của Luật hôn nhân và gia đình năm 2014, hai vợ chồng nếu như đều muốn chấm dứt quan hệ hôn nhân thì có thể thực hiện việc ly hôn. Việc ly hôn có thể là thuận tình hoặc ly hôn đơn phương. Trong trường hợp của anh, giữa hai vợ chồng đã có sự thỏa thuận về việc thuận tình ly hôn. Theo quy định tại Điều 55 Luật hôn nhân và gia đình năm 2014 quy định về thuận tình ly hôn như sau:

“Trong trường hợp vợ chồng cùng yêu cầu ly hôn, nếu xét thấy hai bên thật sự tự nguyện ly hôn và đã thỏa thuận về việc chia tài sản, việc trông nom, nuôi dưỡng, chăm sóc, giáo dục con trên cơ sở bảo đảm quyền lợi chính đáng của vợ và con thì Tòa án công nhận thuận tình ly hôn; nếu không thỏa thuận được hoặc có thỏa thuận nhưng không bảo đảm quyền lợi chính đáng của vợ và con thì Tòa án giải quyết việc ly hôn.”

Về thủ tục tiến hành ly hôn, việc yêu cầu tòa án ly hôn được quy định tại Bộ luật tố tụng dân sự năm 2015.

Hồ sơ mà bạn cần để tiến hành thủ tục ly hôn, bao gồm:

-  Mẫu đơn xin ly hôn thuận tình.

-  Giấy đăng kí kết hôn (bản chính)

-  Chứng minh thư nhân dân của hai bên vợ chồng

-   Sổ hộ khẩu

-   Giấy khai sinh của các con (nếu có)

-   Giấy tờ chứng minh tài sản riêng, tài sản chung (nếu có).

Do vợ bạn đang ở nước ngoài nên căn cứ Điều 35 Bộ luật Tố tụng dân sự 2015, bạn có thể nộp đơn ở tòa án cấp tỉnh nơi vợ bạn đăng ký thường trú.

Trên đây là tư vấn của Ban biên tập Thư Ký Luật về việc thuận tình ly hôn khi vợ ở nước ngoài. Bạn nên tham khảo chi tiết Luật hôn nhân và gia đình năm 2014 để nắm rõ quy định này.

Trân trọng!",quy_dinh_chung_ly_hon,,[],{},[],[],[],[],[]
Tôi ở Cần Thơ chồng tôi ở Sóc Trăng. Lúc đăng kí kết hôn ở Cần Thơ nay tôi muốn li hôn (cả đơn phương và thuận tình li hôn) thì có cần 2 gia đình quyết định không (chúng tôi không tranh chấp tài sản gì cả và nuôi con là tôi nuôi) chúng tôi có một bé trai 5 tháng tuổi. Và nay tôi làm việc ở Tp.Hồ Chí Minh thì có thể nộp đơn nơi tôi đang làm việc không? Mong nhận được tư vấn của Ban biên tập Thư Ký Luật. Chân thành cảm ơn!,"Luật hôn nhân và gia đình 2014 quy định về trường hợp đơn phương ly hôn và thuận tình ly hôn như sau:

“Điều 55. Thuận tình ly hôn

Trong trường hợp vợ chồng cùng yêu cầu ly hôn, nếu xét thấy hai bên thật sự tự nguyện ly hôn và đã thỏa thuận về việc chia tài sản, việc trông nom, nuôi dưỡng, chăm sóc, giáo dục con trên cơ sở bảo đảm quyền lợi chính đáng của vợ và con thì Tòa án công nhận thuận tình ly hôn; nếu không thỏa thuận được hoặc có thỏa thuận nhưng không bảo đảm quyền lợi chính đáng của vợ và con thì Tòa án giải quyết việc ly hôn.

Điều 56. Ly hôn theo yêu cầu của một bên

1. Khi vợ hoặc chồng yêu cầu ly hôn mà hòa giải tại Tòa án không thành thì Tòa án giải quyết cho ly hôn nếu có căn cứ về việc vợ, chồng có hành vi bạo lực gia đình hoặc vi phạm nghiêm trọng quyền, nghĩa vụ của vợ, chồng làm cho hôn nhân lâm vào tình trạng trầm trọng, đời sống chung không thể kéo dài, mục đích của hôn nhân không đạt được.

2. Trong trường hợp vợ hoặc chồng của người bị Tòa án tuyên bố mất tích yêu cầu ly hôn thì Tòa án giải quyết cho ly hôn.

3. Trong trường hợp có yêu cầu ly hôn theo quy định tại khoản 2 Điều 51 của Luật này thì Tòa án giải quyết cho ly hôn nếu có căn cứ về việc chồng, vợ có hành vi bạo lực gia đình làm ảnh hưởng nghiêm trọng đến tính mạng, sức khỏe, tinh thần của người kia.”

Như vậy, theo quy định của pháp luật, việc bạn thuận tình ly hôn hay đơn phương ly hôn thì đều không cần sự đồng ý của 2 bên gia đình. Với thuận tình ly hôn, chỉ cần vợ chồng bạn cùng đồng ý ly hôn, thỏa thuận về việc phân chia tài sản và việc trông nom, nuôi dưỡng, chăm sóc, giáo dục con trên cơ sở bảo đảm quyền lợi chính đáng của vợ và con thì Tòa án công nhận thuận tình ly hôn. Nếu như không thỏa thuận được hoặc có thỏa thuận nhưng không bảo đảm quyền lợi chính đáng của vợ và con thì Tòa án giải quyết việc ly hôn. Về đơn phương ly hôn hay ly hôn theo yêu cầu của 1 bên thì chỉ cần 1 bên có đơn yêu cầu ly hôn kèm theo những căn cứ về việc vợ, chồng có hành vi bạo lực gia đình hoặc vi phạm nghiêm trọng quyền, nghĩa vụ của vợ, chồng làm cho hôn nhân lâm vào tình trạng trầm trọng, đời sống chung không thể kéo dài, mục đích của hôn nhân không đạt được. Sau khi hòa giải tại Tòa án không thành thì Tòa án giải quyết cho ly hôn. Về phân chia tài sản sau ly hôn sẽ ưu tiên giải quyết theo thỏa thuận của các bên, còn nếu các bên không thỏa thuận được sẽ được chia đôi nhưng căn cứ vào các yếu tố quy định tại Điều 59 Luật hôn nhân và gia đình 2014.

Trên đây là tư vấn của Ban biên tập Thư Ký Luật về việc xin ý kiến đồng ý của hai bên gia đình khi ly hôn. Bạn nên tham khảo chi tiết Luật hôn nhân và gia đình 2014 để nắm rõ quy định này.

Trân trọng!",quy_dinh_chung_ly_hon,Tình huống,"[""Luat_HNGD_2014""]","{""Luat_HNGD_2014_Dieu_55"": ""CON_HIEU_LUC"", ""Luat_HNGD_2014_Dieu_56"": ""CON_HIEU_LUC""}","[""Luat_HNGD_2014_Dieu_55"", ""Luat_HNGD_2014_Dieu_56""]",[],[],[],[]
"Thưa luật sư, tôi đã làm thủ tục ly hôn thuận tình và chồng, tôi quê ở Lạng Sơn còn chồng tôi ở Cao Bằng. Mặc dù cũng đồng ý ly hôn và chúng tôi không có tranh chấp gì về tài sản và con cái nhưng vì khoảng cách địa lý nên anh ấy không muốn lên tòa để giải quyết. Tôi muốn giải quyết ly hôn vắng mặt, chồng không tham gia phiên tòa có được không?","Điều 55 Luật Hôn nhân và gia đình 2014 quy định về thuận tình ly hôn như sau:

""Trong trường hợp vợ chồng cùng yêu cầu ly hôn, nếu xét thấy hai bên thật sự tự nguyện ly hôn và đã thỏa thuận về việc chia tài sản, việc trông nom, nuôi dưỡng, chăm sóc, giáo dục con trên cơ sở bảo đảm quyền lợi chính đáng của vợ và con thì Tòa án công nhận thuận tình ly hôn; nếu không thỏa thuận được hoặc có thỏa thuận nhưng không bảo đảm quyền lợi chính đáng của vợ và con thì Tòa án giải quyết việc ly hôn.""

Như vậy, theo thông tin bạn cung cấp thì hai vợ chồng bạn đều thuận tình ly hôn. Vấn đề của bạn là muốn Tòa xử vắng mặt bạn (chồng) vì lý do ở xa. Điểm q Khoản 2  Điều 58 Bộ luật tố tụng dân sự quy định nghĩa vụ của đương sự như sau: ""q) Phải có mặt theo giấy triệu tập của Toà án và chấp hành các quyết định của Toà án trong thời gian giải quyết vụ án."" Như vậy, về nguyên tắc, Tòa án chỉ giải quyết vụ việc khi có mặt đầy đủ các đương sự. Nếu đương sự vắng mặt có thể cử người đại diện theo ủy quyền, theo Điều 73 Bộ luật tố tụng dân sự:

Theo quy định Luật Hôn nhân và Gia đình năm 2004, và Pháp lệnh Thủ tục giải quyết các vụ án dân sự, việc ly hôn được tiến hành như sau:

Nộp thủ tục ly hôn thuận tình tại Tòa án nhân dân nơi bên vợ hoặc bên chồng cư trú, làm việc.

""Điều 73. Người đại diện

1. Người đại diện trong tố tụng dân sự bao gồm người đại diện theo pháp luật và người đại diện theo uỷ quyền.

2. Người đại diện theo pháp luật được quy định trong Bộ luật dân sự là người đại diện theo pháp luật trong tố tụng dân sự, trừ trường hợp bị hạn chế quyền đại diện theo quy định của pháp luật.

Cá nhân, cơ quan, tổ chức khởi kiện để bảo vệ quyền và lợi ích hợp pháp của người khác cũng là đại diện theo pháp luật trong tố tụng dân sự của người được bảo vệ.

3. Người đại diện theo uỷ quyền được quy định trong Bộ luật dân sự là người đại diện theo uỷ quyền trong tố tụng dân sự; đối với việc ly hôn, đương sự không được uỷ quyền cho người khác thay mặt mình tham gia tố tụng.""

Về nguyên tắc, mọi vụ án đều chỉ xét xử khi có mặt đầy đủ các đương sự. Trừ trường hợp đương sự vắng mặt dù Tòa án đã triệu tập hợp lệ 2 lần mà vẫn vắng mặt thì vụ án có thể bị đình chỉ (nếu bên nguyên đơn vắng mặt) hoặc xử vắng mặt (nếu bị đơn vắng mặt). Tuy nhiên, trong hồ sơ phải có đầy đủ thông tin, ý kiến của cả hai bên (nếu không thì tòa cũng không thụ lý (nhận đơn) hoặc không thể xét xử.

Thông thường, các bên đương sự có thể ủy quyền cho người khác thay mình tham gia vào quá trình tố tụng (giải quyết vụ án). Tuy nhiên, trong vụ án ly hôn (hôn nhân gia đình) – liên quan đến quyền nhân thân – mà quyền nhân thân thì không thể chuyển giao (ủy quyền) cho người khác. Nên sự có mặt của đương sự tại tòa là bắt buộc.

Trân trọng!",quy_dinh_chung_ly_hon,,[],{},[],[],[],[],[]
"Tôi là bộ đội ở đơn vị làm nhiệm vụ trực chiến, đóng quân cách nơi vợ tôi ở gần 100km, nơi vợ tôi ở cũng là nơi tôi đăng ký kết hôn. Tôi và vợ tôi thuận tình ly hôn, tôi đã nộp hồ sơ thuận tình ly hôn gồm: 1 đơn xin xác nhận thuận tình ly hôn; 1 sổ hộ khẩu photo công chứng của gia đình vợ, 1 giấy xác nhận đăng ký kết hôn của vợ chồng tôi; 1 giấy chứng minh nhân dân photo công chứng của vợ; 1 giấy chứng minh Quân đội photo công chứng của tôi; 1 đơn xin xác nhận nơi cư trú của tôi đã được chỉ huy đơn vị xác nhận và đóng dấu). Hơn 10 ngày sau có người gọi điện thoại cho tôi bằng điện thoại di động yêu cầu tôi đến tòa án để hướng dẫn làm đơn khởi kiện. Vì vậy tôi muốn hỏi: Bây giờ tôi làm thế nào để tòa án trả lời cho tôi? Mong nhận được tư vấn của Ban biên tập Thư Ký Luật. Chân thành cảm ơn!","Điều 55 Luật Hôn nhân gia đình 2014 quy định về thuận tình ly hôn như sau: “Trong trường hợp vợ chồng cùng yêu cầu ly hôn, nếu xét thấy hai bên thật sự tự nguyện ly hôn và đã thỏa thuận về việc chia tài sản, việc trông nom, nuôi dưỡng, chăm sóc, giáo dục con trên cơ sở bảo đảm quyền lợi chính đáng của vợ và con thì Tòa án công nhận thuận tình ly hôn; nếu không thỏa thuận được hoặc có thỏa thuận nhưng không bảo đảm quyền lợi chính đáng của vợ và con thì Tòa án giải quyết việc ly hôn”.

Hồ sơ về giải quyết yêu cầu thuận tình ly hôn theo quy định tại Điều 312 Bộ luật tố tụng dân sự 2015 như sau:

“1. Người yêu cầu Tòa án giải quyết việc dân sự phải gửi đơn đến Tòa án có thẩm quyền quy định tại mục 2 Chương III của Bộ luật này.

2. Đơn yêu cầu phải có các nội dung chính sau đây:

a) Ngày, tháng, năm viết đơn;

b) Tên Tòa án có thẩm quyền giải quyết đơn;

c) Tên, địa chỉ của người yêu cầu;

d) Những vấn đề cụ thể yêu cầu Tòa án giải quyết và lý do, mục đích, căn cứ của việc yêu cầu Tòa án giải quyết việc dân sự đó;

đ) Tên, địa chỉ của những người có liên quan đến việc giải quyết đơn yêu cầu, nếu có;

e) Các thông tin khác mà người yêu cầu xét thấy cần thiết cho việc giải quyết yêu cầu;

g) Người yêu cầu là cá nhân phải ký tên hoặc điểm chỉ, nếu là cơ quan, tổ chức thì đại diện hợp pháp của cơ quan, tổ chức đó phải ký tên và đóng dấu vào phần cuối đơn.

3. Gửi kèm theo đơn yêu cầu là tài liệu, chứng cứ để chứng minh cho yêu cầu của mình là có căn cứ và hợp pháp”.

Đối với trường hợp thuận tình ly hôn, Tòa án vẫn tiến hành hòa giải để các bên thỏa thuận với nhau. Sau đó theo quy định tại Điều 314 Bộ luật tố tụng dân sự 2015, Tòa án sẽ tiến hành phiên họp để giải quyết vụ việc dân sự.

Theo thông tin bạn hỏi sau khi bạn nộp đơn thì có người gọi điện về đơn yêu cầu thì có thể đây là hình thức tống đạt trực tiếp để bổ sung đơn yêu cầu thuận tình ly hôn. Bạn nên có mặt tại Tòa đúng thời gian để giải quyết yêu cầu ly hôn của mình.

Trên đây là tư vấn của Ban biên tập Thư Ký Luật về hướng dẫn bổ sung thủ tục thuận tình ly hôn. Bạn nên tham khảo chi tiết Bộ luật tố tụng dân sự 2015 để nắm rõ quy định này.

Trân trọng!",quy_dinh_chung_ly_hon,,[],{},[],[],[],[],[]
Thủ tục nộp đơn xin ly hôn đơn phương được thực hiện như thế nào?,"Căn cứ theo Điều 53 Luật Hôn nhân và Gia đình 2014 quy định:

Căn cứ theo Điều 191 Bộ luật Tố tụng dân sự 2015 quy định như sau:

Theo quy định trên, thủ tục nộp đơn xin ly hôn bao gồm các bước sau:

Bước 1: Nộp đơn trực tiếp hoặc gửi qua dịch vụ bưu chính. Tòa án tiếp nhận đơn và trường hợp Tòa án nhận đơn khởi kiện được gửi bằng phương thức gửi trực tuyến thì Tòa án in ra bản giấy và phải ghi vào sổ nhận đơn.

Gửi giấy xác nhận đã nhận đơn khởi kiện cho người khởi kiện.

Bước 2: Trong thời hạn 03 ngày làm việc, kể từ ngày nhận được đơn yêu cầu ly hôn, Chánh án Tòa án phân công một Thẩm phán xem xét đơn yêu cầu

Bước 3: Thời hạn 05 ngày làm việc, kể từ ngày được phân công, Thẩm phán phải xem xét đơn yêu cầu ly hôn và có một trong các quyết định sau đây.

- Yêu cầu sửa đổi, bổ sung đơn yêu cầu ly hôn.

- Tiến hành thủ tục thụ lý vụ án theo thủ tục thông thường hoặc theo thủ tục rút gọn nếu vụ án có đủ điều kiện để giải quyết theo thủ tục rút gọn quy định.

- Chuyển đơn khởi kiện cho Tòa án có thẩm quyền và thông báo cho người khởi kiện nếu vụ án thuộc thẩm quyền giải quyết của Tòa án khác;

- Trả lại đơn khởi kiện cho người khởi kiện nếu vụ việc đó không thuộc thẩm quyền giải quyết của Tòa án.

Bước 4: Thông báo kết quả xử lý đon cho người khởi kiện.

Trân trọng!",quy_dinh_chung_ly_hon,,[],{},[],[],[],[],[]
"Vợ chồng anh chị Hoàng và Dung đang nuôi con nhỏ 6 tháng tuổi. Do mâu thuẫn trong hôn nhân, anh Hoàng muốn đơn phương ly hôn. Xin hỏi, tòa án có chấp nhận cho anh Hoàng ly hôn không?","Căn cứ Điều 51 Luật hôn nhân gia đình 2014 quy định về quyền yêu cầu giải quyết ly hôn như sau:

- Vợ, chồng hoặc cả hai người có quyền yêu cầu Tòa án giải quyết ly hôn.

- Cha, mẹ, người thân thích khác có quyền yêu cầu Tòa án giải quyết ly hôn khi một bên vợ, chồng do bị bệnh tâm thần hoặc mắc bệnh khác mà không thể nhận thức, làm chủ được hành vi của mình, đồng thời là nạn nhân của bạo lực gia đình do chồng, vợ của họ gây ra làm ảnh hưởng nghiêm trọng đến tính mạng, sức khỏe, tinh thần của họ.

- Chồng không có quyền yêu cầu ly hôn trong trường hợp vợ đang có thai, sinh con hoặc đang nuôi con dưới 12 tháng tuổi.

Như vậy: vợ chồng hoặc cả 2 đều có quyền yêu cầu tòa giải quyết ly hôn. Tuy nhiên nếu cả 2 đang nuôi con nhỏ dưới 12 tháng tuổi thì người chồng không được quyền yêu cầu ly hôn. Do đó, yêu cầu ly hôn của anh Hoàng sẽ không được tòa án thụ lý.

Trên đây là nội dung tư vấn.",quy_dinh_chung_ly_hon,Tình huống,"[""Luat_HNGD_2014""]","{""Luat_HNGD_2014_Dieu_51"": ""CON_HIEU_LUC""}","[""Luat_HNGD_2014_Dieu_51""]",[],[],[],[]
Thủ tục đơn phương ly hôn khi chồng đang ở nước ngoài năm 2024?,"Căn cứ Điều 227 Bộ luật Tố tụng dân sự 2015 quy định sự có mặt của đương sự, người đại diện, người bảo vệ quyền và lợi ích hợp pháp của đương sự:

Căn cứ Công văn 253/TANDTC-PC năm 2018 về giải quyết vụ án ly hôn có bị đơn là người Việt Nam ở nước ngoài nhưng không rõ địa chỉ như sau:

Theo hướng dẫn của Tòa án nhân dân tối cao thì thủ tục đơn phương ly hôn khi chồng ở nước ngoài được thực hiện như sau:

Trường hợp 1 : Chồng đang ở nước ngoài không thể về vì sự kiện bất khả kháng hoặc trở ngại khách quan thì Tòa án có thể hoãn phiên tòa.

Nếu người chồng ở nước ngoài không có địa chỉ, không có tin tức gì về họ thì tòa quyết định tạm đình chỉ vụ việc. (Quy định tại Tiểu mục 2 Mục 2 Nghị quyết 01/2003/NQ-HĐTP )

Nếu không xác định địa chỉ của người chồng ở nước ngoài thì có thể yêu cầu tòa án đề nghị cơ quan có thẩm quyền xác định địa chỉ hoặc tìm kím người vắng mặt hoặc yêu cầu tòa án tuyên bố người chồng đã mất tích hoặc đã chết theo quy định của pháp luật (Quy định tại khoản 2 Điều 473 Bộ luật Tố tụng dân sự 2015 )

Sau khi có tuyên bố mất tích/đã chết, người vợ có yêu cầu ly hôn có thể đính kèm đơn tuyên bố mất tích hoặc đã chết vào hồ sơ ly hôn đơn phương và giải quyết ly hôn theo trường hợp mất tích/đã chết.

Trường hợp 2 : Chồng đang ở nước ngoài cố tình không về Việt Nam để giải quyết ly hôn

Nếu người chồng không cung cấp thông tin địa chỉ hoặc thông qua người nhà mà có căn cứ để xác định họ vẫn có liên hệ với người nhà nhưng người nhà không cung cấp địa chỉ thông tin thì tòa án coi đây là trường hợp bị đơn cố tình giấu địa chỉ, từ chối khai báo, từ chối cung cấp những tài liệu cần thiết.

Khi đó, tòa án sẽ yêu cầu lần thứ hai mà người nhà không chịu cung cấp thông tin địa chỉ thì tòa án xét xử vụ án ly hôn vắng mặt của người chồng.

Sau khi xét xử thì tòa án gửi cho người nhà của người chồng bản sao bản án hoặc quyết định để những người này chuyển cho người chồng và niêm yết công khai bản sao bản án, quyết định tại các địa điểm sau để người chồng hoặc người nhà có thể kháng cáo.

- Trụ sở UBND cấp xã nơi người chồng cư trú cuối cùng;

- Trụ sở UBND cấp xã nơi người nhà của người chồng cư trú.",quy_dinh_chung_ly_hon,,[],{},[],[],[],[],[]
"Em và chồng em quyết định thuận tình ly hôn, mọi vấn đề về tài sản chung, con cái chúng em đều đã thỏa thuận ổn thỏa. Chúng em đã nộp đơn ra tòa. Vậy Ban tư vấn cho em hỏi thuận tình ly hôn thì sau bao lâu sẽ chấm dứt hôn nhân? Mong sớm nhận được phản hồi từ Ban tư vấn. Chân thành cảm ơn Ban tư vấn rất nhiều!
Thùy Linh - linh*****@gmail.com","Theo quy định tại Bộ luật tố tụng dân sự 2015 thì thời gian giải quyết thủ tục thuận tình ly hôn sẽ được thực hiện như sau:

- Trong thời hạn 03 ngày làm việc, kể từ ngày nhận đơn yêu cầu công nhận thuận tình ly hôn, Chánh án Tòa án phân công Thẩm phán giải quyết đơn yêu cầu.

- Khi xét thấy đơn yêu cầu đủ điều kiện thụ lý thì Thẩm phán sẽ thông báo cho người yêu cầu về việc nộp lệ phí yêu cầu giải quyết việc dân sự trong thời hạn 05 ngày làm việc, kể từ ngày nhận được thông báo nộp lệ phí.

- Trong thời hạn 03 ngày làm việc, kể từ ngày thụ lý đơn yêu cầu, Tòa án phải thông báo bằng văn bản cho người yêu cầu.

- Thời hạn chuẩn bị xét đơn yêu cầu là 01 tháng, kể từ ngày Tòa án thụ lý đơn yêu cầu.

- Trong thời hạn chuẩn bị xét đơn yêu cầu, Thẩm phán phải tiến hành hòa giải để vợ chồng đoàn tụ.

- Trường hợp hòa giải đoàn tụ không thành thì hết thời hạn 07 ngày kể từ ngày hòa giải không thành Thẩm phán ra quyết định công nhận thuận tình ly hôn và sự thỏa thuận của các đương sự có đầy đủ các điều kiện sau đây:

+ Hai bên thực sự tự nguyện ly hôn;

+ Hai bên đã thỏa thuận được với nhau về việc chia hoặc không chia tài sản chung, việc trông nom, nuôi dưỡng, chăm sóc, giáo dục con;

+ Sự thỏa thuận phải bảo đảm quyền lợi chính đáng của vợ, con.

- Quyết định công nhận sự thỏa thuận của các đương sự có hiệu lực pháp luật ngay sau khi được ban hành.

=> Quan hệ hôn nhân chấm dứt kể từ ngày quyết định công nhận thuận tình ly hôn có hiệu lực pháp luật.

Mong rằng những tư vấn của chúng tôi sẽ giúp giải đáp được những vướng mắc của bạn.

Chúc sức khỏe và thành công!",quy_dinh_chung_ly_hon,,[],{},[],[],[],[],[]
Thủ tục ly hôn khi một bên mất tích được thực hiện như thế nào?,"Để tiến hành thủ tục đơn phương ly hôn, người vợ hoặc chồng của người bị tuyên bố mất tích phải có quyết định tuyên bố mất tích từ Tòa án có thẩm quyền.

Thủ tục giải quyết yêu cầu Tòa án tuyên bố mất tích được quy định tại Chương XXVI Bộ luật Tố tụng dân sự 2015 .

Sau khi đã có quyết định từ Tòa án, người vợ hoặc chồng của người bị tuyên bố mất tích thực hiện ly hôn như sau:

Bước 1 : Người vợ hoặc chồng của người bị tuyên bố mất tích phải chuẩn bị đầy đủ hồ sơ, giấy tờ, tài liệu trong đó có quyết định tuyên bố mất tích của Tòa án để nộp cho Tòa án, chờ Tòa án thụ lý đơn ly hôn.

Bước 2 : Sau khi nhận được đơn ly hôn đơn phương, Tòa án sẽ xem xét có nhận và thụ lý vụ án ly hôn không. Nếu xét thấy có căn cứ để xét đơn ly hôn đơn phương thì yêu cầu người nộp đơn nộp án phí tạm ứng.

Bước 3 : Tòa án tiến hành giải quyết vụ án theo thủ tục giải quyết vụ việc tố tụng dân sự.

Trân trọng!",quy_dinh_chung_ly_hon,,[],{},[],[],[],[],[]
Vợ chồng tôi kết hôn đầu năm 1998. Đến cuối năm 1998 sinh được 1 con gái. Chúng tôi sống chung với nhau được 5 năm. Và bắt đầu ly thân từ tháng 6- 2006 đến nay. Về tài sản chung chúng tôi không có gì. Tôi nuôi con một mình từ đó đến nay. Chồng tôi không có bất kì kết hợp dân sự nào trong thời gian này. Vậy tôi xin hỏi: tôi có thể trình đơn lên tòa án đơn xin giải quyết ly hôn đơn phương không? Thủ tục tôi phải làm như thế nào? Lệ phí là bao nhiêu? Mong nhận được tư vấn của Ban biên tập Thư Ký Luật. Chân thành cảm ơn,"Theo Điều 11 Nghị quyết 01/2012/NQ-HĐTP quy định như sau:

Xác định nghĩa vụ nộp tiền tạm ứng án phí dân sự sơ thẩm trong vụ án hôn nhân và gia đình như sau:

a) Trường hợp vợ hoặc chồng có yêu cầu thì người yêu cầu phải nộp tiền tạm ứng án phí dân sự sơ thẩm là 200.000 đồng;

b) Trường hợp cả vợ và chồng cùng có yêu cầu thì mỗi người phải nộp tiền tạm ứng án phí dân sự sơ thẩm là 100.000 đồng.

Trường hợp ngoài yêu cầu ly hôn, đương sự còn yêu cầu chia tài sản chung của vợ chồng theo quy định của pháp luật hoặc yêu cầu chia 1/2 giá trị tài sản chung của vợ chồng thì người có yêu cầu phải nộp tiền tạm ứng án phí đối với 1/2 giá trị tài sản chung của vợ chồng.

Trường hợp ngoài yêu cầu ly hôn, đương sự còn yêu cầu chia tài sản chung của vợ chồng thì họ phải nộp tiền tạm ứng án phí dân sự sơ thẩm tương ứng với phần họ yêu cầu chia trong giá trị tài sản mà Tòa án tạm tính theo hướng dẫn tại Điều 7 của Nghị quyết này.

Như vậy, án phí khi ly hôn không có tranh chấp về tài sản là 200.000 đồng.

Trên đây là tư vấn của Ban biên tập Thư Ký Luật về lệ phí giải quyết yêu cầu đơn phương ly hôn. Bạn nên tham khảo chi tiết Nghị quyết 01/2012/NQ-HĐTP để nắm rõ quy định này.

Trân trọng!",quy_dinh_chung_ly_hon,Tình huống,"[""NghiQuyet_01_2012_NQ_HDTP""]","{""NghiQuyet_01_2012_NQ_HDTP_Dieu_11"": ""CON_HIEU_LUC""}",[],"[""NghiQuyet_01_2012_NQ_HDTP_Dieu_11""]",[],[],[]
"Cho em hỏi thủ tục thuận tình ly hôn như thế nào, mất bao lâu thì có thể ly hôn được? Con của vợ chồng em được 12 tháng tuổi vậy em là chồng thì em có thể dành quyền nuôi con hay không? Mong nhận được tư vấn của Ban biên tập Thư Ký Luật. Chân thành cảm ơn!","Tại Điều 55 Luật hôn nhân và gia đình 2014 quy định về thuận tình ly hôn như sau: Trong trường hợp vợ chồng cùng yêu cầu ly hôn, nếu xét thấy hai bên thật sự tự nguyện ly hôn và đã thỏa thuận về việc chia tài sản, việc trông nom, nuôi dưỡng, chăm sóc, giáo dục con trên cơ sở bảo đảm quyền lợi chính đáng của vợ và con thì Tòa án công nhận thuận tình ly hôn; nếu không thỏa thuận được hoặc có thỏa thuận nhưng không bảo đảm quyền lợi chính đáng của vợ và con thì Tòa án giải quyết việc ly hôn.

Căn cứ chương XXVIII Bộ luật tố tụng dân sự 2015 thì thủ tục giải quyết thuận tình ly hôn như sau:

+ Bước 1: Nộp hồ sơ yêu cầu công nhận thuận tình ly hôn tại Tòa án nhân dân cấp quận/huyện nơi cư trú, làm việc của vợ hoặc chồng (trong trường hợp vợ hoặc chồng ở nước ngoài thì nộp đơn tại TAND cấp tỉnh).

+ Bước 2: Sau khi nhận đơn yêu cầu công nhận thuận tình ly hôn cùng hồ sơ hợp lệ Tòa án sẽ thụ lý giải quyết và sẽ ra thông báo nộp tiền tạm ứng lệ phí Toà án cho người đã nộp đơn;

+ Bước 3: Căn cứ thông báo của Toà án, đương sự nộp tiền tạm ứng lệ phí tại Chi cục thi hành án dân sự cấp quận/huyện và nộp lại biên lai nộp tiền cho Tòa án (Nếu TAND cấp tỉnh giải quyết thì nộp tại Cục thi hành án dân sự cấp tỉnh).

+ Bước 4: Tòa án mở phiên họp công khai để giải quyết việc yêu cầu công nhận thuận tình ly hôn.

+ Bước 5: Toà án ra quyết định công nhận việc thuận tình ly hôn.

Thời gian giải quyết thuận tình ly hôn thông thường sẽ từ 20 ngày đến 40 ngày.

Hồ sơ yêu cầu công nhận thuận tình ly hôn gồm có:

+ Giấy chứng nhận đăng kí kết hôn (bản chính hoặc bản trích lục trong trường hợp mất bản chính);

+ Chứng minh thư nhân dân hoặc hộ chiếu của vợ và chồng (bản sao có chứng thực);

+ Giấy khai sinh của các con (bản sao có chứng thực);

+ Sổ hộ khẩu gia đinh (bản sao có chứng thực);

+ Các tài liệu, chứng cứ khác chứng minh tài sản chung như: GCNQSDĐ (sổ đỏ); Đăng ký xe; sổ tiết kiệm… (bản sao);

+ Đơn yêu cầu công nhận thuận tình ly hôn.

Tại Điều 81 Luật hôn nhân và gia đình 2014 quy định về việc trông nom, chăm sóc, nuôi dưỡng, giáo dục con sau khi ly hôn như sau:

+ Sau khi ly hôn, cha mẹ vẫn có quyền, nghĩa vụ trông nom, chăm sóc, nuôi dưỡng, giáo dục con chưa thành niên, con đã thành niên mất năng lực hành vi dân sự hoặc không có khả năng lao động và không có tài sản để tự nuôi mình.

+  Vợ, chồng thỏa thuận về người trực tiếp nuôi con, nghĩa vụ, quyền của mỗi bên sau khi ly hôn đối với con; trường hợp không thỏa thuận được thì Tòa án quyết định giao con cho một bên trực tiếp nuôi căn cứ vào quyền lợi về mọi mặt của con; nếu con từ đủ 07 tuổi trở lên thì phải xem xét nguyện vọng của con.

+  Con dưới 36 tháng tuổi được giao cho mẹ trực tiếp nuôi, trừ trường hợp người mẹ không đủ điều kiện để trực tiếp trông nom, chăm sóc, nuôi dưỡng, giáo dục con hoặc cha mẹ có thỏa thuận khác phù hợp với lợi ích của con.

Như vậy, trong trường hợp của bạn, con bạn mới 12 tháng tuổi thì được giao cho mẹ trực tiếp nuôi, trừ trường hợp người mẹ không đủ điều kiện để trực tiếp trông nom, chăm sóc, nuôi dưỡng, giáo dục con hoặc cha mẹ có thỏa thuận khác phù hợp với lợi ích của con.

Trên đây là tư vấn của Ban biên tập Thư Ký Luật về thủ tục thuận tình ly hôn, quyền nuôi con khi ly hôn. Bạn nên tham khảo chi tiết Luật hôn nhân và gia đình 2014 để nắm rõ quy định này.

Trân trọng!",quy_dinh_chung_ly_hon,,[],{},[],[],[],[],[]
Có được thay đổi ý kiến tại buổi hòa giải của thuận tình ly hôn không?,"Anh chị cho em hỏi, hai vợ chồng em đồng ý ly hôn và thỏa thuận vợ là người nuôi con. Tòa án hẹn cuối tháng 3 này hai vợ chồng lên Tòa án để tiến hành hòa giải. Em muốn hỏi là, tại buổi hòa giải, em thay đổi ý kiến, không muốn cho vợ là người nuôi con, em muốn giành quyền nuôi con thì có được không?

Trả lời:

Khoản 4 Điều 70 Bộ luật Tố tụng dân sự 2015 , đương sự có quy định về quyền, nghĩa vụ sau đây:

- Giữ nguyên, thay đổi, bổ sung hoặc rút yêu cầu theo quy định của Bộ luật này.

Bên cạnh đó, Khoản 5 Điều 397 Bộ luật tố tụng dân sự 2015 có quy định:

- Trường hợp hòa giải đoàn tụ không thành và các đương sự không thỏa thuận được về việc chia tài sản, việc trông nom, nuôi dưỡng, chăm sóc, giáo dục con thì Tòa án đình chỉ giải quyết việc dân sự về công nhận thuận tình ly hôn, thỏa thuận nuôi con, chia tài sản khi ly hôn và thụ lý vụ án để giải quyết. Tòa án không phải thông báo về việc thụ lý vụ án, không phải phân công lại Thẩm phán giải quyết vụ án. Việc giải quyết vụ án được thực hiện theo thủ tục chung do Bộ luật này quy định.

Theo đó, bạn hoàn toàn được thay đổi ý kiến, nguyện vọng của mình tại buổi hòa giải trong giải quyết thuận tình ly hôn.",quy_dinh_chung_ly_hon,,[],{},[],[],[],[],[]
Khi nào Tòa án công nhận thuận tình ly hôn?,"Căn cứ theo Điều 55 Luật Hôn nhân và gia đình 2014 quy định về thuận tình ly hôn như sau:

Như vậy, Tòa án công nhận thuận tình ly hôn khi vợ chồng cùng yêu cầu ly hôn, nếu xét thấy hai bên thật sự tự nguyện ly hôn và đã thỏa thuận về việc chia tài sản , việc trông nom, nuôi dưỡng, chăm sóc, giáo dục con trên cơ sở bảo đảm quyền lợi chính đáng của vợ và con.",quy_dinh_chung_ly_hon,Lý thuyết,"[""Luat_HNGD_2014""]","{""Luat_HNGD_2014_Dieu_55"": ""CON_HIEU_LUC""}","[""Luat_HNGD_2014_Dieu_55""]",[],[],[],[]
Ly hôn có buộc phải hòa giải cơ sở?,"Vợ chồng tôi do có nhiều mâu thuẫn dẫn đến ly hôn, chúng tôi đã thỏa thuận về tài sản, con chung. Cho tôi hỏi về thủ tục chúng tôi có phải qua hòa giải cơ sở không? Chân thành cảm ơn!",quy_dinh_chung_ly_hon,,[],{},[],[],[],[],[]
"Hai vợ chồng tôi chưa có con, thuận tình ly hôn mà vợ tôi đang ở nước ngoài thì bố mẹ vợ tôi có thể ký thay vào đơn ly hôn được không?","Tại Điều 396 Bộ luật Dân sự 2015 có quy định như sau:

- Vợ, chồng yêu cầu Tòa án công nhận thuận tình ly hôn, thỏa thuận nuôi con, chia tài sản khi ly hôn phải có đơn yêu cầu. Đơn phải có các nội dung quy định tại khoản 2 Điều 362 của Bộ luật Tố tụng Dân sự 2015.

- Vợ, chồng cùng yêu cầu Tòa án công nhận thuận tình ly hôn, thỏa thuận nuôi con, chia tài sản khi ly hôn phải ký tên hoặc điểm chỉ vào đơn yêu cầu. Trong trường hợp này vợ, chồng cùng được xác định là người yêu cầu.

Theo quy định này nếu vợ chồng bạn thuận tình ly hôn thì cả vợ và chồng phải ký tên hoặc điểm chỉ vào đơn yêu cầu công nhận thuận thuận tình ly hôn.

Như vậy, trường hợp này bố mẹ vợ không được kí thay vào đơn yêu cầu công nhận thuận tình ly hôn.

Trân trọng!",quy_dinh_chung_ly_hon,Tình huống,"[""BoLuat_DanSu_2015""]","{""BoLuat_DanSu_2015_Dieu_396"": ""CON_HIEU_LUC""}","[""BoLuat_DanSu_2015_Dieu_396""]",[],[],[],[]
Xé giấy đăng ký kết hôn thì có chấm dứt quan hệ hôn nhân không?,"Căn cứ theo Điều 9 Luật Hôn nhân và gia đình 2014 quy định về đăng ký kết hôn như sau:

Theo khoản 7 Điều 4 Luật Hộ tịch 2014 giải thích về giấy chứng nhận kết hôn như sau:

Tại Điều 57 Luật Hôn nhân và gia đình 2014 quy định về thời điểm chấm dứt hôn nhân và trách nhiệm gửi bản án, quyết định ly hôn như sau:

Đồng thời tại Điều 65 Luật Hôn nhân và gia đình 2014 quy định về thời điểm chấm dứt hôn nhân như sau:

Qua những quy định trên có thể thấy, quan hệ hôn nhân chỉ có giá trị pháp lý khi 02 bên đã đăng ký kết hôn tại cơ quan có thẩm quyền và được xác nhận bằng giấy chứng nhận kết hôn hay còn gọi với cái tên khác là giấy đăng ký kết hôn.

Theo quy định của pháp luật về hôn nhân gia đình hiện nay chỉ ghi nhận 02 trường hợp chấm dứt quan hệ hôn nhân là:

[1] Chấm dứt quan hệ hôn nhân do bản án, quyết định của Tòa án

[2] Chấm dứt do một bên vợ chồng chết hoặc được Tòa án tuyên bố là đã chết.

Do đó, việc xé giấy đăng ký kết hôn không phải là căn cứ xác định tình trạng quan hệ hôn nhân đã chấm dứt, nhưng giấy đăng ký kết hôn là một trong những giấy tờ cần thiết để thực hiện thủ tục ly hôn.

Xé giấy đăng ký kết hôn thì có chấm dứt quan hệ hôn nhân không? (Hình từ Internet)",quy_dinh_chung_ly_hon,Lý thuyết,"[""Luat_HNGD_2014"", ""Luat_HoTich_2014""]","{""Luat_HNGD_2014_Dieu_9"": ""CON_HIEU_LUC"", ""Luat_HNGD_2014_Dieu_57"": ""CON_HIEU_LUC"", ""Luat_HNGD_2014_Dieu_65"": ""CON_HIEU_LUC"", ""Luat_HoTich_2014_Dieu_4_Khoan_7"": ""CON_HIEU_LUC""}","[""Luat_HNGD_2014_Dieu_9"", ""Luat_HNGD_2014_Dieu_57"", ""Luat_HNGD_2014_Dieu_65"", ""Luat_HoTich_2014_Dieu_4_Khoan_7""]",[],[],[],[]
"Em đang là sinh viên, hiện em đang có đôi chút thắc mắc liên quan đến luật và muốn nhờ anh chị giải đáp. Cụ thể, cho em hỏi: Như thế nào được coi là thuận tình ly hôn? Mong sớm nhận được sự phản hồi. Xin cảm ơn!","Căn cứ theo Điều 55 Luật hôn nhân và gia đình 2014 thì thuận tình ly hôn được quy định như sau:

Trong trường hợp vợ chồng cùng yêu cầu ly hôn , nếu xét thấy hai bên thật sự tự nguyện ly hôn và đã thỏa thuận về việc chia tài sản, việc trông nom, nuôi dưỡng, chăm sóc, giáo dục con trên cơ sở bảo đảm quyền lợi chính đáng của vợ và con thì Tòa án công nhận thuận tình ly hôn; nếu không thỏa thuận được hoặc có thỏa thuận nhưng không bảo đảm quyền lợi chính đáng của vợ và con thì Tòa án giải quyết việc ly hôn.

Trên đây là nội dung trả lời về thuận tình ly hôn. Bạn có thể tham khảo thêm thông tin về vấn đề này tại Luật hôn nhân và gia đình 2014.

Trân trọng!",quy_dinh_chung_ly_hon,Lý thuyết,"[""Luat_HNGD_2014""]","{""Luat_HNGD_2014_Dieu_55"": ""CON_HIEU_LUC""}","[""Luat_HNGD_2014_Dieu_55""]",[],[],[],[]
Những trường hợp nào không được đơn phương ly hôn?,"Căn cứ theo Điều 51 Luật Hôn nhân và gia đình 2014 quy định về quyền yêu cầu giải quyết ly hôn như sau:

Theo quy định pháp luật, quyền đơn phương ly hôn của người chồng được giới hạn nhằm bảo vệ quyền lợi hợp pháp của người vợ và con trong giai đoạn hôn nhân. Cụ thể, người chồng không được quyền đơn phương yêu cầu ly hôn trong 03 trường hợp sau:

- Khi đang mang thai.

- Khi vừa sinh con.

- Khi đang nuôi con dưới 12 tháng tuổi.

Ngoài ra, nếu vợ hoặc chồng không cung cấp được chứng cứ chứng minh những mâu thuẫn, ảnh hưởng trong quan hệ hôn nhân, Tòa án sẽ không xem xét, giải quyết yêu cầu ly hôn đơn phương.

*Trên đây là nội dung thông tin về Những trường hợp nào không được đơn phương ly hôn?

Những trường hợp nào không được đơn phương ly hôn? (Hình từ Internet)",quy_dinh_chung_ly_hon,Lý thuyết,"[""Luat_HNGD_2014""]","{""Luat_HNGD_2014_Dieu_51"": ""CON_HIEU_LUC""}","[""Luat_HNGD_2014_Dieu_51""]",[],[],[],[]
Thủ tục ly hôn khi vợ đi xuất khẩu lao động không về như thế nào?,Vợ tôi đã đi xuất khẩu lao động ở Đài Loan từ năm 2012 đến nay không về. Tôi muốn đi bước nữa nên cần làm thủ tục ly hôn với vợ cũ. Tôi cần đi đến đâu và chuẩn bị hồ sơ như thế nào,quy_dinh_chung_ly_hon,,[],{},[],[],[],[],[]
Vợ mới sinh con có được yêu cầu ly hôn không?,"Căn cứ Điều 51 Luật Hôn nhân và gia đình 2014 có quy định quyền yêu cầu giải quyết ly hôn như sau:

Như vậy, theo quy định như trên, bạn không có quyền yêu cầu tòa án giải quyết ly hôn khi vợ bạn đang nuôi con nhỏ dưới 12 tháng tuổi.",quy_dinh_chung_ly_hon,Tình huống,"[""Luat_HNGD_2014""]","{""Luat_HNGD_2014_Dieu_51"": ""CON_HIEU_LUC""}","[""Luat_HNGD_2014_Dieu_51""]",[],[],[],[]
1. Thuận tình ly hôn thì bên nào phải trả án phí sơ thẩm?,"Căn cứ Điều 147 Bộ luật tố tụng dân sự 2015 có quy định về nghĩa vụ chịu án phí sơ thẩm như sau:

Như vậy, theo quy định như trên, trong trường hợp thuận tình ly hôn thì hai bên phải chịu án phí sơ thẩm. Án phí sẽ được chia đôi và mỗi bên chịu một nửa.",quy_dinh_chung_ly_hon,,[],{},[],[],[],[],[]
Mẫu đơn thuận tình ly hôn với người nước ngoài hôn năm 2023?,"Căn cứ theo khoản 2 Điều 29 Bộ luật Tố tụng dân sự 2015 , yêu cầu công nhận thuận tình ly hôn thuộc thẩm quyền giải quyết của Tòa án và là yêu giải quyết vụ việc dân sự.

Cho nên mẫu đơn thuận tình ly hôn với người nước ngoài là mẫu số 01-VDS - Đơn yêu cầu giải quyết vụ việc dân sự được ban hành kèm theo Nghị quyết 04/2018/NQ-HĐTP.

Tải Mẫu Đơn thuận tình ly hôn với người nước ngoài năm 2023 tại đây. Tải về .",quy_dinh_chung_ly_hon,Lý thuyết,[],{},[],[],[],[],[]
Thuận tình ly hôn nhưng không tham gia phiên họp có bị đình chỉ việc ly hôn?,"Chào anh chị. Em có đơn ly hôn thuận tình, đã bàn bạc về tài sản và con cái nhưng em không có khả năng tham gia phiên họp vì lý do sức khỏe. Có cách nào để giải quyết đơn ly hôn vắng mặt em không ạ? Em đã đọc một số trang luật nói không tham gia thì bị đình chỉ vụ việc của em đúng không ạ?",quy_dinh_chung_ly_hon,,[],{},[],[],[],[],[]
"Hai vợ chồng đều thuận tình ly hôn, nhưng anh chồng lại không chịu ra mặt để giải quyết thủ tục. Có cách nào vắng mặt đương sự mà Tòa án vẫn công nhận sự thỏa thuận của các đương sự, cho vợ chồng ly hôn không ạ?","Điều 397 Bộ luật Tố tụng dân sự 2015 quy định về Hòa giải và công nhận thuận tình ly hôn, thỏa thuận nuôi con, chia tài sản khi ly hôn như sau:

1. Trong thời hạn chuẩn bị xét đơn yêu cầu, trước khi tiến hành hòa giải để vợ chồng đoàn tụ, khi xét thấy cần thiết, Thẩm phán có thể tham khảo ý kiến của cơ quan quản lý nhà nước về gia đình, cơ quan quản lý nhà nước về trẻ em về hoàn cảnh gia đình, nguyên nhân phát sinh mâu thuẫn và nguyện vọng của vợ, chồng, con có liên quan đến vụ án.

2. Thẩm phán phải tiến hành hòa giải để vợ chồng đoàn tụ; giải thích về quyền và nghĩa vụ giữa vợ và chồng, giữa cha, mẹ và con, giữa các thành viên khác trong gia đình, về trách nhiệm cấp dưỡng và các vấn đề khác liên quan đến hôn nhân và gia đình.

3. Trường hợp sau khi hòa giải, vợ, chồng đoàn tụ thì Thẩm phán ra quyết định đình chỉ giải quyết yêu cầu của họ.

4. Trường hợp hòa giải đoàn tụ không thành thì Thẩm phán ra quyết định công nhận thuận tình ly hôn và sự thỏa thuận của các đương sự theo quy định tại Điều 212 của Bộ luật này khi có đầy đủ các điều kiện sau đây:

a) Hai bên thực sự tự nguyện ly hôn;

b) Hai bên đã thỏa thuận được với nhau về việc chia hoặc không chia tài sản chung, việc trông nom, nuôi dưỡng, chăm sóc, giáo dục con;

c) Sự thỏa thuận phải bảo đảm quyền lợi chính đáng của vợ, con.

5. Trường hợp hòa giải đoàn tụ không thành và các đương sự không thỏa thuận được về việc chia tài sản, việc trông nom, nuôi dưỡng, chăm sóc, giáo dục con thì Tòa án đình chỉ giải quyết việc dân sự về công nhận thuận tình ly hôn, thỏa thuận nuôi con, chia tài sản khi ly hôn và thụ lý vụ án để giải quyết. Tòa án không phải thông báo về việc thụ lý vụ án, không phải phân công lại Thẩm phán giải quyết vụ án. Việc giải quyết vụ án được thực hiện theo thủ tục chung do Bộ luật này quy định.

Như vậy, theo quy định trên thì tòa án phải tổ chức hòa giải đoàn tụ. Sau khi hòa giải đoàn tụ không thành thì mới xem xét công nhận thuận tình ly hôn và sự thỏa thuận của các đương sự nếu đáp ứng đầy đủ các điều kiện luật định. Mà muốn hòa giải đoàn tụ thì phải có mặt cả hai bên đương sự. Ở đây, rõ ràng tòa sẽ không thể tiến hành tổ chức hòa giải đoàn tụ được vì một bên yêu cầu xin vắng mặt và chỉ có bên còn lại tham gia phiên hòa giải.

Do đó, nếu một bên vắng mặt thì sẽ chỉ giải quyết được đối với trường hợp đơn phương ly hôn, nếu thuận tình ly hôn thì phải có mặt hai bên.

Trân trọng!",quy_dinh_chung_ly_hon,,[],{},[],[],[],[],[]
"Nghĩa vụ chịu lệ phí khi thuận tình ly hôn được quy định như thế nào? Bạn đọc Hồng Anh, địa chỉ mail Anhbeu****@gmail.com hỏi: Tôi và chồng thuận tình ly hôn. Cho tôi hỏi trong trường hợp của tôi thì nghĩa vụ chịu lệ phí được quy định như thế nào? Và văn bản pháp luật nào quy định về điều này? Mong Ban biên tập Thư Ký Luật trả lời giúp tôi. Xin cám ơn!","Nội dung mà bạn hỏi liên quan tới nghĩa vụ chịu lệ phí trong tố tụng dân sự được quy định tại Bộ luật tố tụng dân sự 2015 (Có hiệu lực từ ngày 01/07/2016).

Theo đó, nghĩa vụ chịu lệ phí được xác định tùy theo từng loại việc dân sự cụ thể và do luật quy định.

Đối với yêu cầu công nhận thuận tình ly hôn, thỏa thuận nuôi con, chia tài sản khi ly hôn thì vợ, chồng có thể thỏa thuận về việc chịu lệ phí, trừ trường hợp được miễn hoặc không phải chịu lệ phí theo quy định của pháp luật.

Trường hợp vợ, chồng không thỏa thuận được người có nghĩa vụ chịu lệ phí thì mỗi người phải chịu một nửa lệ phí.

(Điều 149 Bộ luật tố tụng dân sự 2015)

Trên đây là trả lời của Ban biên tập Thư Ký Luật về nghĩa vụ chịu lệ phí trong tố tụng dân sự được quy định tại Bộ luật tố tụng dân sự 2015. Bạn vui lòng tham khảo văn bản này để có thể hiểu rõ hơn.

Trân trọng!",quy_dinh_chung_ly_hon,,[],{},[],[],[],[],[]
Mẫu đơn thuận tình ly hôn file word mới nhất 2025?,"Căn cứ theo khoản 14 Điều 3 Luật Hôn nhân và gia đình 2014 quy định ly hôn là việc chấm dứt quan hệ vợ chồng theo bản án, quyết định có hiệu lực pháp luật của Tòa án.

Dưới đây là mẫu đơn thuận tình ly hôn mới nhất 2025 tham khảo:

Tải về: Đơn thuận tình ly hôn mới nhất 2025

Mẫu đơn thuận tình ly hôn file word mới nhất 2025? (Hình từ Internet)",quy_dinh_chung_ly_hon,Lý thuyết,"[""Luat_HNGD_2014""]","{""Luat_HNGD_2014_Dieu_3_Khoan_14"": ""CON_HIEU_LUC""}","[""Luat_HNGD_2014_Dieu_3_Khoan_14""]",[],[],[],[]
"Cho em hỏi: vợ chồng em đang làm ly hôn thuận tình, Tòa án hẹn tuần sau 2 vợ chồng đến hòa giải. Nếu đến khi hòa giải vợ em thay đổi ý kiến không muốn ly hôn nữa thì sao?","Khoản 5 Điều 397 Bộ luật tố tụng dân sự năm 2015 quy định như sau:

Trường hợp hòa giải đoàn tụ không thành và các đương sự không thỏa thuận được về việc chia tài sản, việc trông nom, nuôi dưỡng, chăm sóc, giáo dục con thì Tòa án đình chỉ giải quyết việc dân sự về công nhận thuận tình ly hôn, thỏa thuận nuôi con, chia tài sản khi ly hôn và thụ lý vụ án để giải quyết. Tòa án không phải thông báo về việc thụ lý vụ án, không phải phân công lại Thẩm phán giải quyết vụ án. Việc giải quyết vụ án được thực hiện theo thủ tục chung do Bộ luật này quy định.

Như vậy, nếu hòa giải không thành và các bên thay đổi ý kiến thì Tòa án đình chỉ giải quyết việc dân sự về công nhận thuận tình ly hôn và thụ lý vụ án để giải quyết.

Tòa án không phải thông báo về việc thụ lý vụ án, không phải phân công lại Thẩm phán giải quyết vụ án.

Trân trọng!",quy_dinh_chung_ly_hon,,[],{},[],[],[],[],[]
Thuận tình ly hôn có nhờ người khác ký thay được không?,"Tại Điều 396 Bộ luật Dân sự 2015 có quy định như sau:

- Vợ, chồng yêu cầu Tòa án công nhận thuận tình ly hôn, thỏa thuận nuôi con, chia tài sản khi ly hôn phải có đơn yêu cầu. Đơn phải có các nội dung quy định tại khoản 2 Điều 362 của Bộ luật Tố tụng Dân sự 2015.

- Vợ, chồng cùng yêu cầu Tòa án công nhận thuận tình ly hôn, thỏa thuận nuôi con, chia tài sản khi ly hôn phải ký tên hoặc điểm chỉ vào đơn yêu cầu. Trong trường hợp này vợ, chồng cùng được xác định là người yêu cầu.

Theo quy định này nếu vợ chồng bạn thuận tình ly hôn thì cả vợ và chồng phải ký tên hoặc điểm chỉ vào đơn yêu cầu công nhận thuận thuận tình ly hôn.

Như vậy, không có vấn đề ủy quyền hay nói cách khác là không được kí thay vào đơn yêu cầu công nhận thuận tình ly hôn.

Trân trọng!",quy_dinh_chung_ly_hon,Lý thuyết,"[""BoLuat_DanSu_2015""]","{""BoLuat_DanSu_2015_Dieu_396"": ""CON_HIEU_LUC""}","[""BoLuat_DanSu_2015_Dieu_396""]",[],[],[],[]
Tòa án có được quyền giải quyết ly hôn khi vợ đang mang thai hoặc nuôi con dưới 12 tháng tuổi?,"Căn cứ theo Điều 51 Luật Hôn nhân và gia đình 2014 quy định về quyền giải quyết ly hôn cụ thể như sau:

Căn cứ theo quy định trên, các chủ thể có quyền yêu cầu giải quyết ly hôn bao gồm:

- Vợ chồng

- Cha, mẹ, người thân thích khác trong trường hợp luật định

Vợ hoặc chồng hoặc cả 2 người đều có quyền yêu cầu Tòa án giải quyết ly hôn. Đối với trường hợp vợ đang mang thai hoặc nuôi con dưới 12 tháng tuổi thì chồng không có quyền yêu cầu ly hôn. Tuy nhiên, nếu vợ hoặc cha mẹ người thân thích khác yêu cầu yêu cầu ly hôn Tòa án vẫn có quyền yêu cầu giải quyết.

Như vậy, vợ đang mang thai vẫn được yêu cầu cho ly hôn.

Vợ đang mang thai có được yêu cầu ly hôn hay không? Thủ tục thụ lý đơn yêu cầu ly hôn như thế nào? (Hình từ Internet).",quy_dinh_chung_ly_hon,Lý thuyết,"[""Luat_HNGD_2014""]","{""Luat_HNGD_2014_Dieu_51"": ""CON_HIEU_LUC""}","[""Luat_HNGD_2014_Dieu_51""]",[],[],[],[]
Hồ sơ nộp xin ly hôn gồm những giấy tờ gì?,"Hiện nay khi nộp đơn xin ly hôn sẽ gồm có những giấy tờ sau:

- Đơn xin ly hôn đơn phương/thuận tình ly hôn

- Giấy chứng nhận đăng ký kết hôn (bản chính)

- Giấy CMND/CCCD/Hộ chiếu của vợ chồng (bản sao có chứng thực)

- Sổ hộ khẩu của vợ chồng (bản sao có chứng thực)

- Giấy khai sinh của các con (bản sao có chứng thực)

- Giấy tờ chứng minh quyền sở hữu tài sản (nếu có).",quy_dinh_chung_ly_hon,,[],{},[],[],[],[],[]
Ai có quyền yêu cầu ly hôn theo quy định pháp luật hiện hành?,"Căn cứ theo Điều 51 Luật Hôn nhân và Gia đình 2014 quy định về quyền yêu cầu giải quyết ly hôn như sau:

Theo đó, người có quyền yêu cầu ly hôn gồm:

- Vợ/chồng hoặc cả hai;

- Cha, mẹ, người thân thích được yêu cầu ly hôn trong trường hợp một bên vợ chồng không thể nhận thức và làm chủ hành vi đồng thời là nạn nhân của bạo lực gia đình.

Lưu ý: Người chồng không có quyền yêu cầu ly hôn với vợ khi người vợ đang có thai, sinh con hoặc đang nuôi con dưới 12 tháng tuổi.

Trân trọng!",quy_dinh_chung_ly_hon,Lý thuyết,"[""Luat_HNGD_2014""]","{""Luat_HNGD_2014_Dieu_51"": ""CON_HIEU_LUC""}","[""Luat_HNGD_2014_Dieu_51""]",[],[],[],[]
Vợ chồng thuận tình ly hôn sau khi hòa giải không muốn ly hôn nữa được không?,"Đầu tiên, tại khoản 1 Điều 364 Bộ luật Tố tụng dân sự 2015 quy định về việc trả lại đơn yêu cầu như sau:

Dẫn chiếu đến Điều 29 Bộ luật Tố tụng dân sự 2015 quy định về những yêu cầu về hôn nhân và gia đình thuộc thẩm quyền giải quyết của Tòa án như sau:

Như vậy, pháp luật Việt Nam vẫn ưu tiên cho đương sự tự quyền định đoạt trong việc hòa giải hay rút đơn yêu cầu giải quyết việc dân sự. Trong trường hợp này cũng quy định về việc Tòa án sẽ trả đơn yêu cầu công nhận thuận tình ly hôn nếu người yêu cầu rút đơn.

Do đó, đối với trường hợp vợ chồng thuận tình ly hôn là trên tinh thần tự nguyện nhưng sau khi hòa giải vợ chồng không muốn ly hôn nữa thì có thể yêu cầu Tòa án trả lại đơn yêu cầu.

Trân trọng!",quy_dinh_chung_ly_hon,,[],{},[],[],[],[],[]
"Xin chào Luật sư. Gia đình tôi vợ chồng không hạnh phúc nên đã chia tay mà chưa ta Tòa hơn 2 năm nay. Vì lý do chồng cờ bạc mà đã bán nhà không còn tài sản, lúc đòi bán nhà em có đòi ly hôn nhưng ông không chịu năm 2016. Đến hôm nay thì ông có nhờ Luật sư để làm thủ tục ly hôn mà tôi có thắc mắc là ông Luật sư ấy lại làm đơn khởi kiện kêu tôi đứng tên mà không phải chồng tôi thế có bất lợi gì cho tôi không? Mong Luật sư tư vấn dùm tôi, thành thật biết ơn!","Điều 55 Luật Hôn nhân Gia đình 2014 quy định: Trong trường hợp vợ chồng cùng yêu cầu ly hôn, nếu xét thấy hai bên thật sự tự nguyện ly hôn và đã thỏa thuận về việc chia tài sản, việc trông nom, nuôi dưỡng, chăm sóc, giáo dục con trên cơ sở bảo đảm quyền lợi chính đáng của vợ và con thì Tòa án công nhận thuận tình ly hôn; nếu không thỏa thuận được hoặc có thỏa thuận nhưng không bảo đảm quyền lợi chính đáng của vợ và con thì Tòa án giải quyết việc ly hôn.

Ly hôn theo yêu cầu của một bên theo Điều 56 Luật này thì: Khi vợ hoặc chồng yêu cầu ly hôn mà hòa giải tại Tòa án không thành thì Tòa án giải quyết cho ly hôn nếu có căn cứ về việc vợ, chồng có hành vi bạo lực gia đình hoặc vi phạm nghiêm trọng quyền, nghĩa vụ của vợ, chồng làm cho hôn nhân lâm vào tình trạng trầm trọng, đời sống chung không thể kéo dài, mục đích của hôn nhân không đạt được.

Theo quy định tại Điều 51 Luật Hôn nhân Gia đình 2014 thì: Vợ, chồng hoặc cả hai người có quyền yêu cầu Tòa án giải quyết ly hôn. Chồng không có quyền yêu cầu ly hôn trong trường hợp vợ đang có thai, sinh con hoặc đang nuôi con dưới 12 tháng tuổi.

Như vậy, ly hôn có hai loại là đơn phương ly hôn và thuân tình ly hôn, trường hợp của bạn nếu chồng muốn làm đơn ly hôn thì phải thỏa mãn các điều kiện nêu trên. Ở đây theo thông tin bạn cung cấp thì người chồng chính là nguyên nhân làm cho mục đích hôn nhân không đạt được nên việc bạn đứng đơn ly hôn là để thuận lợi về mặt thủ tục, Tòa án sẽ xem xét lý do nộp đơn là có căn cứ không để thụ lý giải quyết. Khi giải quyết thì Tòa án sẽ xem xét thỏa thuận của các bên về con chung, tài sản chung, nợ chung..., Tòa án sẽ dựa trên quy định của pháp luật để giải quyết nên sẽ không có bất lợi gì đối với bên nộp đơn. Nếu bạn đơn phương ly hôn và ở phần hòa giải hai bên hòa giải thành thì Tòa án sẽ ra quyết định công nhận hòa giải thành, thủ tục sẽ nhanh hơn trường hợp thuận tình ly hôn.

Trân trọng!",quy_dinh_chung_ly_hon,Tình huống,"[""Luat_HNGD_2014""]","{""Luat_HNGD_2014_Dieu_51"": ""CON_HIEU_LUC"", ""Luat_HNGD_2014_Dieu_55"": ""CON_HIEU_LUC"", ""Luat_HNGD_2014_Dieu_56"": ""CON_HIEU_LUC""}","[""Luat_HNGD_2014_Dieu_51"", ""Luat_HNGD_2014_Dieu_55"", ""Luat_HNGD_2014_Dieu_56""]",[],[],[],[]
"Tôi và chồng tôi có một con gái 4 tuổi. Năm ngoái chồng tôi đi nước ngoài. Chồng tôi đi được 16 tháng có gửi tiền về cho tôi nuôi con 2 lần, mỗi lần là 500 USD, nhưng từ đầu năm nay chồng tôi không gọi điện về, không gửi tiền về cho tôi nuôi con. Tôi có thể làm đơn xin ly hôn và đòi tiền để nuôi con không?","Trước hết, pháp luật quy định việc yêu cầu Tòa án giải quyết ly hôn là quyền của vợ, chồng hoặc cả hai người. Do vậy, chị hoàn toàn có quyền làm đơn xin ly hôn. Tuy nhiên, để giải quyết cho ly hôn hay không thì phải tuân thủ trình tự, thủ tục và các điều kiện theo quy định của Luật hôn nhân và gia đình 2014. Cụ thể như sau: Sau khi thụ lý đơn yêu cầu ly hôn, Tòa án tiến hành hòa giải theo quy định của pháp luật về tố tụng dân sự. Trong trường hợp hòa giải không thành thì Tòa án giải quyết cho ly hôn nếu có căn cứ về việc vợ, chồng có hành vi bạo lực gia đình hoặc vi phạm nghiêm trọng quyền, nghĩa vụ của vợ, chồng làm cho hôn nhân lâm vào tình trạng trầm trọng, đời sống chung không thể kéo dài, mục đích của hôn nhân không đạt được (khoản 1 Điều 56).

Nếu Tòa án giao chị là người trực tiếp nuôi con thì chồng chị có nghĩa vụ cấp dưỡng nuôi con. Mức cấp dưỡng do hai vợ chồng tự thỏa thuận hoặc yêu cầu Tòa án giải quyết.",quy_dinh_chung_ly_hon,,[],{},[],[],[],[],[]
Quan hệ hôn nhân chấm dứt khi nào?,"Căn cứ tại Điều 65 Luật Hôn nhân và gia đình 2014 quy định về thời điểm chấm dứt hôn nhân như sau:

Như vậy, việc quan hệ hôn nhân chấm dứt tại thời điểm vợ hoặc chồng chết hoặc tại thời điểm được xác định theo ngày ghi trong bản án, quyết định của Tòa án.

Ngoài ra, đối với trường hợp quan hệ hôn nhân châm dứt khi vợ chồng ly hôn cũng gọi là việc chấm dứt quan hệ vợ chồng theo bản án, quyết định có hiệu lực pháp luật của Tòa án.

Bố mẹ đăng ký kết hôn lại sau khi ly hôn thì có tài sản chung không? (Hình từ Internet)",quy_dinh_chung_ly_hon,Lý thuyết,"[""Luat_HNGD_2014""]","{""Luat_HNGD_2014_Dieu_65"": ""CON_HIEU_LUC""}","[""Luat_HNGD_2014_Dieu_65""]",[],[],[],[]
"Anh chị cho em hỏi, hai vợ chồng em đồng ý ly hôn và thỏa thuận vợ là người nuôi con. Tòa án hẹn cuối tháng 3 này hai vợ chồng lên Tòa án để tiến hành hòa giải. Em muốn hỏi là, tại buổi hòa giải, em thay đổi ý kiến, không muốn cho vợ là người nuôi con, em muốn giành quyền nuôi con thì có được không?","Khoản 4 Điều 70 Bộ luật Tố tụng dân sự năm 2015, đương sự có quy định về quyền, nghĩa vụ sau đây:

- Giữ nguyên, thay đổi, bổ sung hoặc rút yêu cầu theo quy định của Bộ luật này.

Bên cạnh đó, Khoản 5 Điều 397 Bộ luật tố tụng dân sự năm 2015 có quy định:

- Trường hợp hòa giải đoàn tụ không thành và các đương sự không thỏa thuận được về việc chia tài sản, việc trông nom, nuôi dưỡng, chăm sóc, giáo dục con thì Tòa án đình chỉ giải quyết việc dân sự về công nhận thuận tình ly hôn, thỏa thuận nuôi con, chia tài sản khi ly hôn và thụ lý vụ án để giải quyết. Tòa án không phải thông báo về việc thụ lý vụ án, không phải phân công lại Thẩm phán giải quyết vụ án. Việc giải quyết vụ án được thực hiện theo thủ tục chung do Bộ luật này quy định.

=> Như vậy, bạn hoàn toàn được thay đổi ý kiến, nguyện vọng của mình tại buổi hòa giải trong giải quyết thuận tình ly hôn.

Trên đây là toàn bộ giải đáp của chúng tôi về câu hỏi của bạn.

Trân trọng!",quy_dinh_chung_ly_hon,,[],{},[],[],[],[],[]
Cần chuẩn bị hồ sơ gì để làm thủ tục ly hôn?,"Căn cứ theo Điều 55 Luật Hôn nhân và gia đình 2014 quy định về thuận tình ly hôn như sau:

Tại Điều 56 Luật Hôn nhân và gia đình 2014 quy định về ly hôn theo yêu cầu của một bên như sau:

Theo đó, hiện nay có 02 hình thức ly hôn là thuận tình ly hôn và ly hôn theo yêu cầu của 01 bên hay còn gọi là đơn phương ly hôn. Với mỗi hình thức ly hôn sẽ có thủ tục khác nhau và các giấy tờ khác nhau, cụ thể là:

[1] Đối với thuận tình ly hôn:

- Đơn yêu cầu công nhận thuận tình ly hôn.

- Bản sao công chứng căn cước công dân của hai vợ chồng.

- Giấy chứng nhận đăng ký kết hôn bản chính.

- Bản sao công chứng giấy khai sinh của con nếu có con chung.

- Các giấy tờ về tài sản chung, nợ chung trong trường hợp có yêu cầu Tòa án ghi nhận thỏa thuận của vợ chồng về việc phân chia vào quyết định công nhận thuận tình ly hôn (nếu có).

[2] Đối với đơn phương ly hôn:

- Đơn khởi kiện về việc ly hôn

- Bản sao công chứng căn cước công dân của người khởi kiện ly hôn.

- Bản gốc giấy đăng ký kết hôn

- Bản sao công chứng giấy khai sinh của con nếu có con chung.

- Giấy tờ chứng minh về tài sản chung, nợ chung (nếu có)",quy_dinh_chung_ly_hon,Lý thuyết,"[""Luat_HNGD_2014""]","{""Luat_HNGD_2014_Dieu_55"": ""CON_HIEU_LUC"", ""Luat_HNGD_2014_Dieu_56"": ""CON_HIEU_LUC""}","[""Luat_HNGD_2014_Dieu_55"", ""Luat_HNGD_2014_Dieu_56""]",[],[],[],[]
Điều kiện để được tiến hành ly hôn được quy định như thế nào?,"Đối với trường hợp ly hôn thuận tình

Theo Điều 55 Luật Hôn nhân và gia đình 2014 đối với ly hôn thuận tình, trường hợp vợ chồng cùng yêu cầu ly hôn thì Tòa án sẽ công nhận thuận tình ly hôn nếu đáp ứng đủ các điều kiện sau:

- Hai bên thật sự tự nguyện ly hôn;

- Đã thỏa thuận về việc chia tài sản, việc trông nom, nuôi dưỡng, chăm sóc, giáo dục con trên cơ sở bảo đảm quyền lợi chính đáng của vợ và con

Nếu không thỏa thuận được hoặc có thỏa thuận nhưng không bảo đảm quyền lợi chính đáng của vợ và con thì Tòa án giải quyết việc ly hôn.

Đối với ly hôn đơn phương:

Theo Điều 56 Luật Hôn nhân và gia đình 2014 đối với ly hôn đơn phương, trường hợp vợ hoặc chồng yêu cầu ly hôn thì Tòa án giải quyết cho ly hôn nếu đáp ứng đủ các điều kiện dưới đây:

- Hòa giải tại Tòa án không thành;

- Có căn cứ về việc vợ, chồng có hành vi bạo lực gia đình hoặc vi phạm nghiêm trọng quyền, nghĩa vụ của vợ, chồng làm cho hôn nhân lâm vào tình trạng trầm trọng, đời sống chung không thể kéo dài, mục đích của hôn nhân không đạt được.

Lưu ý một số trường hợp đặc biệt:

- Trong trường hợp vợ hoặc chồng của người bị Tòa án tuyên bố mất tích yêu cầu ly hôn thì Tòa án giải quyết cho ly hôn .

- Trong trường hợp có yêu cầu ly hôn của cha, mẹ, người thân thích khác của người bị bệnh tâm thần hoặc mắc bệnh khác mà không thể nhận thức, làm chủ được hành vi thì Tòa án giải quyết cho ly hôn nếu có căn cứ về việc chồng, vợ có hành vi bạo lực gia đình làm ảnh hưởng nghiêm trọng đến tính mạng, sức khỏe, tinh thần của người kia.",quy_dinh_chung_ly_hon,Lý thuyết,"[""Luat_HNGD_2014""]","{""Luat_HNGD_2014_Dieu_55"": ""CON_HIEU_LUC"", ""Luat_HNGD_2014_Dieu_56"": ""CON_HIEU_LUC""}","[""Luat_HNGD_2014_Dieu_55"", ""Luat_HNGD_2014_Dieu_56""]",[],[],[],[]
2. Thuận tình ly hôn thì bên nào phải trả các lệ phí liên quan?,"Tại Điều 149 Bộ luật tố tụng dân sự 2015 có quy định như sau:

Theo đó, trong trường hợp thuận tình ly hôn, bạn và vợ có thể thỏa thuận về các khoản phí. Nếu không thỏa thuận được thì mỗi bên chịu một nửa.

Trân trọng!",quy_dinh_chung_ly_hon,,[],{},[],[],[],[],[]
Hai vợ chồng thuận tình ly hôn thì có phải hòa giải không?,"Căn cứ theo quy định tại Điều 52 Luật Hôn nhân và gia đình 2014 quy định như sau:

Ngoài ra tại Điều 55 Luật Hôn nhân và gia đình 2014 quy định về thuận tình ly hôn như sau:

Như vậy, theo quy định như trên, pháp luật không bắt buộc phải thực hiện hòa giải đối với trường hợp ly hôn mà chỉ khuyến khích hòa giải. Cho nên bạn và chồng của bạn có thể tham gia hòa giải hoặc không.",quy_dinh_chung_ly_hon,Lý thuyết,"[""Luat_HNGD_2014""]","{""Luat_HNGD_2014_Dieu_52"": ""CON_HIEU_LUC"", ""Luat_HNGD_2014_Dieu_55"": ""CON_HIEU_LUC""}","[""Luat_HNGD_2014_Dieu_52"", ""Luat_HNGD_2014_Dieu_55""]",[],[],[],[]
"Tôi và chồng chung sống được hơn 15 năm, đời sống hôn nhân không đến nổi mâu thuẫn nhưng từ ngày vợ chồng tôi tính chuyện kinh tế về ở chung với mẹ tôi vì nghĩ sau này mẹ già thì cũng về ở với chúng tôi, còn căn nhà vợ chồng tôi cho thuê hàng tháng. Sau nhiều năm mâu thuẫn giữa mẹ tôi và chồng làm đời sống gia đình không hạnh phúc, chồng tôi có chơi số đề, cờ bạc không nhiều nhưng tôi nói mãi cũng không bỏ bao nhiêu năm nay. Tôi giờ muốn ly hôn đơn phương vì cứ đứng giữa hai bên tôi thấy rất mệt mỏi, nếu chồng không chấp nhận và không đến Tòa thì Tòa có xử không?","Theo quy định của Luật Hôn nhân Gia đình thì: Khi vợ hoặc chồng yêu cầu ly hôn mà hòa giải tại Tòa án không thành thì Tòa án giải quyết cho ly hôn nếu có căn cứ về việc vợ, chồng có hành vi bạo lực gia đình hoặc vi phạm nghiêm trọng quyền, nghĩa vụ của vợ, chồng làm cho hôn nhân lâm vào tình trạng trầm trọng, đời sống chung không thể kéo dài, mục đích của hôn nhân không đạt được.

Như vậy, theo quy định này thì bạn có quyền yêu cầu Toà án giải quyết ly hôn. Tuy nhiên, Toà án chỉ giải quyết cho ly hôn nếu có căn cứ về việc chồng bạn có hành vi bạo lực gia đình hoặc vi phạm nghiêm trọng quyền, nghĩa vụ của vợ, chồng làm cho hôn nhân lâm vào tình trạng trầm trọng, đời sống chung không thể kéo dài, mục đích của hôn nhân không đạt được. Ở đây, đời sống vợ chồng bạn mâu thuẫn do nhiều nguyên nhân cộng với việc chồng bạn có chơi số đề, cờ bạc nói mãi không thay đổi thì cũng có thể xem là mục đích hôn nhân không đạt được. Do đó, Tòa án có thể xem xét thụ lý đơn của bạn.

Đối với việc ly hôn vắng mặt:

Điều 227 Bộ luật tố tụng dân sự 2015 quy định:

1. Tòa án triệu tập hợp lệ lần thứ nhất, đương sự hoặc người đại diện của họ, người bảo vệ quyền và lợi ích hợp pháp của đương sự phải có mặt tại phiên tòa; nếu có người vắng mặt thì Hội đồng xét xử phải hoãn phiên tòa, trừ trường hợp người đó có đơn đề nghị xét xử vắng mặt.

Tòa án phải thông báo cho đương sự, người đại diện, người bảo vệ quyền và lợi ích hợp pháp của đương sự về việc hoãn phiên tòa.

2. Tòa án triệu tập hợp lệ lần thứ hai, đương sự hoặc người đại diện của họ, người bảo vệ quyền và lợi ích hợp pháp của đương sự phải có mặt tại phiên tòa, trừ trường hợp họ có đơn đề nghị xét xử vắng mặt; nếu vắng mặt vì sự kiện bất khả kháng hoặc trở ngại khách quan thì Tòa án có thể hoãn phiên tòa, nếu không vì sự kiện bất khả kháng hoặc trở ngại khách quan thì xử lý như sau:

a) Nguyên đơn vắng mặt mà không có người đại diện tham gia phiên tòa thì bị coi là từ bỏ việc khởi kiện và Tòa án ra quyết định đình chỉ giải quyết vụ án đối với yêu cầu khởi kiện của người đó, trừ trường hợp người đó có đơn đề nghị xét xử vắng mặt. Nguyên đơn có quyền khởi kiện lại theo quy định của pháp luật;

b) Bị đơn không có yêu cầu phản tố, người có quyền lợi, nghĩa vụ liên quan không có yêu cầu độc lập vắng mặt mà không có người đại diện tham gia phiên tòa thì Tòa án tiến hành xét xử vắng mặt họ;

...

Như vậy, chồng bạn vắng mặt không tham gia phiên tòa thì Tòa án vẫn tiến hành giải quyết vụ án mà không phụ thuộc vào việc có hay không có sự có mặt của bị đơn theo trình tự nêu trên.

Trân trọng!",quy_dinh_chung_ly_hon,Tình huống,[],{},[],[],[],[],[]
Thuận tình ly hôn thì ai chịu án phí ly hôn?,"Căn cứ theo điểm a khoản 5 Điều 27 Nghị quyết 326/2016/UBTVQH14 quy định về nghĩa vụ chịu án phí dân sự sơ thẩm trong một số loại việc cụ thể như sau:

Như vậy, vợ chồng thuận tình ly hôn thì các bên cùng chịu án phí ly hôn sơ thẩm.

Căn cứ theo Danh mục án phí, lệ phí Tòa án ban hành kèm theo Nghị quyết 326/2016/UBTVQH14 thì khi ly hôn thuận tình phải nộp án phí ly hôn sơ thẩm không có giá ngạch là 300.000 đồng.

Do đó, mỗi bên sẽ phải chịu một nửa án phí ly hôn tương ứng số tiền là 150.000 đồng.",quy_dinh_chung_ly_hon,Lý thuyết,"[""NghiQuyet_326_2016_UBTVQH14""]","{""NghiQuyet_326_2016_UBTVQH14_Dieu_27_Khoan_5_Diem_a"": ""CON_HIEU_LUC""}",[],"[""NghiQuyet_326_2016_UBTVQH14_Dieu_27_Khoan_5_Diem_a""]",[],[],[]
"Yêu cầu thuận tình ly hôn nộp ở đâu? Chào Ban biên tập Thư Ký Luật, tôi sinh ra và lớn lên ở xã Tiên Dược - huyện Sóc Sơn -TP Hà Nội, tôi hiện đang làm việc tại tỉnh Bắc Giang và lấy vợ tại đây (tôi đã chuyển khẩu của vợ tôi về huyện Sóc Sơn). Hiện nay, giữa hai vợ chồng nảy sinh nhiều mâu thuẫn dẫn đếncuộc sống của chúng tôi không hạnh phúc nên chúng tôi muốn ly hôn, và chúng tôi hiện đang tạm trú tại tỉnh Bắc Giang. Vậy xin hỏi tôi muốn nộp đơn thì phải nộp ở đâu để được giải quyết và chi phí để được giả quyết là bao nhiêu? Rất mong nhận được câu trả lời của Ban biên tập Thư Ký Luật. Xin cám ơn (Quốc_098**)","Căn cứ Điểm h Khoản 2 Điều 39 Bộ luật tố tụng dân sự 2015 thì Tòa án nơi một trong các bên thuận tình ly hôn, thỏa thuận nuôi con, chia tài sản khi ly hôn cư trú, làm việc có thẩm quyền giải quyết yêu cầu công nhận thuận tình ly hôn, thỏa thuận nuôi con, chia tài sản khi ly hôn;

Như vậy vợ chồng bạn có thể lựa chọn tòa án nơi một trong các bên (hoặc cả hai bên) cư trú khi thuận tình ly hôn.

Căn cứ Điều 12 Luật cư trú 2006 thì nơi cư trú của công dân là nơi người đó thường xuyên sinh sống, là nơi thường trú hoặc tạm trú.

Như vậy, vợ chồng bạn có thể nộp đơn thuận tình ly hôn và yêu cầu Tòa án nhân dân huyện ở Bắc Giang giải quyết.

Căn cứ: Pháp lệnh án phí, lệ phí tòa án năm 2009; Nghị quyết 01/2012/NQ-HĐTP ngày 13/06/2012 hướng dẫn án phí, lệ phí tòa án của Hội đồng thẩm phán TANDTC thì mức án phí ly hôn được quy định như sau:

- Án phí cho một vụ ly hôn hiện nay là tầm 200.000 đồng nếu không tranh chấp về tài sản.

- Đối với những vụ việc có tranh chấp về tài sản thì mức án phí được xác định theo giá ngạch như sau:

Giá trị tài sản có tranh chấp

Mức án phí

a) Từ 4.000.000 đồng trở xuống

200.000 đồng

b) Từ trên 4.000.000 đồng đến 400.000.000 đồng

5% giá trị tài sản có tranh chấp

c) Từ trên 400.000.000 đồng đến 800.000.000 đồng

20.000.000 đồng + 4% của phần giá trị tài sản có tranh chấp vượt quá 400.000.000 đồng

d) Từ trên 800.000.000 đồng đến 2.000.000.000 đồng

36.000.000 đồng + 3% của phần giá trị tài sản có tranh chấp vượt quá 800.000.000 đồng

đ) Từ trên 2.000.000.000 đồng đến 4.000.000.000 đồng

72.000.000 đồng + 2% của phần giá trị tài sản có tranh chấp vượt quá 2.000.000.000 đồng

e) Từ trên 4.000.000.000 đồng

112.000.000 đồng + 0,1% của phần giá trị tài sản có tranh chấp vượt quá 4.000.000.000 đồng.",quy_dinh_chung_ly_hon,,[],{},[],[],[],[],[]
"Tôi và chồng cả 02 đều thuận tình ly hôn, do đó mà các vấn đề về con chung hay tài sản chung đều thỏa thuận xong xuôi. Hôm trước tôi và chồng có cùng đến Tòa để nhận quyết định công nhận thuận tình ly hôn. Nhưng cả hai đều thấy không được vui vẻ gì, chúng tôi muốn quay lại sống với nhau, thì có được không. Quyết định thuận tình ly hôn này đã có hiệu lực chưa? Thời điểm hiệu lực là khi nào? Rất mong nhận được phản hồi.
(nguyen*****@gmail.com)","Tại Điều 212 Bộ luật Tố tụng Dân sự 2015 có quy định ra quyết định công nhận sự thỏa thuận của các đương sự như sau:

1. Hết thời hạn 07 ngày, kể từ ngày lập biên bản hòa giải thành mà không có đương sự nào thay đổi ý kiến về sự thỏa thuận đó thì Thẩm phán chủ trì phiên hòa giải hoặc một Thẩm phán được Chánh án Tòa án phân công phải ra quyết định công nhận sự thỏa thuận của các đương sự.

Trong thời hạn 05 ngày làm việc, kể từ ngày ra quyết định công nhận sự thỏa thuận của các đương sự, Tòa án phải gửi quyết định đó cho các đương sự và Viện kiểm sát cùng cấp.

2. Thẩm phán chỉ ra quyết định công nhận sự thỏa thuận của các đương sự nếu các đương sự thỏa thuận được với nhau về việc giải quyết toàn bộ vụ án.

3. Trong trường hợp quy định tại khoản 4 Điều 210 của Bộ luật này mà các đương sự có mặt thỏa thuận được với nhau về việc giải quyết vụ án thì thỏa thuận đó chỉ có giá trị đối với những người có mặt và được Thẩm phán ra quyết định công nhận nếu không ảnh hưởng đến quyền, nghĩa vụ của đương sự vắng mặt. Trường hợp thỏa thuận của họ có ảnh hưởng đến quyền, nghĩa vụ của đương sự vắng mặt thì thỏa thuận này chỉ có giá trị và được Thẩm phán ra quyết định công nhận nếu được đương sự vắng mặt tại phiên hòa giải đồng ý bằng văn bản.

Đồng thời tại Điều 213 Bộ luật Tố tụng Dân sự 2015 có quy định hiệu lực của quyết định công nhận sự thỏa thuận của các đương sự:

- Quyết định công nhận sự thỏa thuận của các đương sự có hiệu lực pháp luật ngay sau khi được ban hành và không bị kháng cáo, kháng nghị theo thủ tục phúc thẩm.

- Quyết định công nhận sự thỏa thuận của các đương sự chỉ có thể bị kháng nghị theo thủ tục giám đốc thẩm nếu có căn cứ cho rằng sự thỏa thuận đó là do bị nhầm lẫn, lừa dối, đe dọa, cưỡng ép hoặc vi phạm điều cấm của luật, trái đạo đức xã hội.

=> Với trường hợp của bạn có trình bày thì pháp luật có quy định hết thời hạn 07 ngày, kể từ ngày lập biên bản hòa giải thành mà không có đương sự nào thay đổi ý kiến về sự thỏa thuận đó thì Thẩm phán chủ trì phiên hòa giải hoặc một Thẩm phán được Chánh án Tòa án phân công phải ra quyết định công nhận sự thỏa thuận của các đương sự. Như vậy, trong thời hạn 07 ngày này này thì bạn và chồng bạn có thể thay đổi ý kiến về việc có ly hôn hay không.

Còn về thời điểm có hiệu lực thì Quyết định công nhận sự thỏa thuận của các đương sự có hiệu lực pháp luật ngay sau khi được ban hành và không bị kháng cáo, kháng nghị theo thủ tục phúc thẩm.

Do đó, bạn đã nhận được quyết định ly hôn của bạn đã có hiệu lực pháp luật thì vợ chồng bạn không được kháng cáo, kháng nghị theo thủ tục phúc thẩm. Vậy, nếu vợ chồng bạn có muốn quay lại với nhau thì đăng ký kết hôn lại.

Bạn có thể tham khảo thêm:

Một số lưu ý trước khi kết hôn

Hồ sơ đăng ký kết hôn lần 2 gồm những gì?

Trên đây là nội dung tư vấn. Mong là những thông tin chia sẻ trên đây sẽ giúp ích cho bạn.

Trân trọng và chúc sức khỏe!",quy_dinh_chung_ly_hon,,[],{},[],[],[],[],[]
