question,ground_truth,chatbot_answer,chu_de_phap_ly,loai_cau_hoi,van_ban_phap_luat_lien_quan,dieu_khoan_ap_dung,tinh_trang_hieu_luc,can_cu_phap_ly_chinh,can_cu_phap_ly_bo_tro,van_ban_huong_dan_sua_doi_bo_sung_thay_the,can_cu_khong_nen_ap_dung,quan_he_chong_cheo_mau_thuan,legal_citation_accuracy,legal_validity_accuracy,citation_prioritization_accuracy,invalid_citation_rate,context_conflict_detection_rate,hallucination_rate,faithfulness,context_recall,answer_correctness
Mẫu đơn thuận tình ly hôn mới nhất năm 2026?,"Đầu tiên, tại khoản 14 Điều 3 Luật Hôn nhân và gia đình 2014 có định nghĩa ly hôn là việc chấm dứt quan hệ vợ chồng theo bản án, quyết định có hiệu lực pháp luật của Tòa án.

Theo đó, có thể hiểu đơn thuận tình ly hôn là mẫu đơn được sử dụng để vợ chồng ly hôn sau khi đã thống nhất với nhau về các nội dung: Chấm dứt quan hệ hôn nhân, phân chia tài sản chung vợ chồng, giành quyền nuôi con, cấp dưỡng nuôi con,…

Mẫu đơn thuận tình ly hôn thực chất có tên gọi pháp lý là mẫu đơn yêu cầu giải quyết việc dân sự được quy định tại danh mục 93 biểu mẫu trong tố tụng dân sự ban hành kèm theo Nghị quyết 01/2017/NQ-HĐTP được sửa đổi bởi khoản 2 Điều 2 Nghị quyết 04/2018/NQ-HĐTP .

Tải về mẫu đơn thuận tình ly hôn mới nhất năm 2026:

Tại đây",,,,,,,,,,,,,,,,,,,,
Ai là người phải chịu án phí thuận tình ly hôn?,"Căn cứ theo Điều 147 Bộ luật Tố tụng dân sự 2015 quy định nghĩa vụ chịu án phí sơ thẩm:

Như vậy, theo quy định trên thì người phải chịu án phí ly hôn trong đó nếu vợ hoặc chồng là người nộp đơn khởi kiện thì có nghĩa vụ chịu án phí.

Tuy nhiên, trường hợp cả hai vợ chồng thuận tình ly hôn thì mỗi bên đương sự phải chịu một nửa án phí sơ thẩm.

Mẫu đơn thuận tình ly hôn mới nhất năm 2026? (Hình từ Internet)",,,,,,,,,,,,,,,,,,,,
Cha mẹ không trực tiếp nuôi con sau khi ly hôn thì có nghĩa vụ cấp dưỡng không?,"Căn cứ quy định Điều 82 Luật Hôn nhân và gia đình 2014 quy định về nghĩa vụ, quyền của cha, mẹ không trực tiếp nuôi con sau khi ly hôn như sau:

Như vậy, mặc dù cha mẹ không trực tiếp nuôi con sau khi ly hôn thì vẫn phải có nghĩa vụ cấp dưỡng cho con theo quy định của pháp luật.

Đồng thời, nếu cha mẹ không trực tiếp nuôi con nhưng lạm dụng việc thăm nom để cản trở hoặc gây ảnh hưởng xấu đến việc trông nom, chăm sóc, nuôi dưỡng, giáo dục con thì người trực tiếp nuôi con có quyền yêu cầu Tòa án hạn chế quyền thăm nom con của người đó.

Trân trọng!",,,,,,,,,,,,,,,,,,,,
Mẫu đơn thuận tình ly hôn file word mới nhất 2025?,"Căn cứ theo khoản 14 Điều 3 Luật Hôn nhân và gia đình 2014 quy định ly hôn là việc chấm dứt quan hệ vợ chồng theo bản án, quyết định có hiệu lực pháp luật của Tòa án.

Dưới đây là mẫu đơn thuận tình ly hôn mới nhất 2025 tham khảo:

Tải về: Đơn thuận tình ly hôn mới nhất 2025

Mẫu đơn thuận tình ly hôn file word mới nhất 2025? (Hình từ Internet)",,,,,,,,,,,,,,,,,,,,
Khi nào Tòa án công nhận thuận tình ly hôn?,"Căn cứ theo Điều 55 Luật Hôn nhân và gia đình 2014 quy định về thuận tình ly hôn như sau:

Như vậy, Tòa án công nhận thuận tình ly hôn khi vợ chồng cùng yêu cầu ly hôn, nếu xét thấy hai bên thật sự tự nguyện ly hôn và đã thỏa thuận về việc chia tài sản , việc trông nom, nuôi dưỡng, chăm sóc, giáo dục con trên cơ sở bảo đảm quyền lợi chính đáng của vợ và con.",,,,,,,,,,,,,,,,,,,,
Nộp đơn thuận tình ly hôn ở đâu?,"Căn cứ theo điểm b khoản 2; khoản 3; khoản 4 Điều 35 Bộ luật Tố tụng dân sự 2015 quy định như sau:

Căn cứ điểm h khoản 2 Điều 39 Bộ luật Tố tụng dân sự 2015 quy định thẩm quyền của Tòa án theo lãnh thổ:

Như vậy, trường hợp thuận tình ly hôn, vợ chồng nộp đơn ở Tòa án như sau:

- Nếu vợ hoặc chồng ở nước ngoài hoặc cần ủy thác tư pháp ra nước ngoài thì nộp đơn tại Tòa án nhân dân cấp tỉnh nơi vợ hoặc chồng cư trú, làm việc.

- Nếu vợ hoặc chồng đều ở Việt Nam, không cần ủy thác tư pháp ra nước ngoài thì nộp đơn tại Tòa án nhân dân cấp huyện nơi vợ hoặc chồng cư trú, làm việc.

- Nếu vợ hoặc chồng là công dân của các nước có chung biên giới với Việt Nam như Lào, Campuchia, Trung Quốc,... thì nộp đơn tại Tòa án nhân dân cấp huyện nới vợ hoặc chồng là người Việt Nam cư trú, làm việc.",,,,,,,,,,,,,,,,,,,,
Tải mẫu số 40 Nghị quyết 01 2017 NQ HĐTP?,"Mẫu số 40 theo Nghị quyết 01/2017/NQ/HĐTP là Mẫu số 40-DS Quyết định công nhận thuận tình ly hôn và sự thỏa thuận của các đương sự trong tố tụng dân sự ban hành kèm theo Nghị quyết 01/2017/NQ/HĐTP .

Dưới đây là mẫu số 40 theo Nghị quyết 01/2017/NQ/HĐTP:

Tải mẫu số 40 Nghị quyết 01 2017 NQ HĐTP:

Tại đây

Tải mẫu số 40 Nghị quyết 01 2017 NQ HĐTP? (Hình từ Internet)",,,,,,,,,,,,,,,,,,,,
Thuận tình ly hôn thì ai chịu án phí ly hôn?,"Căn cứ theo điểm a khoản 5 Điều 27 Nghị quyết 326/2016/UBTVQH14 quy định về nghĩa vụ chịu án phí dân sự sơ thẩm trong một số loại việc cụ thể như sau:

Như vậy, vợ chồng thuận tình ly hôn thì các bên cùng chịu án phí ly hôn sơ thẩm.

Căn cứ theo Danh mục án phí, lệ phí Tòa án ban hành kèm theo Nghị quyết 326/2016/UBTVQH14 thì khi ly hôn thuận tình phải nộp án phí ly hôn sơ thẩm không có giá ngạch là 300.000 đồng.

Do đó, mỗi bên sẽ phải chịu một nửa án phí ly hôn tương ứng số tiền là 150.000 đồng.",,,,,,,,,,,,,,,,,,,,
Nhà nước và xã hội có trách nhiệm gì đối với hôn nhân và gia đình?,"Căn cứ theo Điều 4 Luật Hôn nhân và gia đình 2014 , trách nhiệm của Nhà nước và xã hội đối với hôn nhân và gia đình đó là:

- Nhà nước có chính sách, biện pháp bảo hộ hôn nhân và gia đình, tạo điều kiện để nam, nữ xác lập hôn nhân tự nguyện, tiến bộ, một vợ một chồng, vợ chồng bình đẳng; xây dựng gia đình ấm no, tiến bộ, hạnh phúc và thực hiện đầy đủ chức năng của mình; tăng cường tuyên truyền, phổ biến, giáo dục pháp luật về hôn nhân và gia đình; vận động nhân dân xóa bỏ phong tục, tập quán lạc hậu về hôn nhân và gia đình, phát huy truyền thống, phong tục, tập quán tốt đẹp thể hiện bản sắc của mỗi dân tộc.

- Chính phủ thống nhất quản lý nhà nước về hôn nhân và gia đình. Các bộ, cơ quan ngang bộ thực hiện quản lý nhà nước về hôn nhân và gia đình theo sự phân công của Chính phủ. Ủy ban nhân dân các cấp và các cơ quan khác thực hiện quản lý nhà nước về hôn nhân và gia đình theo quy định của pháp luật.

- Cơ quan, tổ chức có trách nhiệm giáo dục, vận động cán bộ, công chức, viên chức, người lao động, các thành viên của mình và mọi công dân xây dựng gia đình văn hóa; kịp thời hòa giải mâu thuẫn trong gia đình, bảo vệ quyền, lợi ích hợp pháp của các thành viên gia đình. Nhà trường phối hợp với gia đình trong việc giáo dục, tuyên truyền, phổ biến pháp luật về hôn nhân và gia đình cho thế hệ trẻ.",,,,,,,,,,,,,,,,,,,,
Thuận tình ly hôn có cần phải hòa giải tại Tòa án không?,"Tại Điều 396 Bộ luật Tố tụng dân sự 2015 có quy định về đơn yêu cầu công nhận thuận tình ly hôn, thỏa thuận nuôi con, chia tài sản khi ly hôn như sau:

Tại Điều 397 Bộ luật Tố tụng dân sự 2015 có quy định về hòa giải và công nhận thuận tình ly hôn, thỏa thuận nuôi con, chia tài sản khi ly hôn như sau:

Như vậy, khi thuận tình ly hôn vợ, chồng sẽ phải nộp đơn yêu cầu công nhận ly hôn thuận tình, thỏa thuận nuôi con và chia tài sản lên tòa án. Tòa án sẽ xem xét đơn và tiến hành thủ tục hòa giải và công nhận thuận tình ly hôn nếu hòa giải đoàn tụ không thành.

Tóm lại, dù thuận tình ly hôn thì vợ, chồng vẫn phải tiến hành hòa giải tại Tòa án.

Thuận tình ly hôn có cần phải hòa giải tại Tòa án không? (Hình từ Internet)",,,,,,,,,,,,,,,,,,,,
Mẫu đơn thuận tình ly hôn mới nhất hiện nay?,"Mẫu đơn thuận tình ly hôn là mẫu đơn yêu cầu giải quyết việc dân sự.

Tại Mẫu số 01-VDS ban hành kèm theo Nghị quyết 04/2018/NQ-HĐTP có quy định mẫu đơn thuận tình ly hôn như sau:

Xem chi tiết mẫu đơn thuận tình ly hôn mới nhất hiện nay ban hành kèm theo Nghị quyết 04/2018/NQ-HĐTP tại đây .",,,,,,,,,,,,,,,,,,,,
Điều kiện để Tòa án công nhận thuận tình ly hôn là gì?,"Tại Điều 55 Luật Hôn nhân và gia đình 2014 có quy định thuận tình ly hôn như sau:

Như vậy, điều kiện để tòa án công nhận thuận tình ly hôn là:

- Vợ chồng cùng yêu cầu ly hôn và thật sự tự nguyện ly hôn;

- Đã thỏa thuận về việc chia tài sản, việc trông nom, nuôi dưỡng, chăm sóc, giáo dục con trên cơ sở bảo đảm quyền lợi chính đáng của vợ và con.

Trân trọng!",,,,,,,,,,,,,,,,,,,,
Thuận tình ly hôn và đơn phương ly hôn là gì?,"Hiện nay khi chấm dứt quan hệ hôn nhân thì công dân có thể yêu cầu cơ quan có thẩm quyền giải quyết ly hôn. Có 02 trường hợp ly hôn gồm thuận tình ly hôn và đơn phương ly hôn.

- Thuận tình ly hôn theo quy định tại Điều 55 Luật Hôn nhân và Gia đình 2014 có thể hiểu là việc cả 02 vợ chồng cùng đồng thuận chấm dứt hôn nhân và thỏa thuận với nhau được về chế độ tài sản, quyền nuôi con,...

- Đơn phương ly hôn: Căn cứ Điều 56 Luật Hôn nhân và Gia đình 2014 đơn phương ly hôn là việc một bên vợ/chồng có yêu cầu chấm dứt hôn nhân mà chưa có sự đồng ý của bên còn lại. Hiên nay có các trường đơn phương hôn gồm:

+ Ly hôn do yêu cầu của một bên;

+ Ly hôn do một bên vợ/chồng bị mất tích hoặc bị tuyên bố là đã chết;

+ Ly hôn do cha, mẹ, người thân thích của một bên yêu cầu ly hôn do vợ/chồng bị hạn chế trong việc nhận thức và làm chủ hành vi, đồng thời là nạn nhân của bạo ực gia đình.",,,,,,,,,,,,,,,,,,,,
Thuận tình ly hôn và đơn phương ly hôn nộp hồ sơ ở đâu năm 2024?,"Căn cứ theo Điều 35 Bộ luật Tố tụng Dân sự 2015 quy định về thẩm quyền của Tòa án nhân dân cấp huyện như sau:

Đồng thời tại Điều 39 Bộ luật Tố tụng Dân sự 2015 quy định về thẩm quyền của Tòa án theo lãnh thổ như sau:

Theo đó, khi nộp đơn ly hôn dù là thuận tình ly hôn hay đơn phương ly hôn thì cá nhân đều là người Việt Nam sẽ đến Tòa án nhân dân cấp huyện nơi cư trú hoặc nơi vợ/chồng cư trú.

Ngoài ra, Tòa án nhân dân cấp huyện nơi cư trú của công dân Việt Nam cũng sẽ giải quyết ly hôn cho công dân Việt Nam cư trú ở khu vực biên giới với công dân của nước láng giềng cùng cư trú ở khu vực biên giới với Việt Nam

Tuy nhiên, nếu việc ly hôn có yếu tố nước ngoài (gồm có tài sản hoặc đương sự ở nước ngoài) thì sẽ do Tòa án nhân dân cấp tỉnh giải quyết.

Thuận tình ly hôn và đơn phương ly hôn nộp hồ sơ ở đâu năm 2024? (Hình từ Internet)",,,,,,,,,,,,,,,,,,,,
Hồ sơ nộp xin ly hôn gồm những giấy tờ gì?,"Hiện nay khi nộp đơn xin ly hôn sẽ gồm có những giấy tờ sau:

- Đơn xin ly hôn đơn phương/thuận tình ly hôn

- Giấy chứng nhận đăng ký kết hôn (bản chính)

- Giấy CMND/CCCD/Hộ chiếu của vợ chồng (bản sao có chứng thực)

- Sổ hộ khẩu của vợ chồng (bản sao có chứng thực)

- Giấy khai sinh của các con (bản sao có chứng thực)

- Giấy tờ chứng minh quyền sở hữu tài sản (nếu có).",,,,,,,,,,,,,,,,,,,,
Ai có quyền yêu cầu ly hôn theo quy định pháp luật hiện hành?,"Căn cứ theo Điều 51 Luật Hôn nhân và Gia đình 2014 quy định về quyền yêu cầu giải quyết ly hôn như sau:

Theo đó, người có quyền yêu cầu ly hôn gồm:

- Vợ/chồng hoặc cả hai;

- Cha, mẹ, người thân thích được yêu cầu ly hôn trong trường hợp một bên vợ chồng không thể nhận thức và làm chủ hành vi đồng thời là nạn nhân của bạo lực gia đình.

Lưu ý: Người chồng không có quyền yêu cầu ly hôn với vợ khi người vợ đang có thai, sinh con hoặc đang nuôi con dưới 12 tháng tuổi.

Trân trọng!",,,,,,,,,,,,,,,,,,,,
Khi vợ chồng thuận tình ly hôn thì thủ tục hòa giải có bắt buộc không?,"Đầu tiên, tại Điều 52 Luật Hôn nhân và gia đình 2014 quy định về việc khuyến khích hòa giải ở cơ sở như sau:

Căn cứ theo Điều 397 Bộ luật Tố tụng dân sự 2015 quy định về việc hòa giải và công nhận thuận tình ly hôn, thỏa thuận nuôi con, chia tài sản khi ly hôn

Như vậy, có thể hiểu rằng đối với việc thuận tình ly hôn hiện nay pháp luật không bắt buộc phải hòa giải cơ sở mà chỉ khuyến khích việc hòa giải ở cơ sở khi vợ, chồng có yêu cầu ly hôn.

Tuy nhiên, sau khi nộp đơn xin ly hôn thì Tòa án bắt buộc phải tiến hành hòa giải theo quy định tại Điều 54 Luật Hôn nhân và gia đình 2014 .

Do đó, mặc dù vợ chồng thuận tình ly hôn là tự nguyên, nhưng thủ tục hòa giải tại tòa án là bắt buộc. Cho nên khi vợ chồng thuận tình ly hôn thì vẫn phải tiến hành thủ tục hòa giải tại tòa án.

Khi vợ chồng đã thuận tình ly hôn được ủy quyền cho luật sư thay mặt ra tòa không? (Hình từ Internet)",,,,,,,,,,,,,,,,,,,,
Khi vợ chồng đã thuận tình ly hôn được ủy quyền cho luật sư thay mặt ra tòa không?,"Đầu tiên, tại Điều 55 Luật Hôn nhân và gia đình 2014 có quy định việc thuận tình ly hôn trong trường hợp vợ chồng cùng yêu cầu ly hôn, nếu xét thấy hai bên thật sự tự nguyện ly hôn và đã thỏa thuận về việc chia tài sản, việc trông nom, nuôi dưỡng, chăm sóc, giáo dục con trên cơ sở bảo đảm quyền lợi chính đáng của vợ và con thì Tòa án công nhận thuận tình ly hôn; nếu không thỏa thuận được hoặc có thỏa thuận nhưng không bảo đảm quyền lợi chính đáng của vợ và con thì Tòa án giải quyết việc ly hôn.

Ngoài ra, tại Điều 39 Bộ luật Dân sự 2015 quy định về quyền nhân thân trong hôn nhân và gia đình cụ thể như sau:

Dẫn chiếu đến khoản 4 Điều 85 Bộ luật Tố tụng dân sự 2015 cũng quy định về người đại diện như sau:

Như vậy, từ những căn cứ trên có thể hiểu việc ly hôn là một trong các quyền nhân thân nên không thể uỷ quyền cho người khác thay mặt mình để tham gia tố tụng.

Do đó, dù cho vợ chồng thuận tình ly hôn, thì quá trình giải quyết yêu cầu ly hôn giữa hai vợ chồng cũng phải cùng có mặt tại Tòa án để tham gia phiên hòa giải mà không được ủy quyền cho luật sư của mình.",,,,,,,,,,,,,,,,,,,,
Vợ chồng thuận tình ly hôn sau khi hòa giải không muốn ly hôn nữa được không?,"Đầu tiên, tại khoản 1 Điều 364 Bộ luật Tố tụng dân sự 2015 quy định về việc trả lại đơn yêu cầu như sau:

Dẫn chiếu đến Điều 29 Bộ luật Tố tụng dân sự 2015 quy định về những yêu cầu về hôn nhân và gia đình thuộc thẩm quyền giải quyết của Tòa án như sau:

Như vậy, pháp luật Việt Nam vẫn ưu tiên cho đương sự tự quyền định đoạt trong việc hòa giải hay rút đơn yêu cầu giải quyết việc dân sự. Trong trường hợp này cũng quy định về việc Tòa án sẽ trả đơn yêu cầu công nhận thuận tình ly hôn nếu người yêu cầu rút đơn.

Do đó, đối với trường hợp vợ chồng thuận tình ly hôn là trên tinh thần tự nguyện nhưng sau khi hòa giải vợ chồng không muốn ly hôn nữa thì có thể yêu cầu Tòa án trả lại đơn yêu cầu.

Trân trọng!",,,,,,,,,,,,,,,,,,,,
Thế nào là thuận tình ly hôn theo quy định pháp luật hiện hành?,"Theo quy định tại khoản 14 Điều 3 Luật Hôn nhân và gia đình 2014 về ly hôn như sau:

Căn cứ theo Điều 55 Luật Hôn nhân và gia đình 2014 về thuận tình ly hôn như sau:

Theo đó, thuận tình ly hôn là khi yêu cầu ly hôn xuất phát từ cả vợ và chồng.

Trường hợp hai bên tự nguyện ly hôn và thỏa thuận xong về việc phân chia tài sản, trông nom, nuôi dưỡng, giáo dục, chăm sóc con dựa trên cơ sở đảm bảo quyền lợi chính đáng của vợ và con thì Tòa án công nhận thuận tình ly hôn.

Mẫu Đơn thuận tình ly hôn với người nước năm 2023? (Hình từ Internet).",,,,,,,,,,,,,,,,,,,,
Thuận tình ly hôn với người nước ngoài được quy định như thế nào?,"Theo Điều 127 Luật Hôn nhân và gia đình 2014 quy địnhh về ly hôn có yếu tố nước ngoài.

Như vậy, thuận tình ly hôn với người nước ngoài là hai bên vợ chồng (một bên là người nước ngoài hoặc người Việt Nam cư trú ở nước ngoài) tự nguyện ly hôn khi nhận thấy không còn đạt được mục đích của cuộc hôn nhân và không có bất cứ một sự tranh chấp nào về tài sản, nuôi dưỡng chăm sóc con cái.

Thuận tình ly hôn với người nước ngoài được giải quyết tại cơ quan có thẩm quyền của Việt Nam theo quy định của Luật Hôn nhân và gia đình 2014 khi giữa công dân Việt Nam với người nước ngoài, giữa người nước ngoài với nhau thường trú tại Việt Nam.",,,,,,,,,,,,,,,,,,,,
Mẫu đơn thuận tình ly hôn với người nước ngoài hôn năm 2023?,"Căn cứ theo khoản 2 Điều 29 Bộ luật Tố tụng dân sự 2015 , yêu cầu công nhận thuận tình ly hôn thuộc thẩm quyền giải quyết của Tòa án và là yêu giải quyết vụ việc dân sự.

Cho nên mẫu đơn thuận tình ly hôn với người nước ngoài là mẫu số 01-VDS - Đơn yêu cầu giải quyết vụ việc dân sự được ban hành kèm theo Nghị quyết 04/2018/NQ-HĐTP.

Tải Mẫu Đơn thuận tình ly hôn với người nước ngoài năm 2023 tại đây. Tải về .",,,,,,,,,,,,,,,,,,,,
Thủ tục thụ lý đơn thuận tình ly hôn được thực hiện như thế nào?,"Căn cứ theo điểm h khoản 2 Điều 39 Bộ luật Tố tụng dân sự 2015 quy định về thẩm quyền của Tòa án theo lãnh thổ

Căn cứ theo Điều 363 Bộ luật Tố tụng dân sự 2015 quy định về thủ tục nhận và xử lý đơn yêu cầu.

Căn cứ theo các quy định trên, thủ tục thụ lý đơn thuận tình ly hôn được tiến hành như sau:

Bước 1: Nộp đơn thuận tình ly hôn.

Nộp tại Tòa án nơi một trong các bên thuận tình ly hôn, vợ chồng có thể thỏa thuận nộp đơn ở nơi cư trú của vợ hoặc chồng.

Bước 2: Tiếp nhận đơn.

Trong thời hạn 03 ngày làm việc, kể từ ngày nhận được đơn, Chánh án Tòa án phân công một Thẩm phán xem xét đơn yêu cầu giải quyết thuận tình ly hôn.

Trong thời hạn 05 ngày làm việc, kể từ ngày được phân công, Thẩm phán xét thấy đơn yêu cầu và tài liệu kèm theo đủ điều kiện thì phải thông báo cho người yêu cầu nộp lệ phí.

Bước 3: Thụ lý đơn.

Tòa án thụ lý đơn yêu cầu khi người yêu cầu nộp cho Tòa án biên lai thu tiền lệ phí yêu cầu giải quyết việc dân sự.

Trường hợp người yêu cầu được miễn hoặc không phải nộp lệ phí thì Thẩm phán thụ lý việc dân sự kể từ ngày nhận được đơn yêu cầu

Trân trọng!",,,,,,,,,,,,,,,,,,,,
Ly hôn thuận tình là gì?,"Khoản 14 Điều 3 Luật Hôn nhân và gia đình 2014 quy định ly hôn là việc chấm dứt quan hệ vợ chồng theo bản án, quyết định có hiệu lực pháp luật của Tòa án.

Tại Điều 55 Luật Hôn nhân và gia đình 2014 có quy định về ly hôn thuận tình như sau:

Tại Điều 56 Luật Hôn nhân và gia đình 2014 có quy định về ly hôn theo yêu cầu của một bên như sau:

Theo đó, có 2 trường hợp ly hôn :

Thuận tình ly hôn là việc cả hai bên thật sự tự nguyện ly hôn và đã thỏa thuận các vấn đề liên quan đến ly hôn.

Ly hôn theo yêu cầu của một bên (hay còn gọi là ly hôn đơn phương) là việc ly hôn xuất phát từ ý chí của một bên, vợ hoặc chồng yêu cầu ly hôn mà hòa giải tại Tòa án không thành.

Thuận tình ly hôn là gì? Thuận tình ly hôn có cần phải đóng lệ phí hay không? (Hình từ Internet)",,,,,,,,,,,,,,,,,,,,
Điều kiện để được tiến hành ly hôn được quy định như thế nào?,"Đối với trường hợp ly hôn thuận tình

Theo Điều 55 Luật Hôn nhân và gia đình 2014 đối với ly hôn thuận tình, trường hợp vợ chồng cùng yêu cầu ly hôn thì Tòa án sẽ công nhận thuận tình ly hôn nếu đáp ứng đủ các điều kiện sau:

- Hai bên thật sự tự nguyện ly hôn;

- Đã thỏa thuận về việc chia tài sản, việc trông nom, nuôi dưỡng, chăm sóc, giáo dục con trên cơ sở bảo đảm quyền lợi chính đáng của vợ và con

Nếu không thỏa thuận được hoặc có thỏa thuận nhưng không bảo đảm quyền lợi chính đáng của vợ và con thì Tòa án giải quyết việc ly hôn.

Đối với ly hôn đơn phương:

Theo Điều 56 Luật Hôn nhân và gia đình 2014 đối với ly hôn đơn phương, trường hợp vợ hoặc chồng yêu cầu ly hôn thì Tòa án giải quyết cho ly hôn nếu đáp ứng đủ các điều kiện dưới đây:

- Hòa giải tại Tòa án không thành;

- Có căn cứ về việc vợ, chồng có hành vi bạo lực gia đình hoặc vi phạm nghiêm trọng quyền, nghĩa vụ của vợ, chồng làm cho hôn nhân lâm vào tình trạng trầm trọng, đời sống chung không thể kéo dài, mục đích của hôn nhân không đạt được.

Lưu ý một số trường hợp đặc biệt:

- Trong trường hợp vợ hoặc chồng của người bị Tòa án tuyên bố mất tích yêu cầu ly hôn thì Tòa án giải quyết cho ly hôn .

- Trong trường hợp có yêu cầu ly hôn của cha, mẹ, người thân thích khác của người bị bệnh tâm thần hoặc mắc bệnh khác mà không thể nhận thức, làm chủ được hành vi thì Tòa án giải quyết cho ly hôn nếu có căn cứ về việc chồng, vợ có hành vi bạo lực gia đình làm ảnh hưởng nghiêm trọng đến tính mạng, sức khỏe, tinh thần của người kia.",,,,,,,,,,,,,,,,,,,,
Thuận tình ly hôn có cần phải đóng lệ phí hay không?,"Theo quy định tại Nghị quyết 326/2016/UBTVQH14 quy định về mức thu, miễn, giảm, thu, nộp, quản lý và sử dụng án phí, lệ phí tòa án.

Theo đó, thuận tình ly hôn được xem là việc giải quyết yêu cầu về dân sự, hôn nhân và gia đình, kinh doanh, thương mại, lao động.

Hiện nay, lệ phí sơ thẩm giải quyết yêu cầu về dân sự, hôn nhân và gia đình, kinh doanh, thương mại, lao động là 300.000 đồng. Lệ phí phúc thẩm giải quyết yêu cầu về dân sự, hôn nhân và gia đình, kinh doanh, thương mại, lao động là 300.000 đồng.

Chính vì vậy, khi giải quyết thuận tình ly hôn thì phải đóng lệ phí.

Trân trọng!",,,,,,,,,,,,,,,,,,,,
Thuận tình ly hôn là gì? Thủ tục thuận tình ly hôn?,"Tình trạng ly hôn đang có xu hướng gia tăng chóng mặt trong xã hội hiện nay. Nguyên nhân xảy ra điều này là do thực trạng “yêu nhanh cưới vội”, bất đồng quan điểm, ngoại tình, không có tiếng nói chung… trong quá trình chung sống.

Về mặt pháp lý, ly hôn được hiểu là việc chấm dứt quan hệ hôn nhân do Tòa án quyết định theo yêu cầu của vợ hoặc của chồng hoặc cả hai vợ chồng, hủy bỏ các trách nhiệm pháp lý và trách nhiệm của hôn nhân và các ràng buộc dân sự khác. Tòa án là cơ quan duy nhất có trách nhiệm ra phán quyết chấm dứt quan hệ hôn nhân của vợ chồng.

Nếu hai bên vợ chồng thuận tình ly hôn thỏa thuận với nhau, giải quyết được tất cả các nội dung khi ly hôn thì toà án công nhận ra và phán quyết dưới hình thức là quyết định công nhận thuận tình ly hôn.

Theo đó, để được xác định là thuận tình ly hôn, các bên cần đáp ứng đủ các điều kiện sau:

- Hai bên thật sự tự nguyện ly hôn;

- Hai bên đã thỏa thuận về việc chia tài sản;

- Đã thỏa thuận về việc trông nom, nuôi dưỡng, chăm sóc, giáo dục con trên cơ sở bảo đảm quyền lợi chính đáng của vợ và con.

Thuận tình ly hôn là gì? Thủ tục thuận tình ly hôn? (Hình từ Internet)

Thủ tục thuận tình ly hôn cơ bản gồm những bước như sau:",,,,,,,,,,,,,,,,,,,,
Có bắt buộc phải hòa giải khi thuận tình ly hôn không?,"Chào Ban biên tập, vì cuộc sống vợ chồng không hạnh phúc, hai vợ chồng em thống nhất ly hôn. Hiện chúng em đã nộp đơn yêu cầu công nhận thuận tình ly hôn ra Tòa án. Cho em hỏi, nếu đã thuận tình ly hôn thì có bắt buộc phải tiến hành hòa giải không? Rất mong được giải đáp. Xin cảm ơn!

Trả lời:

Tại khoản 2 Điều 397 Bộ luật Tố tụng dân sự 2015 quy định về vấn đề hòa giải và công nhận thuận tình ly hôn, thỏa thuận nuôi con, chia tài sản khi ly hôn như sau:

- Thẩm phán phải tiến hành hòa giải để vợ chồng đoàn tụ; giải thích về quyền và nghĩa vụ giữa vợ và chồng, giữa cha, mẹ và con, giữa các thành viên khác trong gia đình, về trách nhiệm cấp dưỡng và các vấn đề khác liên quan đến hôn nhân và gia đình.

Như vậy, theo quy định này thì hòa giải là một thủ tục bắt buộc phải tiến hành trong giải quyết thuận tình ly hôn.

Trong thuận tình ly hôn có bắt buộc phải hòa giải không? (Hình từ Internet)",,,,,,,,,,,,,,,,,,,,
Có được thay đổi ý kiến tại buổi hòa giải của thuận tình ly hôn không?,"Anh chị cho em hỏi, hai vợ chồng em đồng ý ly hôn và thỏa thuận vợ là người nuôi con. Tòa án hẹn cuối tháng 3 này hai vợ chồng lên Tòa án để tiến hành hòa giải. Em muốn hỏi là, tại buổi hòa giải, em thay đổi ý kiến, không muốn cho vợ là người nuôi con, em muốn giành quyền nuôi con thì có được không?

Trả lời:

Khoản 4 Điều 70 Bộ luật Tố tụng dân sự 2015 , đương sự có quy định về quyền, nghĩa vụ sau đây:

- Giữ nguyên, thay đổi, bổ sung hoặc rút yêu cầu theo quy định của Bộ luật này.

Bên cạnh đó, Khoản 5 Điều 397 Bộ luật tố tụng dân sự 2015 có quy định:

- Trường hợp hòa giải đoàn tụ không thành và các đương sự không thỏa thuận được về việc chia tài sản, việc trông nom, nuôi dưỡng, chăm sóc, giáo dục con thì Tòa án đình chỉ giải quyết việc dân sự về công nhận thuận tình ly hôn, thỏa thuận nuôi con, chia tài sản khi ly hôn và thụ lý vụ án để giải quyết. Tòa án không phải thông báo về việc thụ lý vụ án, không phải phân công lại Thẩm phán giải quyết vụ án. Việc giải quyết vụ án được thực hiện theo thủ tục chung do Bộ luật này quy định.

Theo đó, bạn hoàn toàn được thay đổi ý kiến, nguyện vọng của mình tại buổi hòa giải trong giải quyết thuận tình ly hôn.",,,,,,,,,,,,,,,,,,,,
Làm gì khi không nhận được quyết định công nhận thuận tình ly hôn của Tòa án?,"Cho tôi hỏi, ngày 13/09 tôi có ra Nha Trang, thư ký tòa làm bản đồng thuận ly hôn giữa 2 người, nhưng đến nay tôi vẫn chưa nhận được quyết định gốc. Vậy, tôi sẽ ra tận Nha Trang, để nhận quyết định gốc hay sao? Do tôi hỏi Thư ký tòa Nha Trang (người làm hồ sơ, thì bảo quyết định có rồi, nghe nói đã gửi đi). Nay đã 1 tháng từ ngày giải quyết xong, vậy chị cần làm gì để có quyết định gốc đó vậy? Họ bảo bản gốc có 1 bản, không cấp lại bản gốc, nhưng chị chưa nhận được thì đâu có phải do chị, đúng không? Chị nên làm công văn gì gửi tòa để được cấp bản gốc, để bổ túc hồ sơ?

Trả lời:

Căn cứ theo quy định tại khoản 1 Điều 212 Bộ luật Tố tụng dân sự 2015 về ra quyết định công nhận thuận tình ly hôn:

1. Hết thời hạn 07 ngày, kể từ ngày lập biên bản hòa giải thành mà không có đương sự nào thay đổi ý kiến về sự thỏa thuận đó thì Thẩm phán chủ trì phiên hòa giải hoặc một Thẩm phán được Chánh án Tòa án phân công phải ra quyết định công nhận sự thỏa thuận của các đương sự.

Trong thời hạn 05 ngày làm việc, kể từ ngày ra quyết định công nhận sự thỏa thuận của các đương sự, Tòa án phải gửi quyết định đó cho các đương sự và Viện kiểm sát cùng cấp.""

Đồng thời, tại khoản 2 Điều 370 Bộ luật Tố tụng dân sự 2015 cũng có nội dung quy định như sau:

Quyết định giải quyết việc dân sự phải được gửi cho Viện kiểm sát cùng cấp, người yêu cầu giải quyết việc dân sự, người có quyền lợi, nghĩa vụ liên quan đến việc giải quyết việc dân sự trong thời hạn 05 ngày làm việc, kể từ ngày ra quyết định.

Như vậy, trong thời hạn 5 ngày làm việc kể từ ngày ra quyết định công nhận sự thỏa thuận của các đương sự thì Tòa án phải gửi quyết định đó cho bạn.

Tuy nhiên, theo thông tin bạn cung cấp thì đã gần 1 tháng nhưng bạn chưa nhận được quyết định của Tòa án thì bạn cần liên hệ với Tòa án này để yêu cầu họ cung cấp quyết định công nhận thuận tình ly hôn cho bạn. Nếu trường hợp Tòa án cố tình gây khó dễ, không cung cấp quyết định cho bạn thì:

Việc đầu tiên bạn cần làm là xác minh thông tin xem Tòa án đã gửi quyết định công nhận thuận tình ly hôn cho bạn chưa. Trong trường hợp Tòa án trả lời chưa hoặc không gửi quyết định cho bạn thì bạn yêu cầu họ trả lời bằng văn bản (trong đó nêu rõ lý do không gửi quyết định cho bạn) để làm căn cứ khiếu nại vì việc Tòa án không gửi quyết định công nhận thuận tình ly hôn cho bạn là vi phạm thủ tục tố tụng và xâm phạm đến quyền lợi của bạn.

Bạn có quyền khiếu nại theo quy định tại khoản 1 Điều 499 Bộ luật Tố tụng dân sự 2015 như sau:

Cơ quan, tổ chức, cá nhân có quyền khiếu nại quyết định, hành vi trong tố tụng dân sự của cơ quan, người tiến hành tố tụng dân sự khi có căn cứ cho rằng quyết định, hành vi đó là trái pháp luật, xâm phạm quyền và lợi ích hợp pháp của mình.

Trân trọng!",,,,,,,,,,,,,,,,,,,,
1. Thuận tình ly hôn thì bên nào phải trả án phí sơ thẩm?,"Căn cứ Điều 147 Bộ luật tố tụng dân sự 2015 có quy định về nghĩa vụ chịu án phí sơ thẩm như sau:

Như vậy, theo quy định như trên, trong trường hợp thuận tình ly hôn thì hai bên phải chịu án phí sơ thẩm. Án phí sẽ được chia đôi và mỗi bên chịu một nửa.",,,,,,,,,,,,,,,,,,,,
2. Thuận tình ly hôn thì bên nào phải trả các lệ phí liên quan?,"Tại Điều 149 Bộ luật tố tụng dân sự 2015 có quy định như sau:

Theo đó, trong trường hợp thuận tình ly hôn, bạn và vợ có thể thỏa thuận về các khoản phí. Nếu không thỏa thuận được thì mỗi bên chịu một nửa.

Trân trọng!",,,,,,,,,,,,,,,,,,,,
Hai vợ chồng thuận tình ly hôn thì có phải hòa giải không?,"Căn cứ theo quy định tại Điều 52 Luật Hôn nhân và gia đình 2014 quy định như sau:

Ngoài ra tại Điều 55 Luật Hôn nhân và gia đình 2014 quy định về thuận tình ly hôn như sau:

Như vậy, theo quy định như trên, pháp luật không bắt buộc phải thực hiện hòa giải đối với trường hợp ly hôn mà chỉ khuyến khích hòa giải. Cho nên bạn và chồng của bạn có thể tham gia hòa giải hoặc không.",,,,,,,,,,,,,,,,,,,,
Những vụ án dân sự nào không tiến hành hòa giải được?,"Căn cứ Điều 207 Bộ Luật Tố tụng dân sự 2015 quy định những vụ án dân sự không tiến hành hòa giải được bao gồm:

Theo đó, những vụ án dân sự theo quy định như trên sẽ được xem là không tiến hành hòa giải được.

Trân trọng!",,,,,,,,,,,,,,,,,,,,
Thuận tình ly hôn nhưng không tham gia phiên họp có bị đình chỉ việc ly hôn?,"Chào anh chị. Em có đơn ly hôn thuận tình, đã bàn bạc về tài sản và con cái nhưng em không có khả năng tham gia phiên họp vì lý do sức khỏe. Có cách nào để giải quyết đơn ly hôn vắng mặt em không ạ? Em đã đọc một số trang luật nói không tham gia thì bị đình chỉ vụ việc của em đúng không ạ?",,,,,,,,,,,,,,,,,,,,
Gửi quyết định thuận tình ly hôn cho đương sự thực hiên như thế nào?,"Xin cho hỏi: Vợ chồng tôi đã ly hôn hơn 3 năm. Ngày tòa mời 2 bên lên ký thỏa thuận ly hôn thì khoảng 1 tháng sau đó vợ tôi nhận được quyết định ly hôn của tòa. Về phía tôi, từ đó đến nay chưa nhận được quyết định ly hôn. Tôi có hỏi thăm cán bộ tư pháp địa phương thì họ xác nhận đã nhận đươc quyết dịnh tòa gửi. Vậy cho hỏi: Tòa án không gửi quyết định ly hôn cho tôi là đúng hay sai? Giờ tôi muốn có quyết định đó thì phải đến tòa án hỏi hay sao? Cảm ơn nhiều!",,,,,,,,,,,,,,,,,,,,
Vợ chồng sẽ phải trực tiếp tới Tòa để lấy quyết định ly hôn?,"Thưa anh chị, cho tôi hỏi việc ly hôn có tài sản chung, nhưng đã thỏa thuận thì trong 05 ngày sẽ có Quyết định ly hôn, và tôi muốn hỏi quyết định đó tôi và chồng tôi phải đến toàn lấy hay được gởi về địa chỉ đăng ký thường trú. Xin cảm ơn!",,,,,,,,,,,,,,,,,,,,
Thuận tình ly hôn nhưng không tham gia phiên họp Thẩm phán có giải quyết nữa không?,"Thuận tình ly hôn được xác định là việc dân sự theo quy định tại Điều 361 Bộ luật tố tụng dân sự 2015. Việc giải quyết yêu cầu thuận tình ly hôn được tiến hành bằng phiên họp giải quyết việc dân sự.

Theo đó, căn cứ quy định tại Khoản 2 Điều 367 Bộ luật tố tụng dân sự 2015 thì:

- Người yêu cầu hoặc người đại diện hợp pháp, người bảo vệ quyền và lợi ích hợp pháp của họ phải tham gia phiên họp theo giấy triệu tập của Tòa án.

- Người yêu cầu vắng mặt lần thứ nhất thì Tòa án hoãn phiên họp, trừ trường hợp người yêu cầu đề nghị Tòa án giải quyết việc dân sự vắng mặt họ.

Theo quy định này, người yêu cầu giải quyết việc thuận tình ly hôn phải có mặt tại phiên họp giải quyết việc dân sự hoặc có thể ủy quyền cho người đại diện mình tham gia. Trường hợp muốn yêu cầu Tòa án giải quyết việc dân sự vắng mặt thì chị cũng có thể làm đơn yêu cầu giải quyết việc thuận tình ly hôn vắng mặt chị.

Trường hợp chị không có đơn yêu cầu giải quyết vắng mặt, không có mặt tại phiên họp và cũng không ủy quyền cho người đại diện hợp pháp tham gia phiên họp lần thứ nhất thì phiên họp sẽ bị hoãn giải quyết.

Cũng theo quy định tại Điều này, trường hợp người yêu cầu đã được triệu tập hợp lệ lần thứ hai mà vẫn vắng mặt thì bị coi là từ bỏ yêu cầu và Tòa án ra quyết định đình chỉ giải quyết việc dân sự.

Như vậy, nếu lần thứ hai được Tòa triệu tập tham gia phiên họp mà vẫn vắng mặt thì việc ly hôn của chị sẽ bị đình chỉ giải quyết. Muốn được giải quyết phải nộp hồ sơ yêu cầu Tòa án thụ lý việc dân sự lại từ đầu theo thủ tục giải quyết việc dân sự.",,,,,,,,,,,,,,,,,,,,
Vợ chồng thống nhất thuận tình ly hôn thì không cần thông qua thủ tục hòa giải?,"Tại Khoản 2 Điều 397 Bộ luật Tố tụng dân sự năm 2015 quy định về vấn đề hòa giải và công nhận thuận tình ly hôn, thỏa thuận nuôi con, chia tài sản khi ly hôn như sau:

- Thẩm phán phải tiến hành hòa giải để vợ chồng đoàn tụ; giải thích về quyền và nghĩa vụ giữa vợ và chồng, giữa cha, mẹ và con, giữa các thành viên khác trong gia đình, về trách nhiệm cấp dưỡng và các vấn đề khác liên quan đến hôn nhân và gia đình.

Như vậy, theo quy định này thì hòa giải là một thủ tục bắt buộc phải tiến hành trong giải quyết thuận tình ly hôn.",,,,,,,,,,,,,,,,,,,,
Ai phải nộp án phí khi thuận tình ly hôn?,"Khoản 4 Điều 147 Bộ luật Tố tụng dân sự 2015 quy định về nghĩa vụ chịu án phí sơ thẩm như sau:

Trong vụ án ly hôn thì nguyên đơn phải chịu án phí sơ thẩm, không phụ thuộc vào việc Tòa án chấp nhận hay không chấp nhận yêu cầu của nguyên đơn. Trường hợp cả hai thuận tình ly hôn thì mỗi bên đương sự phải chịu một nửa án phí sơ thẩm.

Như vậy trong thuận tình ly hôn thì vợ và chồng đều phải chịu án phí sơ thẩm. Mỗi bên sẽ chịu một nửa án phí sơ thẩm.",,,,,,,,,,,,,,,,,,,,
Thuận tình ly hôn có nhờ người khác ký thay được không?,"Tại Điều 396 Bộ luật Dân sự 2015 có quy định như sau:

- Vợ, chồng yêu cầu Tòa án công nhận thuận tình ly hôn, thỏa thuận nuôi con, chia tài sản khi ly hôn phải có đơn yêu cầu. Đơn phải có các nội dung quy định tại khoản 2 Điều 362 của Bộ luật Tố tụng Dân sự 2015.

- Vợ, chồng cùng yêu cầu Tòa án công nhận thuận tình ly hôn, thỏa thuận nuôi con, chia tài sản khi ly hôn phải ký tên hoặc điểm chỉ vào đơn yêu cầu. Trong trường hợp này vợ, chồng cùng được xác định là người yêu cầu.

Theo quy định này nếu vợ chồng bạn thuận tình ly hôn thì cả vợ và chồng phải ký tên hoặc điểm chỉ vào đơn yêu cầu công nhận thuận thuận tình ly hôn.

Như vậy, không có vấn đề ủy quyền hay nói cách khác là không được kí thay vào đơn yêu cầu công nhận thuận tình ly hôn.

Trân trọng!",,,,,,,,,,,,,,,,,,,,
Thuận tình ly hôn vắng mặt chồng có được không?,"Điều 397 Bộ luật Tố tụng dân sự 2015 quy định về Hòa giải và công nhận thuận tình ly hôn, thỏa thuận nuôi con, chia tài sản khi ly hôn như sau:

1. Trong thời hạn chuẩn bị xét đơn yêu cầu, trước khi tiến hành hòa giải để vợ chồng đoàn tụ, khi xét thấy cần thiết, Thẩm phán có thể tham khảo ý kiến của cơ quan quản lý nhà nước về gia đình, cơ quan quản lý nhà nước về trẻ em về hoàn cảnh gia đình, nguyên nhân phát sinh mâu thuẫn và nguyện vọng của vợ, chồng, con có liên quan đến vụ án.

2. Thẩm phán phải tiến hành hòa giải để vợ chồng đoàn tụ; giải thích về quyền và nghĩa vụ giữa vợ và chồng, giữa cha, mẹ và con, giữa các thành viên khác trong gia đình, về trách nhiệm cấp dưỡng và các vấn đề khác liên quan đến hôn nhân và gia đình.

3. Trường hợp sau khi hòa giải, vợ, chồng đoàn tụ thì Thẩm phán ra quyết định đình chỉ giải quyết yêu cầu của họ.

4. Trường hợp hòa giải đoàn tụ không thành thì Thẩm phán ra quyết định công nhận thuận tình ly hôn và sự thỏa thuận của các đương sự theo quy định tại Điều 212 của Bộ luật này khi có đầy đủ các điều kiện sau đây:

a) Hai bên thực sự tự nguyện ly hôn;

b) Hai bên đã thỏa thuận được với nhau về việc chia hoặc không chia tài sản chung, việc trông nom, nuôi dưỡng, chăm sóc, giáo dục con;

c) Sự thỏa thuận phải bảo đảm quyền lợi chính đáng của vợ, con.

5. Trường hợp hòa giải đoàn tụ không thành và các đương sự không thỏa thuận được về việc chia tài sản, việc trông nom, nuôi dưỡng, chăm sóc, giáo dục con thì Tòa án đình chỉ giải quyết việc dân sự về công nhận thuận tình ly hôn, thỏa thuận nuôi con, chia tài sản khi ly hôn và thụ lý vụ án để giải quyết. Tòa án không phải thông báo về việc thụ lý vụ án, không phải phân công lại Thẩm phán giải quyết vụ án. Việc giải quyết vụ án được thực hiện theo thủ tục chung do Bộ luật này quy định.

Như vậy, theo quy định trên thì tòa án phải tổ chức hòa giải đoàn tụ. Sau khi hòa giải đoàn tụ không thành thì mới xem xét công nhận thuận tình ly hôn và sự thỏa thuận của các đương sự nếu đáp ứng đầy đủ các điều kiện luật định. Mà muốn hòa giải đoàn tụ thì phải có mặt cả hai bên đương sự. Ở đây, rõ ràng tòa sẽ không thể tiến hành tổ chức hòa giải đoàn tụ được vì một bên yêu cầu xin vắng mặt và chỉ có bên còn lại tham gia phiên hòa giải.

Do đó, nếu một bên là chồng vắng mặt thì sẽ chỉ giải quyết được đối với trường hợp đơn phương ly hôn, nếu thuận tình ly hôn thì phải có mặt hai vợ chồng.",,,,,,,,,,,,,,,,,,,,
Bao lâu thì vợ chồng nhận được quyết định công nhận thuận tình ly hôn của Tòa án?,"Căn cứ theo quy định tại Khoản 1 Điều 212 Bộ luật tố tụng dân sự 2015 về ra quyết định công nhận thuận tình ly hôn:

Điều 212. Ra quyết định công nhận sự thỏa thuận của các đương sự

1. Hết thời hạn 07 ngày, kể từ ngày lập biên bản hòa giải thành mà không có đương sự nào thay đổi ý kiến về sự thỏa thuận đó thì Thẩm phán chủ trì phiên hòa giải hoặc một Thẩm phán được Chánh án Tòa án phân công phải ra quyết định công nhận sự thỏa thuận của các đương sự.

Trong thời hạn 05 ngày làm việc, kể từ ngày ra quyết định công nhận sự thỏa thuận của các đương sự, Tòa án phải gửi quyết định đó cho các đương sự và Viện kiểm sát cùng cấp.""

Đồng thời, tại Khoản 2 Điều 370 Bộ Luật tố tụng dân sự 2015 cũng có nội dung quy định như sau:

Quyết định giải quyết việc dân sự phải được gửi cho Viện kiểm sát cùng cấp, người yêu cầu giải quyết việc dân sự, người có quyền lợi, nghĩa vụ liên quan đến việc giải quyết việc dân sự trong thời hạn 05 ngày làm việc, kể từ ngày ra quyết định”

Như vậy, trong thời hạn 5 ngày làm việc kể từ ngày ra quyết định công nhận sự thỏa thuận của các đương sự thì Tòa án phải gửi quyết định trên.

Trân trọng!",,,,,,,,,,,,,,,,,,,,
"Chào anh chị. Em có đơn ly hôn thuận tình, đã bàn bạc về tài sản và con cái nhưng em không có khả năng tham gia phiên họp vì lý do sức khỏe. Có cách nào để giải quyết đơn ly hôn vắng mặt em không ạ? Em đã đọc một số trang luật nói không tham gia thì bị đình chỉ vụ việc của em đúng không ạ?","Thuận tình ly hôn được xác định là việc dân sự theo quy định tại Điều 361 Bộ luật tố tụng dân sự 2015. Việc giải quyết yêu cầu thuận tình ly hôn được tiến hành bằng phiên họp giải quyết việc dân sự.

Theo đó, căn cứ quy định tại Khoản 2 Điều 367 Bộ luật tố tụng dân sự 2015 thì:

- Người yêu cầu hoặc người đại diện hợp pháp, người bảo vệ quyền và lợi ích hợp pháp của họ phải tham gia phiên họp theo giấy triệu tập của Tòa án.

- Người yêu cầu vắng mặt lần thứ nhất thì Tòa án hoãn phiên họp, trừ trường hợp người yêu cầu đề nghị Tòa án giải quyết việc dân sự vắng mặt họ.

Theo quy định này, người yêu cầu giải quyết việc thuận tình ly hôn phải có mặt tại phiên họp giải quyết việc dân sự hoặc có thể ủy quyền cho người đại diện mình tham gia. Trường hợp muốn yêu cầu Tòa án giải quyết việc dân sự vắng mặt thì chị cũng có thể làm đơn yêu cầu giải quyết việc thuận tình ly hôn vắng mặt chị.

Trường hợp chị không có đơn yêu cầu giải quyết vắng mặt, không có mặt tại phiên họp và cũng không ủy quyền cho người đại diện hợp pháp tham gia phiên họp lần thứ nhất thì phiên họp sẽ bị hoãn giải quyết.

Cũng theo quy định tại Điều này, trường hợp người yêu cầu đã được triệu tập hợp lệ lần thứ hai mà vẫn vắng mặt thì bị coi là từ bỏ yêu cầu và Tòa án ra quyết định đình chỉ giải quyết việc dân sự.

Như vậy, nếu lần thứ hai được Tòa triệu tập tham gia phiên họp mà chị vẫn vắng mặt thì việc ly hôn của chị sẽ bị đình chỉ giải quyết. Muốn được giải quyết phải nộp hồ sơ yêu cầu Tòa án thụ lý việc dân sự lại từ đầu theo thủ tục giải quyết việc dân sự.

Trân trọng!",,,,,,,,,,,,,,,,,,,,
"Xin cho hỏi: Vợ chồng tôi đã ly hôn hơn 3 năm. Ngày tòa mời 2 bên lên ký thỏa thuận ly hôn thì khoảng 1 tháng sau đó vợ tôi nhận được quyết định ly hôn của tòa. Về phía tôi, từ đó đến nay chưa nhận được quyết định ly hôn. Tôi có hỏi thăm cán bộ tư pháp địa phương thì họ xác nhận đã nhận đươc quyết dịnh tòa gửi. Vậy cho hỏi: Tòa án không gửi quyết định ly hôn cho tôi là đúng hay sai? Giờ tôi muốn có quyết định đó thì phải đến tòa án hỏi hay sao? Cảm ơn nhiều!","Theo như thông tin bạn cung cấp thì bạn và vợ bạn được Toà án cho ly hôn theo diện thuận tình ly hôn được quy định tại Khoản 4 Điều 397 Bộ luật Tố tụng dân sự 2015.

Theo đó thì sự thoả thuận ly hôn của các bên sẽ được Toà án thực hiện theo thủ tục quy định tại Điều 212 Bộ luật Tố tụng dân sự 2015. Theo khoản 1 Điều này thì trong thời hạn 05 ngày làm việc kể từ ngày công nhận sự thoả thuận của các bên thì Toà án phải gửi quyết định đó cho các bên và Viện kiểm sát cùng cấp.

Tuy nhiên, căn cứ theo Khoản 5 Điều 177 về cấp, tống đạt, thông báo trong trường hợp bạn vắng mặt tại nơi cư trú mà không rõ thời gian trở về hoặc không rõ địa điểm cư trú mới thì người cấp, tống đạt, thông báo thì người tiến hành cấp, tống đạt, thông báo lập biên bản về việc không thực hiện được những công việc trên và có xác nhận của đại diện tổ dân phố, công an xã phường thị trấn đồng thời tiến hành niêm yết công khai văn bản cần tống đạt.

Thủ tục niêm yết công khai sẽ được uỷ quyền cho Uỷ ban nhân dân cấp xã nơi bạn cư trú để thực hiện do đó đây có thể là lý do mà cán bộ tư pháp nơi bạn cư trú nhận được quyết định do Toà án gửi.

Căn cứ theo Khoản 21 Điều 70 Bộ luật Tố tụng Dân sự 2015 thì bạn có quyền được cấp quyết định của Toà án. Do đó để được cấp các bản sao, bạn có thể làm đơn đề nghị tòa án nơi đã ra quyết định công nhận việc thuận tình ly hôn sao lục quyết định công nhận ly hôn cho mình.

Trên đây là nội dung tư vấn của Ban biên tập gửi đến bạn.

Trân trọng !",,,,,,,,,,,,,,,,,,,,
"Hai vợ chồng tôi chưa có con, thuận tình ly hôn mà vợ tôi đang ở nước ngoài thì bố mẹ vợ tôi có thể ký thay vào đơn ly hôn được không?","Tại Điều 396 Bộ luật Dân sự 2015 có quy định như sau:

- Vợ, chồng yêu cầu Tòa án công nhận thuận tình ly hôn, thỏa thuận nuôi con, chia tài sản khi ly hôn phải có đơn yêu cầu. Đơn phải có các nội dung quy định tại khoản 2 Điều 362 của Bộ luật Tố tụng Dân sự 2015.

- Vợ, chồng cùng yêu cầu Tòa án công nhận thuận tình ly hôn, thỏa thuận nuôi con, chia tài sản khi ly hôn phải ký tên hoặc điểm chỉ vào đơn yêu cầu. Trong trường hợp này vợ, chồng cùng được xác định là người yêu cầu.

Theo quy định này nếu vợ chồng bạn thuận tình ly hôn thì cả vợ và chồng phải ký tên hoặc điểm chỉ vào đơn yêu cầu công nhận thuận thuận tình ly hôn.

Như vậy, trường hợp này bố mẹ vợ không được kí thay vào đơn yêu cầu công nhận thuận tình ly hôn.

Trân trọng!",,,,,,,,,,,,,,,,,,,,
"Cho em hỏi: vợ chồng em đang làm ly hôn thuận tình, Tòa án hẹn tuần sau 2 vợ chồng đến hòa giải. Nếu đến khi hòa giải vợ em thay đổi ý kiến không muốn ly hôn nữa thì sao?","Khoản 5 Điều 397 Bộ luật tố tụng dân sự năm 2015 quy định như sau:

Trường hợp hòa giải đoàn tụ không thành và các đương sự không thỏa thuận được về việc chia tài sản, việc trông nom, nuôi dưỡng, chăm sóc, giáo dục con thì Tòa án đình chỉ giải quyết việc dân sự về công nhận thuận tình ly hôn, thỏa thuận nuôi con, chia tài sản khi ly hôn và thụ lý vụ án để giải quyết. Tòa án không phải thông báo về việc thụ lý vụ án, không phải phân công lại Thẩm phán giải quyết vụ án. Việc giải quyết vụ án được thực hiện theo thủ tục chung do Bộ luật này quy định.

Như vậy, nếu hòa giải không thành và các bên thay đổi ý kiến thì Tòa án đình chỉ giải quyết việc dân sự về công nhận thuận tình ly hôn và thụ lý vụ án để giải quyết.

Tòa án không phải thông báo về việc thụ lý vụ án, không phải phân công lại Thẩm phán giải quyết vụ án.

Trân trọng!",,,,,,,,,,,,,,,,,,,,
"Chào Ban biên tập, vì cuộc sống vợ chồng không hạnh phúc, hai vợ chồng em thống nhất ly hôn. Hiện chúng em đã nộp đơn yêu cầu công nhận thuận tình ly hôn ra Tòa án. Cho em hỏi, nếu đã thuận tình ly hôn thì có bắt buộc phải tiến hành hòa giải không? Rất mong được giải đáp. Xin cảm ơn!","Tại Khoản 2 Điều 397 Bộ luật Tố tụng dân sự năm 2015 quy định về vấn đề hòa giải và công nhận thuận tình ly hôn, thỏa thuận nuôi con, chia tài sản khi ly hôn như sau:

- Thẩm phán phải tiến hành hòa giải để vợ chồng đoàn tụ; giải thích về quyền và nghĩa vụ giữa vợ và chồng, giữa cha, mẹ và con, giữa các thành viên khác trong gia đình, về trách nhiệm cấp dưỡng và các vấn đề khác liên quan đến hôn nhân và gia đình.

Như vậy, theo quy định này thì hòa giải là một thủ tục bắt buộc phải tiến hành trong giải quyết thuận tình ly hôn.

Trân trọng !",,,,,,,,,,,,,,,,,,,,
"Anh chị cho em hỏi, hai vợ chồng em đồng ý ly hôn và thỏa thuận vợ là người nuôi con. Tòa án hẹn cuối tháng 3 này hai vợ chồng lên Tòa án để tiến hành hòa giải. Em muốn hỏi là, tại buổi hòa giải, em thay đổi ý kiến, không muốn cho vợ là người nuôi con, em muốn giành quyền nuôi con thì có được không?","Khoản 4 Điều 70 Bộ luật Tố tụng dân sự năm 2015, đương sự có quy định về quyền, nghĩa vụ sau đây:

- Giữ nguyên, thay đổi, bổ sung hoặc rút yêu cầu theo quy định của Bộ luật này.

Bên cạnh đó, Khoản 5 Điều 397 Bộ luật tố tụng dân sự năm 2015 có quy định:

- Trường hợp hòa giải đoàn tụ không thành và các đương sự không thỏa thuận được về việc chia tài sản, việc trông nom, nuôi dưỡng, chăm sóc, giáo dục con thì Tòa án đình chỉ giải quyết việc dân sự về công nhận thuận tình ly hôn, thỏa thuận nuôi con, chia tài sản khi ly hôn và thụ lý vụ án để giải quyết. Tòa án không phải thông báo về việc thụ lý vụ án, không phải phân công lại Thẩm phán giải quyết vụ án. Việc giải quyết vụ án được thực hiện theo thủ tục chung do Bộ luật này quy định.

=> Như vậy, bạn hoàn toàn được thay đổi ý kiến, nguyện vọng của mình tại buổi hòa giải trong giải quyết thuận tình ly hôn.

Trên đây là toàn bộ giải đáp của chúng tôi về câu hỏi của bạn.

Trân trọng!",,,,,,,,,,,,,,,,,,,,
"Hai vợ chồng đều thuận tình ly hôn, nhưng anh chồng lại không chịu ra mặt để giải quyết thủ tục. Có cách nào vắng mặt đương sự mà Tòa án vẫn công nhận sự thỏa thuận của các đương sự, cho vợ chồng ly hôn không ạ?","Điều 397 Bộ luật Tố tụng dân sự 2015 quy định về Hòa giải và công nhận thuận tình ly hôn, thỏa thuận nuôi con, chia tài sản khi ly hôn như sau:

1. Trong thời hạn chuẩn bị xét đơn yêu cầu, trước khi tiến hành hòa giải để vợ chồng đoàn tụ, khi xét thấy cần thiết, Thẩm phán có thể tham khảo ý kiến của cơ quan quản lý nhà nước về gia đình, cơ quan quản lý nhà nước về trẻ em về hoàn cảnh gia đình, nguyên nhân phát sinh mâu thuẫn và nguyện vọng của vợ, chồng, con có liên quan đến vụ án.

2. Thẩm phán phải tiến hành hòa giải để vợ chồng đoàn tụ; giải thích về quyền và nghĩa vụ giữa vợ và chồng, giữa cha, mẹ và con, giữa các thành viên khác trong gia đình, về trách nhiệm cấp dưỡng và các vấn đề khác liên quan đến hôn nhân và gia đình.

3. Trường hợp sau khi hòa giải, vợ, chồng đoàn tụ thì Thẩm phán ra quyết định đình chỉ giải quyết yêu cầu của họ.

4. Trường hợp hòa giải đoàn tụ không thành thì Thẩm phán ra quyết định công nhận thuận tình ly hôn và sự thỏa thuận của các đương sự theo quy định tại Điều 212 của Bộ luật này khi có đầy đủ các điều kiện sau đây:

a) Hai bên thực sự tự nguyện ly hôn;

b) Hai bên đã thỏa thuận được với nhau về việc chia hoặc không chia tài sản chung, việc trông nom, nuôi dưỡng, chăm sóc, giáo dục con;

c) Sự thỏa thuận phải bảo đảm quyền lợi chính đáng của vợ, con.

5. Trường hợp hòa giải đoàn tụ không thành và các đương sự không thỏa thuận được về việc chia tài sản, việc trông nom, nuôi dưỡng, chăm sóc, giáo dục con thì Tòa án đình chỉ giải quyết việc dân sự về công nhận thuận tình ly hôn, thỏa thuận nuôi con, chia tài sản khi ly hôn và thụ lý vụ án để giải quyết. Tòa án không phải thông báo về việc thụ lý vụ án, không phải phân công lại Thẩm phán giải quyết vụ án. Việc giải quyết vụ án được thực hiện theo thủ tục chung do Bộ luật này quy định.

Như vậy, theo quy định trên thì tòa án phải tổ chức hòa giải đoàn tụ. Sau khi hòa giải đoàn tụ không thành thì mới xem xét công nhận thuận tình ly hôn và sự thỏa thuận của các đương sự nếu đáp ứng đầy đủ các điều kiện luật định. Mà muốn hòa giải đoàn tụ thì phải có mặt cả hai bên đương sự. Ở đây, rõ ràng tòa sẽ không thể tiến hành tổ chức hòa giải đoàn tụ được vì một bên yêu cầu xin vắng mặt và chỉ có bên còn lại tham gia phiên hòa giải.

Do đó, nếu một bên vắng mặt thì sẽ chỉ giải quyết được đối với trường hợp đơn phương ly hôn, nếu thuận tình ly hôn thì phải có mặt hai bên.

Trân trọng!",,,,,,,,,,,,,,,,,,,,
"Em hiện đang là sinh viên khoa luật trường đại học Huế. Học kỳ này em đang học môn Luật hôn nhân và gia đình, em có tìm hiểu nhiều tài liệu nhưng còn một vài thắc mắc em chưa nắm rõ mong anh chị có thể giải đáp giúp em. Cụ thể là khi hai vợ chồng thuận tình ly hôn thì có bắt buộc phải thực hiện thủ tục hòa giải không? Em cảm ơn","Theo quy định tại Điều 52 Luật hôn nhân gia đình 2014 thì: Nhà nước và xã hội khuyến khích việc hòa giải ở cơ sở khi vợ, chồng có yêu cầu ly hôn. Việc hòa giải được thực hiện theo quy định của pháp luật về hòa giải ở cơ sở.

Như vậy, việc hòa giải ở cơ sở là không bắt buộc nhưng được nhà nước khuyến khích, việc áp dụng thủ tục này hay không sẽ do sự thỏa thuận giữa hai bên vợ chồng.

Tuy nhiên, khi giải quyết thủ tục ly hôn, hòa giải là thủ tục bắt buộc tại tòa án. Điều này được quy định tại Điều 54 Luật hôn nhân gia đình: Sau khi đã thụ lý đơn yêu cầu ly hôn, Tòa án tiến hành hòa giải theo quy định của pháp luật về tố tụng dân sự.

Thủ tục hòa giải ly hôn được thực hiện như sau:

Trong thời hạn chuẩn bị xét đơn yêu cầu, trước khi tiến hành hòa giải để vợ chồng đoàn tụ, khi xét thấy cần thiết, Thẩm phán có thể tham khảo ý kiến của cơ quan quản lý nhà nước về gia đình, cơ quan quản lý nhà nước về trẻ em về hoàn cảnh gia đình, nguyên nhân phát sinh mâu thuẫn và nguyện vọng của vợ, chồng, con có liên quan đến vụ án.

Thẩm phán phải tiến hành hòa giải để vợ chồng đoàn tụ; giải thích về quyền và nghĩa vụ giữa vợ và chồng, giữa cha, mẹ và con, giữa các thành viên khác trong gia đình, về trách nhiệm cấp dưỡng và các vấn đề khác liên quan đến hôn nhân và gia đình.

Trường hợp sau khi hòa giải, vợ, chồng đoàn tụ thì Thẩm phán ra quyết định đình chỉ giải quyết yêu cầu của họ.

Trường hợp hòa giải đoàn tụ không thành thì Thẩm phán ra quyết định công nhận thuận tình ly hôn và sự thỏa thuận của các đương sự khi có đầy đủ các điều kiện sau đây:

- Hai bên thực sự tự nguyện ly hôn;

- Hai bên đã thỏa thuận được với nhau về việc chia hoặc không chia tài sản chung, việc trông nom, nuôi dưỡng, chăm sóc, giáo dục con;

- Sự thỏa thuận phải bảo đảm quyền lợi chính đáng của vợ, con.

Trường hợp hòa giải đoàn tụ không thành và các đương sự không thỏa thuận được về việc chia tài sản, việc trông nom, nuôi dưỡng, chăm sóc, giáo dục con thì Tòa án đình chỉ giải quyết việc dân sự về công nhận thuận tình ly hôn, thỏa thuận nuôi con, chia tài sản khi ly hôn và thụ lý vụ án để giải quyết. Tòa án không phải thông báo về việc thụ lý vụ án, không phải phân công lại Thẩm phán giải quyết vụ án. Việc giải quyết vụ án được thực hiện theo thủ tục chung do Bộ luật này quy định.

Về thời hạn giải quyết thuận tình ly hôn, thông thường là từ 01-02 tháng. Cụ thể:

- Trong thời hạn 05 - 08 ngày kể từ ngày nhận được đơn yêu cầu công nhận thuận tình ly hôn, Tòa án phải thụ lý vụ án, thông báo để đương sự nộp tiền tạm ứng án phí. Sau khi nộp án phí, người khởi kiện nộp cho tòa biên lai nộp tiền tạm ứng án phí để Tòa thụ lý vụ án.

- Trong thời hạn 15 ngày làm việc Tòa án tiến hành mở phiên hòa giải.

- Trong thời hạn 07 ngày kể từ ngày hòa giải không thành (không thay đổi quyết định về việc ly hôn) nếu các bên không thay đổi ý kiến Tòa án ra quyết định công nhận thuận tình ly hôn.

Ban biên tập thông tin đến bạn!

Trân trọng!",,,,,,,,,,,,,,,,,,,,
"Như tôi biết thì khi ly hôn mà có tính chất phức tạp cần phải mở phiên tòa để xét xử thì phải đóng án phí. Vậy Ban tư vấn cho tôi hỏi thuận tình ly hôn có phải nộp án phí không? Nếu có thì mức án phí phải nộp hiện nay là bao nhiêu? Mong sớm nhận được phản hồi từ Ban tư vấn. Chân thành cảm ơn Ban tư vấn rất nhiều!
Minh Hân - Tiền Giang","Theo quy định tại Bộ luật Tố tụng dân sự 2015 thì thủ tục hôn được thực hiện như sau:

- Nộp hồ sơ yêu cầu công nhận thuận tình ly hôn tại Tòa án cấp huyện nơi cư trú, làm việc của vợ hoặc chồng.

- Trong thời hạn 03 ngày làm việc, kể từ ngày nhận đơn yêu cầu công nhận thuận tình ly hôn, Chánh án Tòa án phân công Thẩm phán giải quyết đơn yêu cầu.

- Khi xét thấy đơn yêu cầu đủ điều kiện thụ lý thì Thẩm phán sẽ thông báo cho người yêu cầu về việc nộp lệ phí yêu cầu giải quyết việc dân sự trong thời hạn 05 ngày làm việc, kể từ ngày nhận được thông báo nộp lệ phí.

- Khi đã đóng lệ phí yêu cầu giải quyết việc dân sự thì Tòa án sẽ thụ lý đơn yêu cầu công nhận thuận tình ly hôn.

- Trong thời hạn 03 ngày làm việc, kể từ ngày thụ lý đơn yêu cầu, Tòa án phải thông báo bằng văn bản cho người yêu cầu.

- Thời hạn chuẩn bị xét đơn yêu cầu là 01 tháng, kể từ ngày Tòa án thụ lý đơn yêu cầu.

- Trong thời hạn chuẩn bị xét đơn yêu cầu, Thẩm phán phải tiến hành hòa giải để vợ chồng đoàn tụ.

- Trường hợp hòa giải đoàn tụ không thành thì hết thời hạn 07 ngày kể từ ngày hòa giải không thành Thẩm phán ra quyết định công nhận thuận tình ly hôn và sự thỏa thuận của các đương sự có đầy đủ các điều kiện sau đây:

+ Hai bên thực sự tự nguyện ly hôn;

+ Hai bên đã thỏa thuận được với nhau về việc chia hoặc không chia tài sản chung, việc trông nom, nuôi dưỡng, chăm sóc, giáo dục con;

+ Sự thỏa thuận phải bảo đảm quyền lợi chính đáng của vợ, con.

- Quyết định công nhận sự thỏa thuận của các đương sự có hiệu lực pháp luật ngay sau khi được ban hành.

==> Như vậy, theo quy định trên đây thì thuận tình ly hôn được coi là vụ việc dân sự. Do đó khi nộp đơn yêu cầu công nhận thuận tình ly hôn thì không phải nộp án phí mà nộp lệ phí yêu cầu giải quyết việc dân sự. Khi nộp lệ phí thì Tòa án sẽ thụ lý đơn yêu cầu công nhận thuận tình ly hôn.

Lệ phí giải quyết việc dân sự được quy định tại Nghị quyết 326/2016/UBTVQH14:

- Lệ phí sơ thẩm giải quyết yêu cầu về dân sự, hôn nhân và gia đình, kinh doanh, thương mại, lao động là 300.000 đồng.

- Lệ phí phúc thẩm giải quyết yêu cầu về dân sự, hôn nhân và gia đình, kinh doanh, thương mại, lao động là 300.000 đồng.

==> Như vậy, lệ phí khi yêu cầu tòa án công nhận thuận tình ly hôn là 300.000 đồng.

Mong rằng những tư vấn của chúng tôi sẽ giúp giải đáp được những vướng mắc của bạn.

Chúc sức khỏe và thành công!",,,,,,,,,,,,,,,,,,,,
"Tôi và chồng cả 02 đều thuận tình ly hôn, do đó mà các vấn đề về con chung hay tài sản chung đều thỏa thuận xong xuôi. Hôm trước tôi và chồng có cùng đến Tòa để nhận quyết định công nhận thuận tình ly hôn. Nhưng cả hai đều thấy không được vui vẻ gì, chúng tôi muốn quay lại sống với nhau, thì có được không. Quyết định thuận tình ly hôn này đã có hiệu lực chưa? Thời điểm hiệu lực là khi nào? Rất mong nhận được phản hồi.
(nguyen*****@gmail.com)","Tại Điều 212 Bộ luật Tố tụng Dân sự 2015 có quy định ra quyết định công nhận sự thỏa thuận của các đương sự như sau:

1. Hết thời hạn 07 ngày, kể từ ngày lập biên bản hòa giải thành mà không có đương sự nào thay đổi ý kiến về sự thỏa thuận đó thì Thẩm phán chủ trì phiên hòa giải hoặc một Thẩm phán được Chánh án Tòa án phân công phải ra quyết định công nhận sự thỏa thuận của các đương sự.

Trong thời hạn 05 ngày làm việc, kể từ ngày ra quyết định công nhận sự thỏa thuận của các đương sự, Tòa án phải gửi quyết định đó cho các đương sự và Viện kiểm sát cùng cấp.

2. Thẩm phán chỉ ra quyết định công nhận sự thỏa thuận của các đương sự nếu các đương sự thỏa thuận được với nhau về việc giải quyết toàn bộ vụ án.

3. Trong trường hợp quy định tại khoản 4 Điều 210 của Bộ luật này mà các đương sự có mặt thỏa thuận được với nhau về việc giải quyết vụ án thì thỏa thuận đó chỉ có giá trị đối với những người có mặt và được Thẩm phán ra quyết định công nhận nếu không ảnh hưởng đến quyền, nghĩa vụ của đương sự vắng mặt. Trường hợp thỏa thuận của họ có ảnh hưởng đến quyền, nghĩa vụ của đương sự vắng mặt thì thỏa thuận này chỉ có giá trị và được Thẩm phán ra quyết định công nhận nếu được đương sự vắng mặt tại phiên hòa giải đồng ý bằng văn bản.

Đồng thời tại Điều 213 Bộ luật Tố tụng Dân sự 2015 có quy định hiệu lực của quyết định công nhận sự thỏa thuận của các đương sự:

- Quyết định công nhận sự thỏa thuận của các đương sự có hiệu lực pháp luật ngay sau khi được ban hành và không bị kháng cáo, kháng nghị theo thủ tục phúc thẩm.

- Quyết định công nhận sự thỏa thuận của các đương sự chỉ có thể bị kháng nghị theo thủ tục giám đốc thẩm nếu có căn cứ cho rằng sự thỏa thuận đó là do bị nhầm lẫn, lừa dối, đe dọa, cưỡng ép hoặc vi phạm điều cấm của luật, trái đạo đức xã hội.

=> Với trường hợp của bạn có trình bày thì pháp luật có quy định hết thời hạn 07 ngày, kể từ ngày lập biên bản hòa giải thành mà không có đương sự nào thay đổi ý kiến về sự thỏa thuận đó thì Thẩm phán chủ trì phiên hòa giải hoặc một Thẩm phán được Chánh án Tòa án phân công phải ra quyết định công nhận sự thỏa thuận của các đương sự. Như vậy, trong thời hạn 07 ngày này này thì bạn và chồng bạn có thể thay đổi ý kiến về việc có ly hôn hay không.

Còn về thời điểm có hiệu lực thì Quyết định công nhận sự thỏa thuận của các đương sự có hiệu lực pháp luật ngay sau khi được ban hành và không bị kháng cáo, kháng nghị theo thủ tục phúc thẩm.

Do đó, bạn đã nhận được quyết định ly hôn của bạn đã có hiệu lực pháp luật thì vợ chồng bạn không được kháng cáo, kháng nghị theo thủ tục phúc thẩm. Vậy, nếu vợ chồng bạn có muốn quay lại với nhau thì đăng ký kết hôn lại.

Bạn có thể tham khảo thêm:

Một số lưu ý trước khi kết hôn

Hồ sơ đăng ký kết hôn lần 2 gồm những gì?

Trên đây là nội dung tư vấn. Mong là những thông tin chia sẻ trên đây sẽ giúp ích cho bạn.

Trân trọng và chúc sức khỏe!",,,,,,,,,,,,,,,,,,,,
"Em và chồng em quyết định thuận tình ly hôn, mọi vấn đề về tài sản chung, con cái chúng em đều đã thỏa thuận ổn thỏa. Chúng em đã nộp đơn ra tòa. Vậy Ban tư vấn cho em hỏi thuận tình ly hôn thì sau bao lâu sẽ chấm dứt hôn nhân? Mong sớm nhận được phản hồi từ Ban tư vấn. Chân thành cảm ơn Ban tư vấn rất nhiều!
Thùy Linh - linh*****@gmail.com","Theo quy định tại Bộ luật tố tụng dân sự 2015 thì thời gian giải quyết thủ tục thuận tình ly hôn sẽ được thực hiện như sau:

- Trong thời hạn 03 ngày làm việc, kể từ ngày nhận đơn yêu cầu công nhận thuận tình ly hôn, Chánh án Tòa án phân công Thẩm phán giải quyết đơn yêu cầu.

- Khi xét thấy đơn yêu cầu đủ điều kiện thụ lý thì Thẩm phán sẽ thông báo cho người yêu cầu về việc nộp lệ phí yêu cầu giải quyết việc dân sự trong thời hạn 05 ngày làm việc, kể từ ngày nhận được thông báo nộp lệ phí.

- Trong thời hạn 03 ngày làm việc, kể từ ngày thụ lý đơn yêu cầu, Tòa án phải thông báo bằng văn bản cho người yêu cầu.

- Thời hạn chuẩn bị xét đơn yêu cầu là 01 tháng, kể từ ngày Tòa án thụ lý đơn yêu cầu.

- Trong thời hạn chuẩn bị xét đơn yêu cầu, Thẩm phán phải tiến hành hòa giải để vợ chồng đoàn tụ.

- Trường hợp hòa giải đoàn tụ không thành thì hết thời hạn 07 ngày kể từ ngày hòa giải không thành Thẩm phán ra quyết định công nhận thuận tình ly hôn và sự thỏa thuận của các đương sự có đầy đủ các điều kiện sau đây:

+ Hai bên thực sự tự nguyện ly hôn;

+ Hai bên đã thỏa thuận được với nhau về việc chia hoặc không chia tài sản chung, việc trông nom, nuôi dưỡng, chăm sóc, giáo dục con;

+ Sự thỏa thuận phải bảo đảm quyền lợi chính đáng của vợ, con.

- Quyết định công nhận sự thỏa thuận của các đương sự có hiệu lực pháp luật ngay sau khi được ban hành.

=> Quan hệ hôn nhân chấm dứt kể từ ngày quyết định công nhận thuận tình ly hôn có hiệu lực pháp luật.

Mong rằng những tư vấn của chúng tôi sẽ giúp giải đáp được những vướng mắc của bạn.

Chúc sức khỏe và thành công!",,,,,,,,,,,,,,,,,,,,
"Em đang là sinh viên, hiện em đang có đôi chút thắc mắc liên quan đến luật và muốn nhờ anh chị giải đáp. Cụ thể, cho em hỏi: Như thế nào được coi là thuận tình ly hôn? Mong sớm nhận được sự phản hồi. Xin cảm ơn!","Căn cứ theo Điều 55 Luật hôn nhân và gia đình 2014 thì thuận tình ly hôn được quy định như sau:

Trong trường hợp vợ chồng cùng yêu cầu ly hôn , nếu xét thấy hai bên thật sự tự nguyện ly hôn và đã thỏa thuận về việc chia tài sản, việc trông nom, nuôi dưỡng, chăm sóc, giáo dục con trên cơ sở bảo đảm quyền lợi chính đáng của vợ và con thì Tòa án công nhận thuận tình ly hôn; nếu không thỏa thuận được hoặc có thỏa thuận nhưng không bảo đảm quyền lợi chính đáng của vợ và con thì Tòa án giải quyết việc ly hôn.

Trên đây là nội dung trả lời về thuận tình ly hôn. Bạn có thể tham khảo thêm thông tin về vấn đề này tại Luật hôn nhân và gia đình 2014.

Trân trọng!",,,,,,,,,,,,,,,,,,,,
Chào Luật sư. Em muốn ly hôn thuận tình với chồng em và nhập hộ khẩu về nhà ngoại thì có làm được không? Mong sớm nhận được phản hồi!,"Đối với vấn đề thuận tình ly hôn:

Điều 55 Luật Hôn nhân Gia đình 2014 quy định: Trong trường hợp vợ chồng cùng yêu cầu ly hôn, nếu xét thấy hai bên thật sự tự nguyện ly hôn và đã thỏa thuận về việc chia tài sản, việc trông nom, nuôi dưỡng, chăm sóc, giáo dục con trên cơ sở bảo đảm quyền lợi chính đáng của vợ và con thì Tòa án công nhận thuận tình ly hôn; nếu không thỏa thuận được hoặc có thỏa thuận nhưng không bảo đảm quyền lợi chính đáng của vợ và con thì Tòa án giải quyết việc ly hôn.

Theo Khoản 2 Điều 29 Bộ luật Tố tụng dân sự 2015 thì yêu cầu công nhận thuận tình ly hôn, thỏa thuận nuôi con, chia tài sản khi ly hôn được xác định là việc dân sự và thuộc thẩm quyền giải quyết của Tòa án.

Thủ tục giải quyết thuận tình ly hôn thực hiện theo Chương XXIII Bộ luật Tố tụng dân sự 2015.

Bước 1: Nộp hồ sơ yêu cầu công nhận thuận tình ly hôn tại Tòa án cấp huyện nơi cư trú, làm việc của vợ hoặc chồng.

Bước 2: Nộp lệ phí và thụ lý vụ án.

Bước 3: Tòa án chuẩn bị xét đơn yêu cầu và mở phiên họp công khai để giải quyết việc yêu cầu công nhận thuận tình ly hôn.

Bước 4: Toà án ra quyết định công nhận thuận tình ly hôn.

Đối với vấn đề chuyển hộ khẩu về nhà ngoại sau ly hôn:

Khi bạn muốn thực hiện thủ tục nhập hộ khẩu nhà ngoại thì cần thực hiện theo quy định tại Luật Cư trú 2006 và phải được sự đồng ý của chủ hộ nơi chuyển đến.

Điều 21 Luật Cư trú 2006 quy định thủ tục đăng ký thường trú như sau:

1. Người đăng ký thường trú nộp hồ sơ đăng ký thường trú tại cơ quan công an sau đây:

a) Đối với thành phố trực thuộc trung ương thì nộp hồ sơ tại Công an huyện, quận, thị xã;

b) Đối với tỉnh thì nộp hồ sơ tại Công an xã, thị trấn thuộc huyện, Công an thị xã, thành phố thuộc tỉnh.

2. Hồ sơ đăng ký thường trú bao gồm:

a) Phiếu báo thay đổi hộ khẩu, nhân khẩu; bản khai nhân khẩu;

b) Giấy chuyển hộ khẩu theo quy định tại Điều 28 của Luật này;

c) Giấy tờ và tài liệu chứng minh chỗ ở hợp pháp. Đối với trường hợp chuyển đến thành phố trực thuộc trung ương phải có thêm tài liệu chứng minh thuộc một trong các trường hợp quy định tại Điều 20 của Luật này.

3. Trong thời hạn mười lăm ngày, kể từ ngày nhận đủ hồ sơ, cơ quan có thẩm quyền quy định tại khoản 1 Điều này phải cấp sổ hộ khẩu cho người đã nộp hồ sơ đăng ký thường trú; trường hợp không cấp phải trả lời bằng văn bản và nêu rõ lý do.

Trên đây là nội dung tư vấn về việc thuận tình ly hôn và nhập hộ khẩu về nhà ngoại sau khi ly hôn.

Trân trọng!",,,,,,,,,,,,,,,,,,,,
"Chào Ban biên tập, tôi là Nguyễn Thu Anh, tìm hiểu quy định về việc chịu án phí trong tố tụng dân sự. Tôi có thắc mắc sau mong nhận được phản hồi. Tôi được biết thì trong vụ án ly hôn nếu bên nào có yêu cầu ly hôn thì bên đó phải chịu án phí ly hôn. Vậy trong trường hợp vợ chồng thuận tình ly hôn thì mức án phí phải chịu là bao nhiêu?","Theo quy định tại Khoản 5 Điều 27 Nghị quyết 326/2016/UBTVQH14 quy định về mức thu, miễn, giảm, thu, nộp, quản lý và sử dụng án phí và lệ phí Tòa án do Ủy ban Thường vụ Quốc hội ban hành, có quy định về vấn đề bạn hỏi như sau:

Nguyên đơn phải chịu án phí dân sự sơ thẩm trong vụ án ly hôn không phụ thuộc vào việc Tòa án chấp nhận hay không chấp nhận yêu cầu của nguyên đơn. Trường hợp thuận tình ly hôn thì mỗi bên đương sự phải chịu 50% mức án phí;

Và tại Nghị quyết cũng quy định:

Căn cứ vào Danh mục án phí, lệ phí tòa án ban hành kèm theo Nghị quyết 326/2016/UBTVQH14 thì án phí dân sự sơ thẩm đối với tranh chấp dân sự không có giá ngạch là 300 000 đồng. Đối với tranh chấp dân sự có giá ngạch thì tùy thuộc vào giá trị tài sản có tranh chấp mà Tòa án sẽ xác định mức án phí phù hợp theo quy định tại Danh mục này.

Như vậy, theo quy định trên thì trong vụ án thuận tình ly hôn thì mức án phí mà hai bên là phải chịu là 50 % (150.000 đồng).

Ban biên tập phản hồi thông tin đến bạn.",,,,,,,,,,,,,,,,,,,,
"Tôi và chồng do cuộc sống có nhiều mâu thuẫn, đời sống gia đình không hạnh phúc nên chúng tôi muốn lý hôn, tài sản và con cái chúng tôi đã thỏa thuận xong. Cho hỏi thuận tình ly hôn thì giải quyết trong vòng bao lâu?","Ly hôn là việc chấm dứt quan hệ vợ chồng theo bản án, quyết định có hiệu lực pháp luật của Tòa án.

Trong trường hợp vợ chồng cùng yêu cầu ly hôn, nếu xét thấy hai bên thật sự tự nguyện ly hôn và đã thỏa thuận về việc chia tài sản, việc trông nom, nuôi dưỡng, chăm sóc, giáo dục con trên cơ sở bảo đảm quyền lợi chính đáng của vợ và con thì Tòa án công nhận thuận tình ly hôn; nếu không thỏa thuận được hoặc có thỏa thuận nhưng không bảo đảm quyền lợi chính đáng của vợ và con thì Tòa án giải quyết việc ly hôn.

Theo quy định của Bộ luật Tố tụng dân sự 2015 thì thuận tình ly hôn là việc dân sự nên thời gian giải quyết thủ tục ly hôn thuận tình là 1-2 tháng.

Trân trọng!",,,,,,,,,,,,,,,,,,,,
"Thuận tình ly hôn theo Luật Hôn nhân và gia đình 2000 được quy định như thế nào? Xin chào Ban biên tập, Tôi là Thành Luân. Hiện tại tôi đang tìm hiểu về quy định pháp luật liên quan đến lĩnh vực hôn nhân và gia đình qua các thời kỳ. Cho tôi hỏi, thuận tình ly hôn theo Luật Hôn nhân và gia đình 2000 được quy định cụ thể ra sao? Mong nhận được sự phản hồi từ Ban biên tập. Xin chân thành cảm ơn!
Thành Luân (thanhluan*****@gmail.com)","Theo quy định tại Điều 90 Luật Hôn nhân và gia đình 2000 thì thuận tình ly hôn được quy định cụ thể như sau:

Trong trường hợp vợ chồng cùng yêu cầu ly hôn mà hoà giải tại Toà án không thành, nếu xét thấy hai bên thật sự tự nguyện ly hôn và đã thoả thuận về việc chia tài sản, việc trông nom, nuôi dưỡng, chăm sóc, giáo dục con thì Toà án công nhận thuận tình ly hôn và sự thoả thuận về tài sản và con trên cơ sở bảo đảm quyền lợi chính đáng của vợ và con; nếu không thoả thuận được hoặc tuy có thoả thuận nhưng không bảo đảm quyền lợi chính đáng của vợ và con thì Toà án quyết định.

Trên đây là nội dung tư vấn về thuận tình ly hôn theo Luật Hôn nhân và gia đình 2000. Để biết thêm thông tin chi tiết, bạn nên tham khảo thêm tại Luật Hôn nhân và gia đình 2000.

Trân trọng!",,,,,,,,,,,,,,,,,,,,
"Thuận tình ly hôn theo Luật Hôn nhân và gia đình 2014 được quy định như thế nào? Xin chào Ban biên tập, Tôi là Thành Luân. Hiện tại tôi đang tìm hiểu về quy định pháp luật liên quan đến lĩnh vực hôn nhân và gia đình qua các thời kỳ. Cho tôi hỏi, thuận tình ly hôn theo Luật Hôn nhân và gia đình 2014 được quy định cụ thể ra sao? Mong nhận được sự phản hồi từ Ban biên tập. Xin chân thành cảm ơn!
Thành Luân (thanhluan*****@gmail.com)","Theo quy định tại Điều 55 Luật Hôn nhân và gia đình 2014 thì thuận tình ly hôn được quy định cụ thể như sau:

Trong trường hợp vợ chồng cùng yêu cầu ly hôn, nếu xét thấy hai bên thật sự tự nguyện ly hôn và đã thỏa thuận về việc chia tài sản, việc trông nom, nuôi dưỡng, chăm sóc, giáo dục con trên cơ sở bảo đảm quyền lợi chính đáng của vợ và con thì Tòa án công nhận thuận tình ly hôn; nếu không thỏa thuận được hoặc có thỏa thuận nhưng không bảo đảm quyền lợi chính đáng của vợ và con thì Tòa án giải quyết việc ly hôn.

Trên đây là nội dung tư vấn về thuận tình ly hôn theo Luật Hôn nhân và gia đình 2014. Để biết thêm thông tin chi tiết, bạn nên tham khảo thêm tại Luật Hôn nhân và gia đình 2014.

Trân trọng!",,,,,,,,,,,,,,,,,,,,
"Thuận tình ly hôn theo Luật Hôn nhân và gia đình 1959 được quy định như thế nào? Xin chào Ban biên tập, Tôi là Thành Luân. Hiện tại tôi đang tìm hiểu về quy định pháp luật liên quan đến lĩnh vực hôn nhân và gia đình qua các thời kỳ. Cho tôi hỏi, thuận tình ly hôn theo Luật Hôn nhân và gia đình 1959 được quy định cụ thể ra sao? Mong nhận được sự phản hồi từ Ban biên tập. Xin chân thành cảm ơn!
Thành Luân (thanhluan*****@gmail.com)","Theo quy định tại Điều 25 Luật Hôn nhân và gia đình 1959 thì thuận tình ly hôn được quy định cụ thể như sau:

Khi hai bên vợ chồng xin thuận tình ly hôn, thì sau khi điều tra, nếu xét đúng là hai bên tự nguyện xin lý hôn, Toà án nhân dân sẽ công nhận việc thuận tình ly hôn.

Luật Hôn nhân và gia đình 1959 còn quy định khi một bên vợ hoặc chồng xin ly hôn, cơ quan có thẩm quyền sẽ điều tra và hoà giải. Hoà giải không được, Toà án nhân dân sẽ xét xử. Nếu tình trạng trầm trọng, đời sống chung không thể kéo dài, mục đích của hôn nhân không đạt được, thì Toà án nhân dân sẽ cho ly hôn.

Trên đây là nội dung tư vấn về thuận tình ly hôn theo Luật Hôn nhân và gia đình 1959. Để biết thêm thông tin chi tiết, bạn nên tham khảo thêm tại Luật Hôn nhân và gia đình 1959.

Trân trọng!",,,,,,,,,,,,,,,,,,,,
"Thưa luật sư, tôi đã làm thủ tục ly hôn thuận tình và chồng, tôi quê ở Lạng Sơn còn chồng tôi ở Cao Bằng. Mặc dù cũng đồng ý ly hôn và chúng tôi không có tranh chấp gì về tài sản và con cái nhưng vì khoảng cách địa lý nên anh ấy không muốn lên tòa để giải quyết. Tôi muốn giải quyết ly hôn vắng mặt, chồng không tham gia phiên tòa có được không?","Điều 55 Luật Hôn nhân và gia đình 2014 quy định về thuận tình ly hôn như sau:

""Trong trường hợp vợ chồng cùng yêu cầu ly hôn, nếu xét thấy hai bên thật sự tự nguyện ly hôn và đã thỏa thuận về việc chia tài sản, việc trông nom, nuôi dưỡng, chăm sóc, giáo dục con trên cơ sở bảo đảm quyền lợi chính đáng của vợ và con thì Tòa án công nhận thuận tình ly hôn; nếu không thỏa thuận được hoặc có thỏa thuận nhưng không bảo đảm quyền lợi chính đáng của vợ và con thì Tòa án giải quyết việc ly hôn.""

Như vậy, theo thông tin bạn cung cấp thì hai vợ chồng bạn đều thuận tình ly hôn. Vấn đề của bạn là muốn Tòa xử vắng mặt bạn (chồng) vì lý do ở xa. Điểm q Khoản 2  Điều 58 Bộ luật tố tụng dân sự quy định nghĩa vụ của đương sự như sau: ""q) Phải có mặt theo giấy triệu tập của Toà án và chấp hành các quyết định của Toà án trong thời gian giải quyết vụ án."" Như vậy, về nguyên tắc, Tòa án chỉ giải quyết vụ việc khi có mặt đầy đủ các đương sự. Nếu đương sự vắng mặt có thể cử người đại diện theo ủy quyền, theo Điều 73 Bộ luật tố tụng dân sự:

Theo quy định Luật Hôn nhân và Gia đình năm 2004, và Pháp lệnh Thủ tục giải quyết các vụ án dân sự, việc ly hôn được tiến hành như sau:

Nộp thủ tục ly hôn thuận tình tại Tòa án nhân dân nơi bên vợ hoặc bên chồng cư trú, làm việc.

""Điều 73. Người đại diện

1. Người đại diện trong tố tụng dân sự bao gồm người đại diện theo pháp luật và người đại diện theo uỷ quyền.

2. Người đại diện theo pháp luật được quy định trong Bộ luật dân sự là người đại diện theo pháp luật trong tố tụng dân sự, trừ trường hợp bị hạn chế quyền đại diện theo quy định của pháp luật.

Cá nhân, cơ quan, tổ chức khởi kiện để bảo vệ quyền và lợi ích hợp pháp của người khác cũng là đại diện theo pháp luật trong tố tụng dân sự của người được bảo vệ.

3. Người đại diện theo uỷ quyền được quy định trong Bộ luật dân sự là người đại diện theo uỷ quyền trong tố tụng dân sự; đối với việc ly hôn, đương sự không được uỷ quyền cho người khác thay mặt mình tham gia tố tụng.""

Về nguyên tắc, mọi vụ án đều chỉ xét xử khi có mặt đầy đủ các đương sự. Trừ trường hợp đương sự vắng mặt dù Tòa án đã triệu tập hợp lệ 2 lần mà vẫn vắng mặt thì vụ án có thể bị đình chỉ (nếu bên nguyên đơn vắng mặt) hoặc xử vắng mặt (nếu bị đơn vắng mặt). Tuy nhiên, trong hồ sơ phải có đầy đủ thông tin, ý kiến của cả hai bên (nếu không thì tòa cũng không thụ lý (nhận đơn) hoặc không thể xét xử.

Thông thường, các bên đương sự có thể ủy quyền cho người khác thay mình tham gia vào quá trình tố tụng (giải quyết vụ án). Tuy nhiên, trong vụ án ly hôn (hôn nhân gia đình) – liên quan đến quyền nhân thân – mà quyền nhân thân thì không thể chuyển giao (ủy quyền) cho người khác. Nên sự có mặt của đương sự tại tòa là bắt buộc.

Trân trọng!",,,,,,,,,,,,,,,,,,,,
"Cho em hỏi thủ tục thuận tình ly hôn như thế nào, mất bao lâu thì có thể ly hôn được? Con của vợ chồng em được 12 tháng tuổi vậy em là chồng thì em có thể dành quyền nuôi con hay không? Mong nhận được tư vấn của Ban biên tập Thư Ký Luật. Chân thành cảm ơn!","Tại Điều 55 Luật hôn nhân và gia đình 2014 quy định về thuận tình ly hôn như sau: Trong trường hợp vợ chồng cùng yêu cầu ly hôn, nếu xét thấy hai bên thật sự tự nguyện ly hôn và đã thỏa thuận về việc chia tài sản, việc trông nom, nuôi dưỡng, chăm sóc, giáo dục con trên cơ sở bảo đảm quyền lợi chính đáng của vợ và con thì Tòa án công nhận thuận tình ly hôn; nếu không thỏa thuận được hoặc có thỏa thuận nhưng không bảo đảm quyền lợi chính đáng của vợ và con thì Tòa án giải quyết việc ly hôn.

Căn cứ chương XXVIII Bộ luật tố tụng dân sự 2015 thì thủ tục giải quyết thuận tình ly hôn như sau:

+ Bước 1: Nộp hồ sơ yêu cầu công nhận thuận tình ly hôn tại Tòa án nhân dân cấp quận/huyện nơi cư trú, làm việc của vợ hoặc chồng (trong trường hợp vợ hoặc chồng ở nước ngoài thì nộp đơn tại TAND cấp tỉnh).

+ Bước 2: Sau khi nhận đơn yêu cầu công nhận thuận tình ly hôn cùng hồ sơ hợp lệ Tòa án sẽ thụ lý giải quyết và sẽ ra thông báo nộp tiền tạm ứng lệ phí Toà án cho người đã nộp đơn;

+ Bước 3: Căn cứ thông báo của Toà án, đương sự nộp tiền tạm ứng lệ phí tại Chi cục thi hành án dân sự cấp quận/huyện và nộp lại biên lai nộp tiền cho Tòa án (Nếu TAND cấp tỉnh giải quyết thì nộp tại Cục thi hành án dân sự cấp tỉnh).

+ Bước 4: Tòa án mở phiên họp công khai để giải quyết việc yêu cầu công nhận thuận tình ly hôn.

+ Bước 5: Toà án ra quyết định công nhận việc thuận tình ly hôn.

Thời gian giải quyết thuận tình ly hôn thông thường sẽ từ 20 ngày đến 40 ngày.

Hồ sơ yêu cầu công nhận thuận tình ly hôn gồm có:

+ Giấy chứng nhận đăng kí kết hôn (bản chính hoặc bản trích lục trong trường hợp mất bản chính);

+ Chứng minh thư nhân dân hoặc hộ chiếu của vợ và chồng (bản sao có chứng thực);

+ Giấy khai sinh của các con (bản sao có chứng thực);

+ Sổ hộ khẩu gia đinh (bản sao có chứng thực);

+ Các tài liệu, chứng cứ khác chứng minh tài sản chung như: GCNQSDĐ (sổ đỏ); Đăng ký xe; sổ tiết kiệm… (bản sao);

+ Đơn yêu cầu công nhận thuận tình ly hôn.

Tại Điều 81 Luật hôn nhân và gia đình 2014 quy định về việc trông nom, chăm sóc, nuôi dưỡng, giáo dục con sau khi ly hôn như sau:

+ Sau khi ly hôn, cha mẹ vẫn có quyền, nghĩa vụ trông nom, chăm sóc, nuôi dưỡng, giáo dục con chưa thành niên, con đã thành niên mất năng lực hành vi dân sự hoặc không có khả năng lao động và không có tài sản để tự nuôi mình.

+  Vợ, chồng thỏa thuận về người trực tiếp nuôi con, nghĩa vụ, quyền của mỗi bên sau khi ly hôn đối với con; trường hợp không thỏa thuận được thì Tòa án quyết định giao con cho một bên trực tiếp nuôi căn cứ vào quyền lợi về mọi mặt của con; nếu con từ đủ 07 tuổi trở lên thì phải xem xét nguyện vọng của con.

+  Con dưới 36 tháng tuổi được giao cho mẹ trực tiếp nuôi, trừ trường hợp người mẹ không đủ điều kiện để trực tiếp trông nom, chăm sóc, nuôi dưỡng, giáo dục con hoặc cha mẹ có thỏa thuận khác phù hợp với lợi ích của con.

Như vậy, trong trường hợp của bạn, con bạn mới 12 tháng tuổi thì được giao cho mẹ trực tiếp nuôi, trừ trường hợp người mẹ không đủ điều kiện để trực tiếp trông nom, chăm sóc, nuôi dưỡng, giáo dục con hoặc cha mẹ có thỏa thuận khác phù hợp với lợi ích của con.

Trên đây là tư vấn của Ban biên tập Thư Ký Luật về thủ tục thuận tình ly hôn, quyền nuôi con khi ly hôn. Bạn nên tham khảo chi tiết Luật hôn nhân và gia đình 2014 để nắm rõ quy định này.

Trân trọng!",,,,,,,,,,,,,,,,,,,,
"Yêu cầu thuận tình ly hôn nộp ở đâu? Chào Ban biên tập Thư Ký Luật, tôi sinh ra và lớn lên ở xã Tiên Dược - huyện Sóc Sơn -TP Hà Nội, tôi hiện đang làm việc tại tỉnh Bắc Giang và lấy vợ tại đây (tôi đã chuyển khẩu của vợ tôi về huyện Sóc Sơn). Hiện nay, giữa hai vợ chồng nảy sinh nhiều mâu thuẫn dẫn đếncuộc sống của chúng tôi không hạnh phúc nên chúng tôi muốn ly hôn, và chúng tôi hiện đang tạm trú tại tỉnh Bắc Giang. Vậy xin hỏi tôi muốn nộp đơn thì phải nộp ở đâu để được giải quyết và chi phí để được giả quyết là bao nhiêu? Rất mong nhận được câu trả lời của Ban biên tập Thư Ký Luật. Xin cám ơn (Quốc_098**)","Căn cứ Điểm h Khoản 2 Điều 39 Bộ luật tố tụng dân sự 2015 thì Tòa án nơi một trong các bên thuận tình ly hôn, thỏa thuận nuôi con, chia tài sản khi ly hôn cư trú, làm việc có thẩm quyền giải quyết yêu cầu công nhận thuận tình ly hôn, thỏa thuận nuôi con, chia tài sản khi ly hôn;

Như vậy vợ chồng bạn có thể lựa chọn tòa án nơi một trong các bên (hoặc cả hai bên) cư trú khi thuận tình ly hôn.

Căn cứ Điều 12 Luật cư trú 2006 thì nơi cư trú của công dân là nơi người đó thường xuyên sinh sống, là nơi thường trú hoặc tạm trú.

Như vậy, vợ chồng bạn có thể nộp đơn thuận tình ly hôn và yêu cầu Tòa án nhân dân huyện ở Bắc Giang giải quyết.

Căn cứ: Pháp lệnh án phí, lệ phí tòa án năm 2009; Nghị quyết 01/2012/NQ-HĐTP ngày 13/06/2012 hướng dẫn án phí, lệ phí tòa án của Hội đồng thẩm phán TANDTC thì mức án phí ly hôn được quy định như sau:

- Án phí cho một vụ ly hôn hiện nay là tầm 200.000 đồng nếu không tranh chấp về tài sản.

- Đối với những vụ việc có tranh chấp về tài sản thì mức án phí được xác định theo giá ngạch như sau:

Giá trị tài sản có tranh chấp

Mức án phí

a) Từ 4.000.000 đồng trở xuống

200.000 đồng

b) Từ trên 4.000.000 đồng đến 400.000.000 đồng

5% giá trị tài sản có tranh chấp

c) Từ trên 400.000.000 đồng đến 800.000.000 đồng

20.000.000 đồng + 4% của phần giá trị tài sản có tranh chấp vượt quá 400.000.000 đồng

d) Từ trên 800.000.000 đồng đến 2.000.000.000 đồng

36.000.000 đồng + 3% của phần giá trị tài sản có tranh chấp vượt quá 800.000.000 đồng

đ) Từ trên 2.000.000.000 đồng đến 4.000.000.000 đồng

72.000.000 đồng + 2% của phần giá trị tài sản có tranh chấp vượt quá 2.000.000.000 đồng

e) Từ trên 4.000.000.000 đồng

112.000.000 đồng + 0,1% của phần giá trị tài sản có tranh chấp vượt quá 4.000.000.000 đồng.",,,,,,,,,,,,,,,,,,,,
"Vợ ở nước ngoài, chồng ở Việt Nam! 15 năm nay không chung sống và không liên lạc với nhau nữa. Nay cả hai cùng muốn làm thủ tục ly hôn nhưng do hoàn cảnh vợ không về được Việt nam. Vậy thủ tục tại Việt Nam Tôi (là chồng) phải làm như thế nào? Xin cho tôi được biết? Mong nhận được tư vấn của Ban biên tập Thư Ký Luật. Chân thành cảm ơn!","Theo quy định của Luật hôn nhân và gia đình năm 2014, hai vợ chồng nếu như đều muốn chấm dứt quan hệ hôn nhân thì có thể thực hiện việc ly hôn. Việc ly hôn có thể là thuận tình hoặc ly hôn đơn phương. Trong trường hợp của anh, giữa hai vợ chồng đã có sự thỏa thuận về việc thuận tình ly hôn. Theo quy định tại Điều 55 Luật hôn nhân và gia đình năm 2014 quy định về thuận tình ly hôn như sau:

“Trong trường hợp vợ chồng cùng yêu cầu ly hôn, nếu xét thấy hai bên thật sự tự nguyện ly hôn và đã thỏa thuận về việc chia tài sản, việc trông nom, nuôi dưỡng, chăm sóc, giáo dục con trên cơ sở bảo đảm quyền lợi chính đáng của vợ và con thì Tòa án công nhận thuận tình ly hôn; nếu không thỏa thuận được hoặc có thỏa thuận nhưng không bảo đảm quyền lợi chính đáng của vợ và con thì Tòa án giải quyết việc ly hôn.”

Về thủ tục tiến hành ly hôn, việc yêu cầu tòa án ly hôn được quy định tại Bộ luật tố tụng dân sự năm 2015.

Hồ sơ mà bạn cần để tiến hành thủ tục ly hôn, bao gồm:

-  Mẫu đơn xin ly hôn thuận tình.

-  Giấy đăng kí kết hôn (bản chính)

-  Chứng minh thư nhân dân của hai bên vợ chồng

-   Sổ hộ khẩu

-   Giấy khai sinh của các con (nếu có)

-   Giấy tờ chứng minh tài sản riêng, tài sản chung (nếu có).

Do vợ bạn đang ở nước ngoài nên căn cứ Điều 35 Bộ luật Tố tụng dân sự 2015, bạn có thể nộp đơn ở tòa án cấp tỉnh nơi vợ bạn đăng ký thường trú.

Trên đây là tư vấn của Ban biên tập Thư Ký Luật về việc thuận tình ly hôn khi vợ ở nước ngoài. Bạn nên tham khảo chi tiết Luật hôn nhân và gia đình năm 2014 để nắm rõ quy định này.

Trân trọng!",,,,,,,,,,,,,,,,,,,,
"Tôi là bộ đội ở đơn vị làm nhiệm vụ trực chiến, đóng quân cách nơi vợ tôi ở gần 100km, nơi vợ tôi ở cũng là nơi tôi đăng ký kết hôn. Tôi và vợ tôi thuận tình ly hôn, tôi đã nộp hồ sơ thuận tình ly hôn gồm: 1 đơn xin xác nhận thuận tình ly hôn; 1 sổ hộ khẩu photo công chứng của gia đình vợ, 1 giấy xác nhận đăng ký kết hôn của vợ chồng tôi; 1 giấy chứng minh nhân dân photo công chứng của vợ; 1 giấy chứng minh Quân đội photo công chứng của tôi; 1 đơn xin xác nhận nơi cư trú của tôi đã được chỉ huy đơn vị xác nhận và đóng dấu). Hơn 10 ngày sau có người gọi điện thoại cho tôi bằng điện thoại di động yêu cầu tôi đến tòa án để hướng dẫn làm đơn khởi kiện. Vì vậy tôi muốn hỏi: Bây giờ tôi làm thế nào để tòa án trả lời cho tôi? Mong nhận được tư vấn của Ban biên tập Thư Ký Luật. Chân thành cảm ơn!","Điều 55 Luật Hôn nhân gia đình 2014 quy định về thuận tình ly hôn như sau: “Trong trường hợp vợ chồng cùng yêu cầu ly hôn, nếu xét thấy hai bên thật sự tự nguyện ly hôn và đã thỏa thuận về việc chia tài sản, việc trông nom, nuôi dưỡng, chăm sóc, giáo dục con trên cơ sở bảo đảm quyền lợi chính đáng của vợ và con thì Tòa án công nhận thuận tình ly hôn; nếu không thỏa thuận được hoặc có thỏa thuận nhưng không bảo đảm quyền lợi chính đáng của vợ và con thì Tòa án giải quyết việc ly hôn”.

Hồ sơ về giải quyết yêu cầu thuận tình ly hôn theo quy định tại Điều 312 Bộ luật tố tụng dân sự 2015 như sau:

“1. Người yêu cầu Tòa án giải quyết việc dân sự phải gửi đơn đến Tòa án có thẩm quyền quy định tại mục 2 Chương III của Bộ luật này.

2. Đơn yêu cầu phải có các nội dung chính sau đây:

a) Ngày, tháng, năm viết đơn;

b) Tên Tòa án có thẩm quyền giải quyết đơn;

c) Tên, địa chỉ của người yêu cầu;

d) Những vấn đề cụ thể yêu cầu Tòa án giải quyết và lý do, mục đích, căn cứ của việc yêu cầu Tòa án giải quyết việc dân sự đó;

đ) Tên, địa chỉ của những người có liên quan đến việc giải quyết đơn yêu cầu, nếu có;

e) Các thông tin khác mà người yêu cầu xét thấy cần thiết cho việc giải quyết yêu cầu;

g) Người yêu cầu là cá nhân phải ký tên hoặc điểm chỉ, nếu là cơ quan, tổ chức thì đại diện hợp pháp của cơ quan, tổ chức đó phải ký tên và đóng dấu vào phần cuối đơn.

3. Gửi kèm theo đơn yêu cầu là tài liệu, chứng cứ để chứng minh cho yêu cầu của mình là có căn cứ và hợp pháp”.

Đối với trường hợp thuận tình ly hôn, Tòa án vẫn tiến hành hòa giải để các bên thỏa thuận với nhau. Sau đó theo quy định tại Điều 314 Bộ luật tố tụng dân sự 2015, Tòa án sẽ tiến hành phiên họp để giải quyết vụ việc dân sự.

Theo thông tin bạn hỏi sau khi bạn nộp đơn thì có người gọi điện về đơn yêu cầu thì có thể đây là hình thức tống đạt trực tiếp để bổ sung đơn yêu cầu thuận tình ly hôn. Bạn nên có mặt tại Tòa đúng thời gian để giải quyết yêu cầu ly hôn của mình.

Trên đây là tư vấn của Ban biên tập Thư Ký Luật về hướng dẫn bổ sung thủ tục thuận tình ly hôn. Bạn nên tham khảo chi tiết Bộ luật tố tụng dân sự 2015 để nắm rõ quy định này.

Trân trọng!",,,,,,,,,,,,,,,,,,,,
Tôi ở Cần Thơ chồng tôi ở Sóc Trăng. Lúc đăng kí kết hôn ở Cần Thơ nay tôi muốn li hôn (cả đơn phương và thuận tình li hôn) thì có cần 2 gia đình quyết định không (chúng tôi không tranh chấp tài sản gì cả và nuôi con là tôi nuôi) chúng tôi có một bé trai 5 tháng tuổi. Và nay tôi làm việc ở Tp.Hồ Chí Minh thì có thể nộp đơn nơi tôi đang làm việc không? Mong nhận được tư vấn của Ban biên tập Thư Ký Luật. Chân thành cảm ơn!,"Luật hôn nhân và gia đình 2014 quy định về trường hợp đơn phương ly hôn và thuận tình ly hôn như sau:

“Điều 55. Thuận tình ly hôn

Trong trường hợp vợ chồng cùng yêu cầu ly hôn, nếu xét thấy hai bên thật sự tự nguyện ly hôn và đã thỏa thuận về việc chia tài sản, việc trông nom, nuôi dưỡng, chăm sóc, giáo dục con trên cơ sở bảo đảm quyền lợi chính đáng của vợ và con thì Tòa án công nhận thuận tình ly hôn; nếu không thỏa thuận được hoặc có thỏa thuận nhưng không bảo đảm quyền lợi chính đáng của vợ và con thì Tòa án giải quyết việc ly hôn.

Điều 56. Ly hôn theo yêu cầu của một bên

1. Khi vợ hoặc chồng yêu cầu ly hôn mà hòa giải tại Tòa án không thành thì Tòa án giải quyết cho ly hôn nếu có căn cứ về việc vợ, chồng có hành vi bạo lực gia đình hoặc vi phạm nghiêm trọng quyền, nghĩa vụ của vợ, chồng làm cho hôn nhân lâm vào tình trạng trầm trọng, đời sống chung không thể kéo dài, mục đích của hôn nhân không đạt được.

2. Trong trường hợp vợ hoặc chồng của người bị Tòa án tuyên bố mất tích yêu cầu ly hôn thì Tòa án giải quyết cho ly hôn.

3. Trong trường hợp có yêu cầu ly hôn theo quy định tại khoản 2 Điều 51 của Luật này thì Tòa án giải quyết cho ly hôn nếu có căn cứ về việc chồng, vợ có hành vi bạo lực gia đình làm ảnh hưởng nghiêm trọng đến tính mạng, sức khỏe, tinh thần của người kia.”

Như vậy, theo quy định của pháp luật, việc bạn thuận tình ly hôn hay đơn phương ly hôn thì đều không cần sự đồng ý của 2 bên gia đình. Với thuận tình ly hôn, chỉ cần vợ chồng bạn cùng đồng ý ly hôn, thỏa thuận về việc phân chia tài sản và việc trông nom, nuôi dưỡng, chăm sóc, giáo dục con trên cơ sở bảo đảm quyền lợi chính đáng của vợ và con thì Tòa án công nhận thuận tình ly hôn. Nếu như không thỏa thuận được hoặc có thỏa thuận nhưng không bảo đảm quyền lợi chính đáng của vợ và con thì Tòa án giải quyết việc ly hôn. Về đơn phương ly hôn hay ly hôn theo yêu cầu của 1 bên thì chỉ cần 1 bên có đơn yêu cầu ly hôn kèm theo những căn cứ về việc vợ, chồng có hành vi bạo lực gia đình hoặc vi phạm nghiêm trọng quyền, nghĩa vụ của vợ, chồng làm cho hôn nhân lâm vào tình trạng trầm trọng, đời sống chung không thể kéo dài, mục đích của hôn nhân không đạt được. Sau khi hòa giải tại Tòa án không thành thì Tòa án giải quyết cho ly hôn. Về phân chia tài sản sau ly hôn sẽ ưu tiên giải quyết theo thỏa thuận của các bên, còn nếu các bên không thỏa thuận được sẽ được chia đôi nhưng căn cứ vào các yếu tố quy định tại Điều 59 Luật hôn nhân và gia đình 2014.

Trên đây là tư vấn của Ban biên tập Thư Ký Luật về việc xin ý kiến đồng ý của hai bên gia đình khi ly hôn. Bạn nên tham khảo chi tiết Luật hôn nhân và gia đình 2014 để nắm rõ quy định này.

Trân trọng!",,,,,,,,,,,,,,,,,,,,
"Nghĩa vụ chịu lệ phí khi thuận tình ly hôn được quy định như thế nào? Bạn đọc Hồng Anh, địa chỉ mail Anhbeu****@gmail.com hỏi: Tôi và chồng thuận tình ly hôn. Cho tôi hỏi trong trường hợp của tôi thì nghĩa vụ chịu lệ phí được quy định như thế nào? Và văn bản pháp luật nào quy định về điều này? Mong Ban biên tập Thư Ký Luật trả lời giúp tôi. Xin cám ơn!","Nội dung mà bạn hỏi liên quan tới nghĩa vụ chịu lệ phí trong tố tụng dân sự được quy định tại Bộ luật tố tụng dân sự 2015 (Có hiệu lực từ ngày 01/07/2016).

Theo đó, nghĩa vụ chịu lệ phí được xác định tùy theo từng loại việc dân sự cụ thể và do luật quy định.

Đối với yêu cầu công nhận thuận tình ly hôn, thỏa thuận nuôi con, chia tài sản khi ly hôn thì vợ, chồng có thể thỏa thuận về việc chịu lệ phí, trừ trường hợp được miễn hoặc không phải chịu lệ phí theo quy định của pháp luật.

Trường hợp vợ, chồng không thỏa thuận được người có nghĩa vụ chịu lệ phí thì mỗi người phải chịu một nửa lệ phí.

(Điều 149 Bộ luật tố tụng dân sự 2015)

Trên đây là trả lời của Ban biên tập Thư Ký Luật về nghĩa vụ chịu lệ phí trong tố tụng dân sự được quy định tại Bộ luật tố tụng dân sự 2015. Bạn vui lòng tham khảo văn bản này để có thể hiểu rõ hơn.

Trân trọng!",,,,,,,,,,,,,,,,,,,,
"Tôi là bộ đội ở đơn vị làm nhiệm vụ trực chiến, đóng quân cách nơi vợ tôi ở gần 100km, nơi vợ tôi ở cũng là nơi tôi đăng ký kết hôn. Tôi và vợ tôi thuận tình ly hôn, tôi đã nộp hồ sơ thuận tình ly hôn gồm: 1 đơn xin xác nhận thuận tình ly hôn; 1 sổ hộ khẩu photo công chứng của gia đình vợ, 1 giấy xác nhận đăng ký kết hôn của vợ chồng tôi; 1 giấy chứng minh nhân dân photo công chứng của vợ; 1 giấy chứng minh Quân đội photo công chứng của tôi; 1 đơn xin xác nhận nơi cư trú của tôi đã được chỉ huy đơn vị xác nhận và đóng dấu). Hơn 10 ngày sau có người gọi điện thoại cho tôi bằng điện thoại di động yêu cầu tôi đến tòa án để hướng dẫn làm đơn khởi kiện. Vì vậy tôi muốn hỏi: Bây giờ tôi làm thế nào để tòa án trả lời cho tôi?","Điều 55 Luật Hôn nhân gia đình 2014 quy định về thuận tình ly hôn như sau: “Trong trường hợp vợ chồng cùng yêu cầu ly hôn, nếu xét thấy hai bên thật sự tự nguyện ly hôn và đã thỏa thuận về việc chia tài sản, việc trông nom, nuôi dưỡng, chăm sóc, giáo dục con trên cơ sở bảo đảm quyền lợi chính đáng của vợ và con thì Tòa án công nhận thuận tình ly hôn; nếu không thỏa thuận được hoặc có thỏa thuận nhưng không bảo đảm quyền lợi chính đáng của vợ và con thì Tòa án giải quyết việc ly hôn”.

Hồ sơ về giải quyết yêu cầu thuận tình ly hôn theo quy định tại Điều 312 Bộ luật tố tụng dân sự 2004 sửa đổi bổ sung 2011 như sau:

“1. Người yêu cầu Tòa án giải quyết việc dân sự phải gửi đơn đến Tòa án có thẩm quyền quy định tại mục 2 Chương III của Bộ luật này.

2. Đơn yêu cầu phải có các nội dung chính sau đây:

a) Ngày, tháng, năm viết đơn;

b) Tên Tòa án có thẩm quyền giải quyết đơn;

c) Tên, địa chỉ của người yêu cầu;

d) Những vấn đề cụ thể yêu cầu Tòa án giải quyết và lý do, mục đích, căn cứ của việc yêu cầu Tòa án giải quyết việc dân sự đó;

đ) Tên, địa chỉ của những người có liên quan đến việc giải quyết đơn yêu cầu, nếu có;

e) Các thông tin khác mà người yêu cầu xét thấy cần thiết cho việc giải quyết yêu cầu;

g) Người yêu cầu là cá nhân phải ký tên hoặc điểm chỉ, nếu là cơ quan, tổ chức thì đại diện hợp pháp của cơ quan, tổ chức đó phải ký tên và đóng dấu vào phần cuối đơn.

3. Gửi kèm theo đơn yêu cầu là tài liệu, chứng cứ để chứng minh cho yêu cầu của mình là có căn cứ và hợp pháp”.

Đối với trường hợp thuận tình ly hôn, Tòa án vẫn tiến hành hòa giải để các bên thỏa thuận với nhau. Sau đó theo quy định tại Điều 314 BLTTDS, Tòa án sẽ tiến hành phiên họp để giải quyết vụ việc dân sự.

Theo thông tin bạn hỏi sau khi bạn nộp đơn thì có người gọi điện về đơn yêu cầu thì có thể đây là hình thức tống đạt trực tiếp để bổ sung đơn yêu cầu thuận tình ly hôn. Bạn nên có mặt tại Tòa đúng thời gian để giải quyết yêu cầu ly hôn của mình.",,,,,,,,,,,,,,,,,,,,
Thủ tục thuận tình ly hôn,"Nếu tình trạng hôn nhân của bạn đã trầm trọng, đời sống chung không thể kéo dài, mục đích hôn nhân không đạt được mà chồng bạn không đồng ý thuận tình ly hôn thì bạn có thể đơn phương thực hiện thủ tục ly hôn và lưu ý một số nội dung cơ bản về thủ tục đơn phương ly hôn sau đây:

1. Hồ sơ, thủ tục ly hôn đơn phương được quy định như sau:

- Giấy chứng nhận đăng ký kết hôn (bản chính);

- Chứng minh nhân dân của vợ và chồng (bản sao có chứng thực);

- Giấy khai sinh của các con (bản sao có chứng thực);

- Sổ hộ khẩu gia đình (bản sao có chứng thực);

- Đơn xin ly hôn (Theo mẫu - Không cần phải công chứng, chứng thực đơn này) .

2. Nơi nộp hồ sơ :

Theo quy định của Bộ luật tố tụng dân sự thì tòa án nhân dân quận, huyện nơi cư trú của bị đơn (người không ký vào đơn ly hôn), nơi bị đơn thường xuyên sinh sống, cư trú hoặc làm việc.

Vì vậy, vợ chồng bạn đăng ký kết hôn ở đâu không quan trọng, bạn sinh sống ở đâu cũng không quan trọng, tòa án nơi chồng bạn đang trực tiếp sinh sống, làm việc là nơi có thẩm quyền giải quyết.

3.Thời gian giải quyết:

Trường hợp vợ hoặc chồng xin ly hôn đơn phương, theo quy định của Điều 179 thì thời gian chuẩn bị xét xử vụ án ly hôn tối đa là 04 tháng, nếu vụ án có tính chất phức tạp hoặc có trở ngại khách quan thì được gia hạn nhưng không quá 02 tháng.

Trong thời hạn 01 tháng kế từ ngày ra quyết định đưa vụ án ra xét xử, Tòa án phải mở phiên tòa; trong trường hợp có lý do chính đáng, thời hạn này là 02 tháng. Trong thực tế, thời gian giải quyết vụ án ly hôn có thể ngắn hơn hoặc kéo dài hơn thời gian mà luật qui định tùy thuộc vào tính chất của từng vụ án.

Thủ tục thuận tình ly hôn (Hình từ Internet)

3.Thời gian giải quyết:

Sau khi ly hôn, vợ, chồng vẫn có nghĩa vụ trông nom, chăm sóc, giáo dục, nuôi dưỡng con chưa thành niên hoặc đã thành niên bị tàn tật, mất năng lực hành vi dân sự, không có khả năng lao động và không có tài sản để tự nuôi mình.

Vợ, chồng thoả thuận về người trực tiếp nuôi con, quyền và nghĩa vụ của mỗi bên sau khi ly hôn đối với con; nếu không thoả thuận được thì Toà án quyết định giao con cho một bên trực tiếp nuôi căn cứ vào quyền lợi về mọi mặt của con.

Người không trực tiếp nuôi con có nghĩa vụ cấp dưỡng nuôi con.

Về nguyên tắc, con dưới 36 tháng tuổi được giao cho mẹ trực tiếp nuôi, nếu các bên không có thỏa thuận khác, trừ trường hợp người mẹ do ốm đau, bệnh tật, nhược điểm về thể chất không đủ sức khỏe, điều kiện để nuôi con. Nếu con từ đủ 07 tuổi trở lên thì phải xem xét nguyện vọng của con.

Theo thông tin bạn nêu thì con bạn chưa đủ 36 tháng tuổi nên bạn sẽ được trực tiếp nuôi dưỡng, chăm sóc con sau khi ly hôn.

5. Vấn đề phân chia tài sản khi ly hôn:

Tài sản riêng của bên nào thì thuộc quyền sở hữu của bên đó.

Việc chia tài sản chung khi ly hôn do các bên thoả thuận; nếu không thoả thuận được thì yêu cầu Toà án giải quyết. Việc chia tài sản chung được giải quyết theo các nguyên tắc sau đây:

- Tài sản chung của vợ chồng về nguyên tắc được chia đôi, nhưng có xem xét hoàn cảnh của mỗi bên, tình trạng tài sản, công sức đóng góp của mỗi bên vào việc tạo lập, duy trì, phát triển tài sản này. Lao động của vợ, chồng trong gia đình được coi như lao động có thu nhập;

- Bảo vệ quyền, lợi ích hợp pháp của vợ, con chưa thành niên hoặc đã thành niên bị tàn tật, mất năng lực hành vi dân sự, không có khả năng lao động và không có tài sản để tự nuôi mình;

- Bảo vệ lợi ích chính đáng của mỗi bên trong sản xuất, kinh doanh và nghề nghiệp để các bên có điều kiện tiếp tục lao động tạo thu nhập;

- Tài sản chung của vợ chồng được chia bằng hiện vật hoặc theo giá trị; bên nào nhận phần tài sản bằng hiện vật có giá trị lớn hơn phần mình được hưởng thì phải thanh toán cho bên kia phần giá trị chênh lệch.

Việc thanh toán nghĩa vụ chung về tài sản của vợ, chồng do vợ, chồng thoả thuận; nếu không thoả thuận được thì yêu cầu Toà án giải quyết.

Về nguyên tắc thì việc chia tài sản chung vợ chồng do hai bên tự nguyện thỏa thuận. Nếu không thỏa thuận được thì tòa án sẽ giải quyết khi có yêu cầu của một trong hai bên đương sự. Đồng thời, các bên phải nộp án phí tương ứng với giá trị tài sản khi tòa án phân chia.",,,,,,,,,,,,,,,,,,,,
"Tôi và chồng tôi đồng ý cùng viết đơn ly hôn và đã gửi đến toà án nhân dân (chồng tôi là người đi nộp). Tòa án đã gọi lên để tiến hành hoà giải nhưng chúng tôi đã từ chối và yêu cầu cân có thời gian để suy nghĩ. Đến nay tôi muốn rút đơn. Vậy, tôi có thể rút đơn được khôg hay phải chồng tôi đi rút.","Theo thông tin bạn cung cấp, hai vợ chồng bạn cùng đồng ý viết đơn ly hôn nên đây được coi là yêu cầu công nhận thuận tình ly hôn, một trong những yêu cầu về hôn nhân và gia đình thuộc thẩm quyền giải quyết của Toà án theo quy định tại Điều 28 Bộ luật Tố tụng dân sự; bạn và chồng bạn tham gia tố tụng với tư cách là người yêu cầu. Thủ tục chung về việc giải quyết việc dân sự được thực hiện theo hướng dẫn tại chương 10, phần thứ 5 của Bộ luật Tố tụng dân sự.

Theo đó, Khoản 3 Điều 320 Bộ luật Tố tụng dân sự có quy định: “Trong thời hạn chuẩn bị xét đơn yêu cầu, nếu người yêu cầu rút đơn yêu cầu thì Toà án ra quyết định đình chỉ việc xét đơn yêu cầu”. Do vậy, bạn với tư cách là người yêu cầu trong vụ việc dân sự có quyền rút đơn đề nghị thuận tình ly hôn.",,,,,,,,,,,,,,,,,,,,
"Vợ chồng tôi chung sống với nhau nay đã được 2 nhóc một đứa lên 3 tuổi và một đứa 1 tuổi, trong thời kỳ hôn nhân tôi có được bố mẹ trao tặng quyền sử dụng đất riêng cho tôi, trên giấy tờ và văn bằng công chứng chỉ có tên của tôi, vậy khi ly hôn vợ tôi có quyền yêu cầu nhập tài sản đó vào khối tải sản chung hay không. Nếu có tranh chấp vợ tôi có quền đòi hỏi chia tải sản hay không. Nếu khi vợ tôi có đồng ý ký vào đơn thuận tình ly hôn, trên giấy tờ xác định việc ly hôn không có tranh chấp về tải sản, gồm có đất đai, nhà ở, xe cộ và tất cả những thứ liên quan khác thì khi ra tòa, tòa án có yêu cầu xác định về tải sản của hai vợ chồng hay không, tôi muốn viết lá đơn về thuận tình ly hôn không có tranh chấp bất cứ gì về khối tài sản gồm nhà ở và đất đai, việc nuôi con và cấp dưỡng.  Mong quý luật sư giải đáp thắc mắc và tư vấn, hướng dẫn giúp tôi  Xin chân thành cám ơn!","1/ Theo quy định của Luật hôn nhân và gia đình hiện hành thì trong thời gian hôn nhân, vợ hoặc chồng vẫn có quyền có tài sản riêng, đó là tài sản được tặng cho riêng, được thừa kế riêng ... Và khi ly hôn, tài sản riêng của bên nào thì vẫn thuộc quyền của bên đó (trừ khi tài sản riêng đó đã được thỏa thuận sáp nhập vào khối tài sản chung của vợ chồng).

2/ Trường hợp trong đơn thuận tình ly hôn hai vợ chồng đã xác định không có tranh chấp tài sản, con cái gì, cả hai đã tự thỏa thuận giải quyết về vấn đề tài sản, con cái thì tòa án chỉ giải quyết về quan hệ hôn nhân thôi chứ khÔng giải quyếT vấn đề tài  SẢN VÀ CON CÁI bạn nhé.",,,,,,,,,,,,,,,,,,,,
"Chồng em đang ở nước ngoài, em và anh ấy cùng thuận tình ly hôn. Nay anh ấy muốn làm đơn ly hôn gởi về thì nội dung như thế nào? Ngoài ra có cần giấy tờ gì nữa không?","Theo quy định tại Điều 55 Luật hôn nhân và gia đình 2014 thì trong trường hợp vợ chồng cùng yêu cầu ly hôn, nếu xét thấy hai bên thật sự tự nguyện ly hôn và đã thỏa thuận về việc chia tài sản, việc trông nom, nuôi dưỡng, chăm sóc, giáo dục con trên cơ sở bảo đảm quyền lợi chính đáng của vợ và con thì Tòa án công nhận thuận tình ly hôn. Như vậy, đơn yêu cầu thuận tình ly hôn được lập trên cơ sở tự nguyện của cả hai vợ chồng. Nội dung đơn thuận tình ly hôn phải có những nội dung chính sau đây (khoản 2 Điều 312 Bộ luật tố tụng dân sự 2004): (1) ngày, tháng, năm viết đơn; (2) tên Tòa án có thẩm quyền giải quyết đơn; (3) tên, địa chỉ của người yêu cầu; (4) những vấn đề cụ thể yêu cầu Toà án giải quyết và lý do, mục đích, căn cứ của việc yêu cầu Toà án giải quyết việc dân sự đó; (5) người yêu cầu là cá nhân phải ký tên hoặc điểm chỉ. Theo đó, nội dung đơn thuận tình ly hôn phải đề cập đến vấn đề con chung, cấp dưỡng sau ly hôn, tài sản, nhà ở, nợ chung và các vấn đề khác thực hiện sau ly hôn. Tòa án nhân dân huyện, quận, thị xã, thành phố thuộc tỉnh nơi một trong các bên thuận tình ly hôn, nuôi con, chia tài sản khi ly hôn cư trú, làm việc (điểm h khoản 2 Điều 35 Bộ luật tố tụng dân sự 2004).

Cùng với đơn yêu cầu thuận tình ly hôn, cần gửi kèm một số tài liệu sau. Theo quy định tại khoản 3 Điều 312 Bộ luật tố tụng dân sự 2004 thì tài liệu gửi kèm theo đơn yêu cầu là tài liệu, chứng cứ để chứng minh cho yêu cầu của mình là có căn cứ và hợp pháp, gồm một số tài liệu chính sau:

- Bản sao giấy CMND hoặc hộ chiếu (có chứng thực);

- Bản sao Hộ khẩu (có chứng thực);

- Bản chính giấy chứng nhận kết hôn, trong trường hợp mất bản chính giấy chứng nhận kết hôn thì nộp bản sao có xác nhận sao y bản chính của cơ quan Nhà nước có thẩm quyền, nhưng phải trình bày rõ trong đơn kiện;

- Bản sao giấy khai sinh con (nếu có con).

- Xác nhận của đại sứ quán hoặc lãnh sự quán nếu một trong hai bên đang sinh sống và làm việc tại nước ngoài.

- Những chứng từ chứng minh tài sản chung của vợ chồng (nếu có tài sản chung cần chia).",,,,,,,,,,,,,,,,,,,,
Tôi muốn ly hôn cần những thủ tục gì? Nếu thuận tình thì thủ tục như thế nào? Tài sản có đất đai thì thủ tục chia như thế nào?,"Thủ tục ly hôn:

- Nếu đơn phương xin ly hôn thì Toà án Nhân dân quận, huyện nơi bị đơn đang cư trú (nơi thường trú hoặc nơi tạm trú) có thẩm quyền giải quyết. Nếu thuận tình ly hôn thì các bên có thể lựa chọn toà án nơi một trong hai bên đang cư trú. Nếu trong vụ án ly hôn có  tranh chấp mà đương sự hoặc tài sản ở nước ngoài hoặc cần phải uỷ thác tư pháp cho cơ quan lãnh sự của Việt Nam ở nước ngoài, cho Toà án nước ngoài thuộc thẩm quyền của Toà án Nhân dân tỉnh, thành phố (điều 33, 34, 35 Bộ luật Tố tụng dân sự năm 2004). Nếu thuận tình ly hôn chị có thể lựa chọn toà án nơi người vợ hoặc người chồng đang cư trú.

Hồ sơ xin ly hôn bao gồm:

1. Chứng minh nhân dân và sổ hộ khẩu của vợ và chồng

2. Đăng ký kết hôn bản chính

3. Giấy khai sinh của các con

4. Giấy tờ về tài sản nếu có yêu cầu chia.

Căn cứ khoản 1 điều 89 Luật Hôn nhân và gia đình năm 2000 quy định về căn cứ cho ly hôn như sau: Toà án xem xét yêu cầu ly hôn, nếu  xét thấy tình trạng trầm trọng, đời sống chung không thể kéo dài, mục đích của hôn nhân không đạt được thì Toà án quyết định  cho ly hôn.

Theo quy định tại điều 92 Luật Hôn nhân và gia đình thì việc trông nom, chăm sóc, giáo dục, nuôi dưỡng con sau khi ly hôn như sau:

1. Sau khi ly hôn, vợ, chồng vẫn có nghĩa vụ trông nom, chăm sóc, giáo dục, nuôi dưỡng con chưa thành niên hoặc đã thành niên bị tàn tật, mất năng lực hành vi dân sự, không có khả năng lao động và không có tài sản để tự nuôi mình.

Người không trực tiếp nuôi con có nghĩa vụ cấp dưỡng nuôi con.

2. Vợ, chồng thoả thuận về người trực tiếp nuôi con, quyền và nghĩa vụ của mỗi bên sau khi ly hôn đối với con; nếu không thoả thuận được thì Toà án quyết định giao con cho một bên trực tiếp nuôi căn cứ vào quyền lợi về mọi mặt của con; nếu con từ đủ chín tuổi trở lên thì phải xem xét nguyện vọng của con.

Về nguyên tắc, con dưới ba tuổi được giao cho mẹ trực tiếp nuôi, nếu các bên không có thoả thuận khác.

Điều 95 Luật Hôn nhân và gia đình quy định về nguyên tắc chia tài sản khi ly hôn được quy định như sau:

1. Việc chia tài sản khi ly hôn do các bên thoả thuận; nếu không thoả thuận được thì yêu cầu Toà án giải quyết. Tài sản riêng của bên nào thì thuộc quyền sở hữu của bên đó.

2. Việc chia tài sản chung được giải quyết theo các nguyên tắc sau đây:

a) Tài sản chung của vợ chồng về nguyên tắc được chia đôi, nhưng có xem xét hoàn cảnh của mỗi bên, tình trạng tài sản, công sức đóng góp của mỗi bên vào việc tạo lập, duy trì, phát triển tài sản này. Lao động của vợ, chồng trong gia đình được coi như lao động có thu nhập;

b) Bảo vệ quyền, lợi ích hợp pháp của vợ, con chưa thành niên hoặc đã thành niên bị tàn tật, mất năng lực hành vi dân sự, không có khả năng lao động và không có tài sản để tự nuôi mình;

c) Bảo vệ lợi ích chính đáng của mỗi bên trong sản xuất, kinh doanh và nghề  nghiệp để các bên có điều kiện tiếp tục lao động tạo thu nhập;

d) Tài sản chung của vợ chồng được chia bằng hiện vật hoặc theo giá trị; bên nào nhận phần tài sản bằng hiện vật có giá trị lớn hơn phần mình được hưởng thì phải thanh toán cho bên kia phần giá trị chênh lệch.

3. Việc thanh toán nghĩa vụ chung về tài sản của vợ, chồng do vợ, chồng thoả thuận; nếu không thoả thuận được thì yêu cầu Toà án giải quyết.

Theo quy định nêu trên nếu đất đai được xác định là tài sản chung của vợ chồng (được hình thành trong thời kỳ đăng ký kết hôn) về nguyên tắc sẽ chia đôi có tính đến công sức đóng góp của hai bên.",,,,,,,,,,,,,,,,,,,,
"Tôi và chồng kết hôn từ năm 2010. Trong thời gian chung sống cùng nhau, chúng tôi cảm thấy quá bất đồng về quan điểm sống, không thể dung hoà được, hai người cùng thống nhất sẽ ly hôn. Xin luật sư tư vấn giúp tôi, quy trình giải quyết thuận tình ly hôn?","Trên cơ sở các quy định của luật, chúng tôi xin đưa ra quan điểm tư vấn như sau:

1. Làm hồ sơ xin ly hôn

-         Đơn xin yêu cầu ly hôn (theo mẫu đơn ly hôn thuận tình)

Đơn xin thuận tình ly hôn là văn bản xác nhận chính thức ý chí và yêu cầu của cả hai người (theo quy định tại Điều 312 BLTTDS) ngay từ khi nộp đơn yêu cầu toà án giải quyết. Đó là cơ sở để Tòa án thụ lý theo thủ tục việc dân sự (Điều 311 BLTTDS).

-         Giấy đăng ký kết hôn ( bản chính)

-         Chứng minh thư nhân dân + sổ hộ khẩu (bản sao chứng thực)

-         Giấy khai sinh của các con ( nếu có - bản sao chứng thực)

-         Các giấy tờ chứng minh tài sản chung và tài sản riêng như: Giấy chứng nhận quyền sử dụng đất, đăng ký xe, sổ tiết kiệm,… (bản sao chứng thực)

2. Quy trình giải quyết

2.1.           Điều kiện tiến hành thủ tục thuận tình ly hôn

-         Hai bên tự nguyện ly hôn

-         Hai bên đã thoả thuận được với nhau về việc chia hoặc không chia tài sản, việc trông nom, nuôi dưỡng, chăm sóc, giáo dục con.

2.2.           Thủ tục thuận tình ly hôn

Bước 1: Nộp hồ sơ yêu cầu công nhận thuận tình ly hôn tại TAND quận/huyện nơi cư trú, làm việc của vợ hoặc chồng (trong trường hợp vợ hoặc chồng ở nước ngoài thì nộp đơn tại TAND cấp tỉnh).

+ Về việc thụ lý vụ án: Điều 171 Bộ luật tố tụng dân sự quy định:

“1. Sau khi nhận đơn khởi kiện và tài liệu, chứng cứ kèm theo, nếu xét thấy vụ án thuộc thẩm quyền giải quyết của Toà án thì Toà án phải thông báo ngay cho người khởi kiện biết để họ đến Toà án làm thủ tục nộp tiền tạm ứng án phí trong trường hợp họ phải nộp tiền tạm ứng án phí.

...

3. Toà án thụ lý vụ án khi người khởi kiện nộp cho Toà án biên lai nộp tiền tạm ứng án phí.

4. Trong trường hợp người khởi kiện được miễn hoặc không phải nộp tiền tạm ứng án phí, án phí thì Toà án phải thụ lý vụ án khi nhận được đơn khởi kiện và tài liệu, chứng cứ kèm theo.”

Bước 2:Sau khi nhận đơn khởi kiện cùng hồ sơ yêu cầu công nhận thuận tình ly hôn. Nếu hồ sơ hợp lệ trong thời hạn 05 ngày làm việc Tòa án kiểm tra đơn và ra thông báo nộp tiền tạm ứng án phí. Nếu hồ sơ không hợp lệ, Toà án yêu cầu bổ sung hồ sơ.

Bước 3: Nộp tiền tạm ứng án phí dân sự sơ thẩm tại Chi cục thi hành án quận/huyện và nộp lại biên lai tiền tạm ứng án phí cho Tòa án;

+ Việc Thông báo về việc thụ lý vụ án: Khoản 1 Điều 174 BLTTDS quy định:

“1. Trong thời hạn ba ngày làm việc kể từ ngày thụ lý vụ án, Toà án phải thông báo bằng văn bản cho bị đơn, cá nhân, cơ quan, tổ chức có quyền lợi, nghĩa vụ liên quan đến việc giải quyết vụ án, cho Viện kiểm sát cùng cấp về việc Toà án đã thụ lý vụ án.”

+ Về Quyền, nghĩa vụ của người được thông báo: Điều 175 BLTTDS quy định:

“1. Trong thời hạn mười lăm ngày kể từ ngày nhận được thông báo, người được thông báo phải nộp cho Toà án văn bản ghi ý kiến của mình đối với yêu cầu của người khởi kiện và tài liệu, chứng cứ kèm theo, nếu có.”

Bước 4:  Theo quy định tại khoản 3 điều 179 Bộ luật tố tụng dân sự năm 2004 về thời hạn chuẩn bị xét xử: “Trong thời hạn một tháng kể từ ngày có quyết định đưa vụ án ra xét xử, Toà án phải mở phiên toà; trong trường hợp có lý do chính đáng thì thời hạn này là hai tháng.”

Tại Điều 54 Luật Hôn nhân và gia đình 2014 quy định Hòa giải tại Tòa án: “Sau khi đã thụ lý đơn yêu cầu ly hôn, Tòa án tiến hành hòa giải theo quy định của pháp luật về tố tụng dân sự.”

Mặt khác, tại Khoản 1 Điều 180 Bộ luật tố tụng dân sự 2011 quy định về nguyên tắc tiến hành hoà giải như sau:

“1. Trong thời hạn chuẩn bị xét xử sơ thẩm vụ án, Toà án tiến hành hoà giải để các đương sự thoả thuận với nhau về việc giải quyết vụ án, trừ những vụ án không được hoà giải hoặc không tiến hành hoà giải được quy định tại Điều 181 và Điều 182 của Bộ luật này.”

Điều 181, 182Bộ luật này quy định:

“Điều 181.Những vụ án dân sự không được hoà giải

1. Yêu cầu đòi bồi thường gây thiệt hại đến tài sản của Nhà nước.

2. Những vụ án dân sự phát sinh từ giao dịch trái pháp luật hoặc trái đạo đức xã hội.

Điều 182.Những vụ án dân sự không tiến hành hoà giải được

1. Bị đơn đã được Toà án triệu tập hợp lệ đến lần thứ hai mà vẫn cố tìnhvắng mặt.

2. Đương sự không thể tham gia hoà giải được vì có lý do chính đáng.

3. Đương sự là vợ hoặc chồng trong vụ án ly hôn là người mất năng lực hành vi dân sự.”

Theo các quy định trên, việc hòa giải giải quyết vụ án dân sự tại Tòa là thủ tục bắt buộc, trừ những vụ án dân sự không được hòa giải và vụ án không tiến hành hòa giải được.  Thông thường, Toà án thường tổ chức hai lần hoà giải để các bên có thể thoả thuận các vấn đề phải giải quyết với nhau.

Việc hòa giải phải được lập thành văn bản, biên bản hoà giải phải có đầy đủ chữ ký hoặc điểm chỉ của các đương sự có mặt trong phiên hoà giải, chữ ký của Thư ký Toà án ghi biên bản và của Thẩm phán chủ trì phiên hoà giải. Khi các đương sự thoả thuận được với nhau về vấn đề phải giải quyết trong vụ án dân sự thì Toà án lập biên bản hoà giải thành. Biên bản này được gửi ngay cho các đương sự tham gia hoà giải.

Bước 5: Ra quyết định công nhận sự thoả thuận của các đương sự

Theo quy định tại Điều 187 BLTTDS sửa đổi năm 2004:

“1. Hết thời hạn bảy ngày, kể từ ngày lập biên bản hoà giải thành mà không có đương sự nào thay đổi ý kiến về sự thoả thuận đó thì Thẩm phán chủ trì phiên hoà giải hoặc một Thẩm phán được Chánh án Toà án phân công ra quyết định công nhận sự thoả thuận của các đương sự.

Trong thời hạn năm ngày làm việc, kể từ ngày ra quyết định công nhận sự thoả thuận của các đương sự, Toà án phải gửi quyết định đó cho các đương sự và Viện kiểm sát cùng cấp.

2. Thẩm phán chỉ ra quyết định công nhận sự thoả thuận của các đương sự nếu các đương sự thoả thuận được với nhau về việc giải quyết toàn bộ vụ án.

3. Trong trường hợp quy định tại khoản 3 Điều 184 của Bộ luật này mà các đương sự có mặt thoả thuận được với nhau về việc giải quyết vụ án thì thoả thuận đó chỉ có giá trị đối với những người có mặt và được Thẩm phán ra quyết định công nhận nếu không ảnh hưởng đến quyền, nghĩa vụ của đương sự vắng mặt. Trong trường hợp thoả thuận của họ có ảnh hưởng đến quyền, nghĩa vụ của đương sự vắng mặt thì thoả thuận này chỉ có giá trị và được Thẩm phán ra quyết định công nhận nếu được đương sự vắng mặt tại phiên hoà giải đồng ý bằng văn bản.”

Trong thời hạn 07 ngày kể từ ngày hòa giải thành (không thay đổi quyết định về việc ly hôn) nếu các bên không thay đổi ý kiến Tòa án ra quyết định công nhận thuận tình ly hôn.

2.3.           Thời gian toà án giải quyết yêu cầu ly hôn thuận tình

-         Thời gian từ 4 tháng đến 06 tháng

+ Về việc ra quyết định công nhận sự thoả thuận của các đương sự: Điều 187 BLTTDS quy định:

“1. Hết thời hạn bảy ngày, kể từ ngày lập biên bản hoà giải thành mà không có đương sự nào thay đổi ý kiến về sự thoả thuận đó thì Thẩm phán chủ trì phiên hoà giải hoặc một Thẩm phán được Chánh án Toà án phân công ra quyết định công nhận sự thoả thuận của các đương sự.

Trong thời hạn năm ngày làm việc, kể từ ngày ra quyết định công nhận sự thoả thuận của các đương sự, Toà án phải gửi quyết định đó cho các đương sự và Viện kiểm sát cùng cấp.

2. Thẩm phán chỉ ra quyết định công nhận sự thoả thuận của các đương sự nếu các đương sự thoả thuận được với nhau về việc giải quyết toàn bộ vụ án.”",,,,,,,,,,,,,,,,,,,,
"Vợ chồng chúng tôi đăng ký kết hôn tại Lãnh sự quán Việt Nam ở Singapore, lúc đó tôi làm việc tại nước này nhưng có hộ khẩu ở Nha Trang, Khánh Hòa, còn chồng tôi là người Mỹ. Hiện giờ tôi đã về công tác tại thành phố Hồ Chí Minh, do nhiều khó khăn trong cuộc sống gia đình không thể khắc phục được, chúng tôi thỏa thuận chia tay nhau. Chúng tôi chưa có con chung, còn tài sản có thể tự thỏa thuận được. Xin hỏi tôi phải làm thủ tục thế nào?   
Đỗ T An (Vĩnh  Nguyên, Nha Trang)","Chồng chị là người nước ngoài và anh chị thuận tình ly hôn. Theo quy định của pháp luật về tố tụng dân sự, Tòa án nhân dân cấp tỉnh nơi một trong các bên thuận tình ly hôn cư trú, làm việc có thẩm quyền giải quyết yêu cầu công nhận thuận tình ly hôn. Vì vậy chị có thể nộp đơn yêu cầu Tòa án giải quyết việc ly hôn tại Tòa án nhân dân thành phố Hồ Chí Minh (nơi chị đang cư trú) hoặc tại Tòa án nhân dân tỉnh Khánh Hòa (nơi có hộ khẩu thường trú).

Đơn yêu cầu cần có các nội dung chính như : Ngày, tháng, năm viết đơn; tên Tòa án có thẩm quyền giải quyết; tên, địa chỉ của người yêu cầu; những vấn đề cụ thể yêu cầu Tòa án giải quyết và lý do, mục đích, căn cứ của việc yêu cầu đó; tên, địa chỉ của những người có liên quan đến việc giải quyết đơn yêu cầu (nếu có); các thông tin khác xét thấy cần thiết cho việc giải quyết yêu cầu. Người yêu cầu là anh và chị phải ký vào đơn.

Kèm theo đơn yêu cầu cần có các giấy tờ cần thiết như: Giấy chứng nhận kết hôn; sổ hộ khẩu; giấy chứng minh nhân dân; hộ chiếu.

Trong trường hợp chồng chị không thể về Việt Nam theo triệu tập của Tòa án để tham gia phiên họp giải quyết việc ly hôn thì phải làm đơn đề nghị Tòa án giải quyết việc ly hôn vắng mặt mình. Đơn yêu cầu này và các giấy tờ, tài liệu có liên quan do cơ quan có thẩm quyền nước ngoài lập, cấp hoặc xác nhận theo quy định của pháp luật nước ngoài phải được hợp pháp hóa lãnh sự. Giấy tờ, tài liệu lập bằng tiếng nước ngoài phải được gửi cho Tòa án Việt Nam kèm theo bản dịch ra tiếng Việt đã được công chứng, chứng thực hợp pháp",,,,,,,,,,,,,,,,,,,,
Hai vợ chồng viết chung đơn thuận tình ly hôn nhưng sau đó một người không đến Tòa án để giải quyết thì có coi là thuận tình ly hôn không?,"Pháp luật quy định trường hợp cả hai vợ chồng cùng viết chung một đơn thuận tình ly hôn thì được coi là đồng nguyên đơn. Khi thụ lý vụ án tuy chỉ có một bên nộp tiền tạm ứng án phí nhưng được hiểu là giữa hai vợ chồng đã có sự thỏa thuận với nhau.

Do đó, trong quá trình giải quyết ly hôn, người nộp tiền án phí lại không đến Tòa án theo giấy mời của Tòa, cố tình lẩn tránh thì Tòa án sẽ hỏi ý kiến của người còn lại về việc tiếp tục xin ly hôn nữa không. Nếu vẫn giữ ý kiến xin ly hôn thì Tòa án tiếp tục giải quyết vụ án theo thủ tục chung như trường hợp ly hôn theo yêu cầu của một bên.

Trường hợp không có yêu cầu ly hôn nữa thì Tòa án ra quyết định đình chỉ vụ án.",,,,,,,,,,,,,,,,,,,,
"Tôi có chồng là một Việt kiều Mỹ, do không thể đoàn tụ được nên muốn ly hôn. Chồng tôi đồng ý là sẽ ly hôn nhưng chưa thể về Việt Nam để giải quyết việc ly hôn được. Xin hỏi có cách nào để tôi xin ly hôn mà chồng không phải về nước không?","- Trường hợp trên, để được giải quyết ly hôn, phía Việt Nam chị liên hệ với Tòa án nhân dân cấp Tỉnh nơi chị cư trú để nộp đơn xin ly hôn. Kèm theo đơn là các giấy tờ, tài liệu như: bản chính giấy chứng nhận kết hôn, bản sao hợp lệ sổ hộ khẩu, giấy CMND, giấy khai sinh con (nếu có con chung), các giấy tờ về tài sản (nếu có tranh chấp)... Sau khi tòa án nhận đơn và thụ lý, chị yêu cầu chông chị bên Mỹ gửi về Việt Nam đơn xin ly hôn vắng mặtt, trong đơn phải thể hiện 4 nội dung chính: đồng ý ly hôn với người vợ tại Việt Nam; nguyện vọng, yêu cầu của con chung (nếu có); nguyện vọng, yêu cầu về tài sản (nếu có); và yêu cầu tòa án giảu quyết ly hôn vắng mặt. Đơn này phải có xác nhận của công chứng viên bên Mỹ, chữ ký của công chứng viên phải có xác nhận cảu Bộ Ngoại giao Tiểu bang, sau đó gửi đến Đại sứ quán hoặc Tổng lãnh sự quán Việt Nam tại Mỹ để hợp pháp hóa lãnh sự, xong rồi gửi về Việt Nam cho chị. Sau khi nhận được đơn xin ly hôn vắng mặt của chồng chị tòa án sẽ tiến hành đưa vụ án ra xét xử. Xét xử xong tòa án sẽ gửi bản án cho chồng chị và hướng dẫn nếu đồng ý với bản án của Tòa thì làm đơn cam kết không kháng cáo. Đơn này cũng phải công chứng và hợp pháp hóa lãnh sự như hướng dẫn trên đây. Tòa án sẽ cấp bản án ly hôn có hiệu lực pháp luật cho các đương sự sau khi nhận được đơn cam kết không kháng cáo của chồng chị hoặc sau hai tháng, kể từ ngày gửi bản án cho chồng chị (tính theo dấu bưu điện), trong trường hợp chồng chị không làm đơn cam kết không kháng cáo.",,,,,,,,,,,,,,,,,,,,
"Chúng tôi đồng thuận ly hôn, không tranh chấp tài sản, con cái thì có được cứ thế chia tay mà không cần mở phiên tòa không?
Do không giải quyết được bất đồng trong cuộc sống gia đình, vợ chồng tôi quyết định ly hôn, không có tranh chấp về tài sản và con cái. Chúng tôi có phải gửi đơn xin ly hôn ra tòa để giải quyết không?

Nguyễn Thùy Dương","Theo quy định này, để chấm dứt quan hệ vợ chồng, vợ chồng bạn bắt buộc phải làm đơn xin ly hôn gửi lên tòa án cấp có thẩm quyền để được xem xét, giải quyết.

Theo Điều 55 của Luật này quy định về thuận tình ly hôn: “Trong trường hợp vợ chồng cùng yêu cầu ly hôn, nếu xét thấy hai bên thật sự tự nguyện ly hôn và đã thỏa thuận về việc chia tài sản, việc trông nom, nuôi dưỡng, chăm sóc, giáo dục con trên cơ sở bảo đảm quyền lợi chính đáng của vợ và con thì tòa án công nhận thuận tình ly hôn; nếu không thỏa thuận được hoặc có thỏa thuận nhưng không bảo đảm quyền lợi chính đáng của vợ và con thì tòa án giải quyết việc ly hôn.”

Đối chiếu quy định trên với trường hợp của bạn, do vợ chồng bạn đều tự nguyện ly hôn và không có tranh chấp về tài sản và con cái nên việc ly hôn sẽ thực hiện theo thủ tục thuận tình ly hôn được quy định tại Bộ luật Tố tụng dân sự 2004 (sửa đổi, bổ sung 2011) và Nghị quyết 02/2000/NQ-HĐTP ngày 23/12/2000.

Cụ thể:

Người có yêu cầu nộp hồ sơ yêu cầu công nhận thuận tình ly hôn tại TAND cấp quận/huyện nơi cư trú, làm việc của vợ hoặc chồng. Trong trường hợp vợ chồng cùng yêu cầu xin ly hôn thì toà án vẫn phải tiến hành hoà giải. Nếu hoà giải không thành, toà án lập biên bản về việc tự nguyện ly hôn và hoà giải đoàn tụ không thành. Trong thời hạn 15 ngày, kể từ ngày lập biên bản nếu vợ hoặc chồng hoặc cả hai vợ chồng không có sự thay đổi ý kiến cũng như Viện Kiểm sát không có phản đối sự thoả thuận đó thì toà án ra quyết định công nhận thuận tình ly hôn mà không phải mở phiên toà khi có đầy đủ các điều kiện sau đây:

- Hai bên thật sự tự nguyện ly hôn;

- Hai bên đã thoả thuận được với nhau về việc chia hoặc không chia tài sản, việc trông nom, nuôi dưỡng, chăm sóc, giáo dục con;

- Sự thoả thuận của hai bên về tài sản và con trong từng trường hợp cụ thể này là bảo đảm quyền lợi chính đáng của vợ và con.

Quyết định công nhận thuận tình ly hôn có hiệu lực pháp luật ngay, các bên không có quyền kháng cáo, Viện Kiểm sát không có quyền kháng nghị theo trình tự phúc thẩm.",,,,,,,,,,,,,,,,,,,,
"Vợ chồng tôi thuận tình ly hôn, đã gửi đơn ra tòa, vậy tôi muốn hỏi: Chúng tôi có được công nhận thuận tình ly hôn ngay không hay vẫn phải tham gia các cuộc hòa giải?","Công ty Luật Vinabiz xin trả lời bạn như sau:

Theo quy định tại Điều 90, Luật Hôn nhân và gia đình năm 2000, hướng dẫn tại Mục 9, Nghị quyết số 02/2000/NQ-HĐTP ngày 23/12/2000 của Hội đồng thẩm phán Tòa án nhân dân tối cao:

Trong trường hợp vợ chồng cùng yêu cầu xin ly hôn thì Toà án vẫn phải tiến hành hoà giải. Trong trường hợp Toà án hoà giải không thành thì Toà án lập biên bản về việc tự nguyện ly hôn và hoà giải đoàn tụ không thành.

Trong thời hạn 15 ngày, kể từ ngày lập biên bản nếu vợ hoặc chồng hoặc cả hai vợ chồng không có sự thay đổi ý kiến cũng như Viện Kiểm sát không có phản đối sự thoả thuận đó, thì Toà án ra quyết định công nhận thuận tình ly hôn mà không phải mở phiên toà khi có đầy đủ các điều kiện sau đây:

- Hai bên thật sự tự nguyện ly hôn

- Hai bên đã thoả thuận được với nhau về việc chia hoặc không chia tài sản, việc trông nom, nuôi dưỡng, chăm sóc, giáo dục con

- Sự thoả thuận của hai bên về tài sản và con trong từng trường hợp cụ thể này là bảo đảm quyền lợi chính đáng của vợ và con.

Quyết định công nhận thuận tình ly hôn có hiệu lực pháp luật ngay, các bên không có quyền kháng cáo, Viện Kiểm sát không có quyền kháng nghị theo trình tự phúc thẩm.

Nguồn: nguoiduatin.vn",,,,,,,,,,,,,,,,,,,,
Tôi có gửi hồ sơ thuận tình ly hôn tại địa phương của vợ tôi từ ngày 19/2/2014 nhưng đến nay vẫn chưa được giải quyết. Cho tôi được hỏi thời gian xử lý cho thủ tục ly hôn này là bao lâu? Theo tôi được biết thời gian như sau: -Trong vòng 05 ngày sẽ thông báo nộp án phí (tôi đã nộp ngay ngày 19/2/2014). -Trong vòng 15 ngày sẽ mời hòa giải. -Trong vòng 07 ngày sẽ thông báo thuận tình ly hôn (nếu khôngn có gì thay đổi kể từ khi hòa giải không thành). Nhưng hiện tại tôi đã đợi đến 60 ngày (2 tháng) kể từ ngày nộp hồ sơ. Vậy trong khâu giải quyết có phải vướng thêm tủ tục nào nửa hay không mà lại kéo dài như vậy? Rất mong nhận được sự tư vấn.,"Trước tiên xin cảm ơn bạn đã tin tưởng và gửi thắc mắc đến chuyên mục Tư vấn pháp luật

Trường hợp của bạn xin tư vấn như sau:

Thuận tình ly hôn là trường hợp cả hai vợ chồng tự nguyện đồng ý ly hôn, cùng ký vào đơn xin ly hôn. Đơn xin ly hôn phải có xác nhận của UBND cấp phường về nguyên nhân ly hôn, mâu thuẫn vợ chồng.

Theo quy định của pháp luật, khi giải quyết ly hôn đồng thuận, tòa án vẫn phải tiến hành hòa giải đoàn tụ. Nếu hòa giải đoàn tụ không thành, tòa án lập biên bản về việc đồng thuận ly hôn và hòa giải không thành.

Trong thời hạn 15 ngày, kể từ ngày lập biên bản, nếu vợ hoặc chồng hoặc cả hai vợ chồng không thay đổi ý kiến và Viện kiểm sát không phản đối thì Tòa án ra quyết định công nhận ly hôn mà không phải mở phiên tòa khi có đầy đủ các điều kiện sau đây:

- Hai bên đã tự thoả thuận được với nhau về việc phân chia hoặc không chia tài sản;

- Hai bên đã tự thoả thuận được với nhau về việc trông nom, nuôi dưỡng, chăm sóc, giáo dục con;

- Sự thỏa thuận của hai bên về tài sản và con trong từng trường hợp cụ thể này là bảo đảm quyền lợi chính đáng của vợ và con.

Quyết định công nhận đồng thuận ly hôn có hiệu lực pháp luật ngay, các bên không có quyền kháng cáo,Viện Kiểm sát không có quyền kháng nghị theo trình tự phúc thẩm.

Trong trường hợp hoà giải tại tòa án thiếu một trong các điều kiện nêu trên thì tòa án lập biên bản về việc hòa giải đoàn tụ không thành. Trong đó nêu rõ những vấn đề hai bên không thoả thuận được hoặc có thoả thuận nhưng không bảo đảm quyền lợi chính đáng của vợ và con, đồng thời tiến hành mở phiên toà xét xử vụ án ly hôn theo thủ tục chung.

Hồ sơ gồm những giấy tờ sau:

+ Giấy chứng nhận đăng ký kết hôn (bản chính);

+ Chứng minh nhân dân của vợ và chồng (bản sao có chứng thực);

+ Giấy khai sinh của các con (bản sao có chứng thực);

+ Sổ hộ khẩu gia đình (bản sao có chứng thực);

+ Đơn yêu cầu công nhận thuận tình ly hôn (Theo mẫu của Tòa)

- Nơi nộp hồ sơ: Tòa án nhân dân quận, huyện nơi thường trú của một trong hai vợ, chồng

- Thời gian giải quyết:

+ Trong thời hạn 5 ngày kể từ ngày nhận được đơn yêu cầu công nhận thuận tình ly hôn, Tòa án phải thụ lý vụ án, thông báo để đương sự nộp tiền tạm ứng án phí. Sau khi nộp án phí, người khởi kiện nộp cho tòa biên lai nộp tiền tạm ứng án phí để Tòa thụ lý vụ án.

+ Trong thời hạn 15 (mười lăm) ngày, nếu Tòa án hòa giải không thành, xét thấy hai bên thật sự tự nguyện ly hôn và đã thoả thuận về việc chia tài sản, việc trông nom, nuôi dưỡng, chăm sóc, giáo dục con thì Toà án công nhận thuận tình ly hôn và sự thoả thuận về tài sản và con trên cơ sở bảo đảm quyền lợi chính đáng của vợ và con; nếu không thoả thuận được hoặc tuy có thoả thuận nhưng không bảo đảm quyền lợi chính đáng của vợ và con thì Toà án quyết định.

+ Trong thời hạn 07 ngày kể từ ngày hòa giải không thành, nếu hai bên đương sự không thay đổi nội dung yêu cầu Công nhận thuận tình ly hôn thì Tòa án ra Quyết định công nhận thuận tình ly hôn.

Như vậy, trường hợp của bạn đã 60 ngày mà Tòa án không giải quyết là sai quy định. Vì vậy bạn cần liên hệ với Tòa án để yêu cầu Tòa án giải quyết đúng thời hạn theo đúng quy định trên.

Nguồn: Công ty Luật Cương Lĩnh/Nguoiduatin",,,,,,,,,,,,,,,,,,,,
Thân chào anh/chị Xin anh/chị vui lòng giả đáp thắc mắc dùm tôi: Hiện tại hai vợ chồng em gái tôi lấy nhau tính đến thời điểm này được gần 3 năm nhưng chung sống với nhau được 6 tháng. Bây giờ chồng em gái tôi vẫn cứ làm phiền cuộc sống của em gái tôi. Bây giờ em gái tôi muốn giải quyết chấm dưt cuộc hôn nhân với chồng theo thoả thuận (thuận tình ly hôn) vậy em gái tôi phải sử dụng mẫu đơn nào cho hợp lý. Xin anh/ chị chỉ dẫn!! Và hai vợ chồng tự thoã thuận ký giấy có giá trị không? hay phải ra tới toàn án theo luật hôn nhân gia đình? Xin anh chị hướng dẫn thủ tục để em gái tôi và chồng được giả quyết (nếu không em gái tôi vẫn bị làm phiền) Chân thành cảm ơn!,"Công ty luật Cương Lĩnh xin trả lời câu hỏi:

Theo quy định của pháp luật, khi giải quyết ly hôn đồng thuận, tòa án vẫn phải tiến hành hòa giải đoàn tụ. Nếu hòa giải đoàn tụ không thành, tòa án lập biên bản về việc đồng thuận ly hôn và hòa giải không thành.

Trong thời hạn 15 ngày, kể từ ngày lập biên bản, nếu vợ hoặc chồng hoặc cả hai vợ chồng không thay đổi ý kiến và Viện kiểm sát không phản đối thì Tòa án ra quyết định công nhận ly hôn mà không phải mở phiên tòa khi có đầy đủ các điều kiện sau đây:

- Hai bên đã tự thoả thuận được với nhau về việc phân chia hoặc không chia tài sản;

- Hai bên đã tự thoả thuận được với nhau về việc trông nom, nuôi dưỡng, chăm sóc, giáo dục con;

- Sự thỏa thuận của hai bên về tài sản và con trong từng trường hợp cụ thể này là bảo đảm quyền lợi chính đáng của vợ và con.

Quyết định công nhận đồng thuận ly hôn có hiệu lực pháp luật ngay, các bên không có quyền kháng cáo,Viện Kiểm sát không có quyền kháng nghị theo trình tự phúc thẩm.

Trong trường hợp hoà giải tại tòa án thiếu một trong các điều kiện nêu trên thì tòa án lập biên bản về việc hòa giải đoàn tụ không thành. Trong đó nêu rõ những vấn đề hai bên không thoả thuận được hoặc có thoả thuận nhưng không bảo đảm quyền lợi chính đáng của vợ và con, đồng thời tiến hành mở phiên toà xét xử vụ án ly hôn theo thủ tục chung.

Hồ sơ gồm những giấy tờ sau:

+ Giấy chứng nhận đăng ký kết hôn (bản chính);

+ Chứng minh nhân dân của vợ và chồng (bản sao có chứng thực);

+ Giấy khai sinh của các con (bản sao có chứng thực);

+ Sổ hộ khẩu gia đình (bản sao có chứng thực);

+ Đơn yêu cầu công nhận thuận tình ly hôn (Theo mẫu của Tòa)

- Nơi nộp hồ sơ: Tòa án nhân dân quận, huyện nơi thường trú của một trong hai vợ, chồng

- Thời gian giải quyết:

+ Trong thời hạn 5 ngày kể từ ngày nhận được đơn yêu cầu công nhận thuận tình ly hôn, Tòa án phải thụ lý vụ án, thông báo để đương sự nộp tiền tạm ứng án phí. Sau khi nộp án phí, người khởi kiện nộp cho tòa biên lai nộp tiền tạm ứng án phí để Tòa thụ lý vụ án.

+ Trong thời hạn 15 (mười lăm) ngày, nếu Tòa án hòa giải không thành, xét thấy hai bên thật sự tự nguyện ly hôn và đã thoả thuận về việc chia tài sản, việc trông nom, nuôi dưỡng, chăm sóc, giáo dục con thì Toà án công nhận thuận tình ly hôn và sự thoả thuận về tài sản và con trên cơ sở bảo đảm quyền lợi chính đáng của vợ và con; nếu không thoả thuận được hoặc tuy có thoả thuận nhưng không bảo đảm quyền lợi chính đáng của vợ và con thì Toà án quyết định.

+ Trong thời hạn 07 ngày kể từ ngày hòa giải không thành, nếu hai bên đương sự không thay đổi nội dung yêu cầu Công nhận thuận tình ly hôn thì Tòa án ra Quyết định công nhận thuận tình ly hôn.

Dưới đây là mẫu đơn thuận tình ly hôn, bạn có thể tham khảo:

CỘNG HÒA XÃ HỘI CHỦ NGHĨA VIỆT NAM

Độc lập - Tự do - Hạnh phúc

---------***---------

ĐƠN YÊU CẦU CÔNG NHẬN THUẬN TÌNH LY HÔN,

NUÔI CON, CHIA TÀI SẢN KHI LY HÔN

Kính gửi: TOÀ ÁN NHÂN DÂN QUẬN (HUYỆN)…......................

Họ và  tên chồng: .....................................Sinh ngày:....................................................................

CMND số: ....................., do công an ... cấp ngày:...............................................................

Hộ khẩu thường trú:.......................................................................................................................

Chỗ ở hiện tại:................................................................................................................................

Họ và  tên vợ: ........................................Sinh ngày:.......................................................................

CMND số: ....................., do công an ... cấp ngày:...............................................................

Hộ khẩu thường trú:.......................................................................................................................

Chỗ ở hiện tại:................................................................................................................................

Xin trình bày với quý toà một việc như sau:

Hai chúng tôi đã kết hôn từ năm ...........có đăng ký kết hôn tại UBND xã (phường) ...........................

Chúng tôi làm đơn này yêu cầu Toà án nhân dân …………………………..công nhận thuận tình ly hôn, lý do:

.........................................................................................................................................................

.........................................................................................................................................................

........................................................................................................................................................

Vì vậy, chúng tôi làm đơn này kính mong Quý Toà xem xét giải quyết cho chúng tôi được ly hôn, chấm dứt tình trạng hôn nhân như hiện nay, cụ thể:

1.   Về con chung có (chưa có):......................................................................................................

.........................................................................................................................................................

.........................................................................................................................................................

.........................................................................................................................................................

Chúng tôi đã thoả thuận về người trực tiếp nuôi con và mức cấp dưỡng nuôi con hàng tháng như sau:

.........................................................................................................................................................

........................................................................................................................................................

.......................................................................................................................................................

2.  Về tài sản chung chúng tôi đã tự nguyện thoả thuận chia như sau: (ghi cụ thể mỗi người được chia sở hữu tài sản gì).

.........................................................................................................................................................

.........................................................................................................................................................

.........................................................................................................................................................

(Nếu không có tài sản chung thì ghi không có tài sản chung)

3.  Về nhà ở chúng tôi đã tự nguyện thoả thuận như sau:

.........................................................................................................................................................

.........................................................................................................................................................

.........................................................................................................................................................

(Nếu không có nhà ở thì ghi không có)

4.  Về vay nợ chúng tôi đã tự nguyện thoả thuận như sau:

.......................................................................................................................................................

.......................................................................................................................................................

........................................................................................................................................................

Kính đề nghị Quý Toà xem xét giải quyết.

Địa danh, ngày ..... tháng ..... năm ......

Họ và tên chồng                                                                                        Họ và tên vợ",,,,,,,,,,,,,,,,,,,,
"Vợ chồng tôi có một đứa con chung 9 tuổi. Đề nghị Luật sư tư vấn, chúng tôi muốn ly hôn mà không cần có sự hòa giải của Tòa án có được không? Chúng tôi đã tự thỏa thuận được việc chia tài sản nhưng cả hai bên đều đòi quyền nuôi con, vậy Tòa án sẽ giải quyết như thế nào? (Thanh Tâm - Hải Phòng)","Luật gia Nguyễn Mỹ Linh - Công ty Luật TNHH Everest - trả lời:

Chúng tôi trích dẫn một số quy định của Luật Hôn nhân và Gia đình năm 2014 (Luật HN&GĐ) để anh (chị) tham khảo, như sau: Thuận tình ly hôn: ""Trong trường hợp vợ chồng cùng yêu cầu ly hôn, nếu xét thấy hai bên thật sự tự nguyện ly hôn và đã thỏa thuận về việc chia tài sản, việc trông nom, nuôi dưỡng, chăm sóc, giáo dục con trên cơ sở bảo đảm quyền lợi chính đáng của vợ và con thì Tòa án công nhận thuận tình ly hôn; nếu không thỏa thuận được hoặc có thỏa thuận nhưng không bảo đảm quyền lợi chính đáng của vợ và con thì Tòa án giải quyết việc ly hôn” (Điều 55). “Vợ, chồng thỏa thuận về người trực tiếp nuôi con, nghĩa vụ, quyền của mỗi bên sau khi ly hôn đối với con; trường hợp không thỏa thuận được thì Tòa án quyết định giao con cho một bên trực tiếp nuôi căn cứ vào quyền lợi về mọi mặt của con; nếu con từ đủ 07 tuổi trở lên thì phải xem xét nguyện vọng của con” (khoản 2 Điều 81). Như vậy, Tòa án chỉ công nhận thuận tình ly hôn trong trường hợp cả hai vợ chồng thật sự tự nguyện ly hôn và đã thỏa thuận được hết về việc chia tài sản, quyền nuôi con, đảm bảo quyền lợi chính đáng của vợ, con. Trường hợp này của anh (chị) vẫn chưa thỏa thuận được về quyền nuôi con nên khi ly hôn thì Tòa án sẽ quyết định giao con cho vợ hoặc chồng trực tiếp nuôi. Do con của vợ chồng anh (chị) đã được 9 tuổi, nên Tòa án sẽ xem xét nguyện vọng của cháu bé để giải quyết việc ai là người có quyền nuôi con.",,,,,,,,,,,,,,,,,,,,
"(PLO)- Tòa án công nhận thuận tình ly hôn nếu thấy hai bên thật sự tự nguyện ly hôn và đã thỏa thuận chia tài sản, nuôi dưỡng con. 
Chúng tôi thuận tình ly hôn và chia tài sản nhưng có lấn cấn phần con cái. Vậy tòa có chấp nhận cho ly hôn hay phải đem ra xét xử?

Hanh Le Thi ( [email protected] )","Nếu hai bên không thỏa thuận được hoặc có thỏa thuận nhưng không bảo đảm quyền lợi chính đáng của vợ và con thì tòa án giải quyết việc ly hôn.

Như vậy, tùy theo thỏa thuận của hai bên mà tòa án sẽ công nhận thuận tình ly hôn hay phải đem vụ án ra xét xử theo quy định nêu trên",,,,,,,,,,,,,,,,,,,,
"Xin hỏi luật sư, nếu vợ chồng tôi thuận tình ly hôn nhưng mức trợ cấp nuôi con không thỏa thuận được thì tòa án có nhận đơn hay không?","Thuận tình ly hôn là việc hai vợ chồng tự nguyện ly hôn và thỏa thuận được với nhau về vấn đề phân chia tài sản, nuôi con cũng như cấp dưỡng.

Như vậy nếu hai bạn không thỏa thuận được mức cấp dưỡng thì đó chưa phải là thuận tình ly hôn.

Cho nên tòa án sẽ vẫn làm các thủ tục để giải quyết vấn đề ly hôn cho các bạn mà không công nhận thuận tình lly hôn!",,,,,,,,,,,,,,,,,,,,
Thuận tình ly hôn là gì?,Thuận tình ly hôn là  việc vợ chồng cùng yêu cầu tòa án nhân dân cho phép họ được ly hôn.,,,,,,,,,,,,,,,,,,,,
