question,ground_truth,chu_de_phap_ly,loai_cau_hoi,van_ban_phap_luat_lien_quan,tinh_trang_hieu_luc,can_cu_phap_ly_chinh,can_cu_phap_ly_bo_tro,van_ban_huong_dan_sua_doi_bo_sung_thay_the,can_cu_khong_nen_ap_dung,quan_he_chong_cheo_mau_thuan
Tài sản chung của vợ chồng được chia đôi khi ly hôn đúng không?,"Căn cứ theo Điều 59 Luật Hôn nhân và gia đình 2014 quy định về nguyên tắc giải quyết tài sản của vợ chồng khi ly hôn như sau:

Như vậy, tài sản chung của vợ chồng được chia đôi khi ly hôn , tuy nhiên có tính đến các yếu tố sau:

- Hoàn cảnh của gia đình và của vợ, chồng;

- Công sức đóng góp của vợ, chồng vào việc tạo lập, duy trì và phát triển khối tài sản chung. Lao động của vợ, chồng trong gia đình được coi như lao động có thu nhập;

- Bảo vệ lợi ích chính đáng của mỗi bên trong sản xuất, kinh doanh và nghề nghiệp để các bên có điều kiện tiếp tục lao động tạo thu nhập;

- Lỗi của mỗi bên trong vi phạm quyền, nghĩa vụ của vợ chồng.",,,,,,,,,
Yếu tố nào được xem xét khi chia đôi tài sản chung của vợ chồng khi ly hôn?,"Căn cứ theo khoản 2 Điều 59 Luật Hôn nhân và gia đình 2014 quy định nguyên tắc giải quyết tài sản của vợ chồng khi ly hôn như sau:

Như vậy, các yếu tố được xem xét khi chia đôi tài sản chung của vợ chồng khi ly hôn gồm:

- Hoàn cảnh của gia đình và của vợ, chồng;

- Công sức đóng góp của vợ, chồng vào việc tạo lập, duy trì và phát triển khối tài sản chung. Lao động của vợ, chồng trong gia đình được coi như lao động có thu nhập;

- Bảo vệ lợi ích chính đáng của mỗi bên trong sản xuất, kinh doanh và nghề nghiệp để các bên có điều kiện tiếp tục lao động tạo thu nhập;

- Lỗi của mỗi bên trong vi phạm quyền, nghĩa vụ của vợ chồng.",,,,,,,,,
Việc chia quyền sử dụng đất là tài sản chung của vợ chồng khi ly hôn được thực hiện thế nào?,"Căn cứ theo Điều 62 Luật Hôn nhân và gia đình 2014 quy định quyền sử dụng đất là tài sản riêng của bên nào thì khi ly hôn vẫn thuộc về bên đó.

Việc chia quyền sử dụng đất là tài sản chung của vợ chồng khi ly hôn được thực hiện như sau:

- Đối với đất nông nghiệp trồng cây hàng năm, nuôi trồng thủy sản, nếu cả hai bên đều có nhu cầu và có điều kiện trực tiếp sử dụng đất thì được chia theo thỏa thuận của hai bên; nếu không thỏa thuận được thì yêu cầu Tòa án giải quyết theo quy định tại Điều 59 Luật Hôn nhân và gia đình 2014 .

Trong trường hợp chỉ một bên có nhu cầu và có điều kiện trực tiếp sử dụng đất thì bên đó được tiếp tục sử dụng nhưng phải thanh toán cho bên kia phần giá trị quyền sử dụng đất mà họ được hưởng;

- Trong trường hợp vợ chồng có quyền sử dụng đất nông nghiệp trồng cây hàng năm, nuôi trồng thủy sản chung với hộ gia đình thì khi ly hôn phần quyền sử dụng đất của vợ chồng được tách ra và chia theo quy định tại điểm a khoản này;

- Đối với đất nông nghiệp trồng cây lâu năm, đất lâm nghiệp để trồng rừng, đất ở thì được chia theo quy định tại Điều 59 Luật Hôn nhân và gia đình 2014 ;

- Đối với loại đất khác thì được chia theo quy định của pháp luật về đất đai.

Trong trường hợp vợ chồng sống chung với gia đình mà không có quyền sử dụng đất chung với hộ gia đình thì khi ly hôn quyền lợi của bên không có quyền sử dụng đất và không tiếp tục sống chung với gia đình được giải quyết theo quy định tại Điều 61 Luật Hôn nhân và gia đình 2014 .",,,,,,,,,
Nguyên tắc giải quyết tài sản của vợ chồng khi ly hôn là gì?,"Căn cứ theo Điều 59 Luật Hôn nhân và gia đình 2014 quy định nguyên tắc giải quyết tài sản của vợ chồng khi ly hôn đó là:

- Trong trường hợp chế độ tài sản của vợ chồng theo luật định thì việc giải quyết tài sản do các bên thỏa thuận; nếu không thỏa thuận được thì theo yêu cầu của vợ, chồng hoặc của hai vợ chồng, Tòa án giải quyết theo quy định tại các khoản 2, 3, 4 và 5 Điều 59 Luật Hôn nhân và gia đình 2014 và tại các điều 60, 61, 62, 63 và 64 Luật Hôn nhân và gia đình 2014 .

Trong trường hợp chế độ tài sản của vợ chồng theo thỏa thuận thì việc giải quyết tài sản khi ly hôn được áp dụng theo thỏa thuận đó; nếu thỏa thuận không đầy đủ, rõ ràng thì áp dụng quy định tương ứng tại các khoản 2, 3, 4 và 5 Điều 59 Luật Hôn nhân và gia đình 2014 và tại các điều 60, 61, 62, 63 và 64 Luật Hôn nhân và gia đình 2014 để giải quyết.

- Tài sản chung của vợ chồng được chia đôi nhưng có tính đến các yếu tố sau đây:

+ Hoàn cảnh của gia đình và của vợ, chồng;

+ Công sức đóng góp của vợ, chồng vào việc tạo lập, duy trì và phát triển khối tài sản chung. Lao động của vợ, chồng trong gia đình được coi như lao động có thu nhập;

+ Bảo vệ lợi ích chính đáng của mỗi bên trong sản xuất, kinh doanh và nghề nghiệp để các bên có điều kiện tiếp tục lao động tạo thu nhập;

+ Lỗi của mỗi bên trong vi phạm quyền, nghĩa vụ của vợ chồng.

- Tài sản chung của vợ chồng được chia bằng hiện vật, nếu không chia được bằng hiện vật thì chia theo giá trị; bên nào nhận phần tài sản bằng hiện vật có giá trị lớn hơn phần mình được hưởng thì phải thanh toán cho bên kia phần chênh lệch.

- Tài sản riêng của vợ, chồng thuộc quyền sở hữu của người đó, trừ trường hợp tài sản riêng đã nhập vào tài sản chung theo quy định của Luật Hôn nhân và gia đình 2014 .

Trong trường hợp có sự sáp nhập, trộn lẫn giữa tài sản riêng với tài sản chung mà vợ, chồng có yêu cầu về chia tài sản thì được thanh toán phần giá trị tài sản của mình đóng góp vào khối tài sản đó, trừ trường hợp vợ chồng có thỏa thuận khác.

- Bảo vệ quyền, lợi ích hợp pháp của vợ, con chưa thành niên, con đã thành niên mất năng lực hành vi dân sự hoặc không có khả năng lao động và không có tài sản để tự nuôi mình.

- Tòa án nhân dân tối cao chủ trì phối hợp với Viện kiểm sát nhân dân tối cao và Bộ Tư pháp hướng dẫn Điều 59 Luật Hôn nhân và gia đình 2014 .",,,,,,,,,
Có phải người trụ cột kinh tế trong gia đình sẽ được chia tài sản nhiều hơn khi ly hôn?,"Căn cứ quy định khoản 2 Điều 59 Luật Hôn nhân và gia đình 2014 quy định về nguyên tắc giải quyết tài sản của vợ chồng khi ly hôn như sau:

Căn cứ quy định Điều 61 Luật Hôn nhân và gia đình 2014 quy định về

Căn cứ quy định Điều 29 Luật Hôn nhân và gia đình 2014 quy định về nguyên tắc chung về chế độ tài sản của vợ chồng như sau:

Như vậy, theo quy định thì về nguyên tắc chung về chế độ tài sản của vợ chồng thì vợ, chồng bình đẳng với nhau về quyền, nghĩa vụ trong việc tạo lập, chiếm hữu, sử dụng, định đoạt tài sản chung; không phân biệt giữa lao động trong gia đình và lao động có thu nhập.

Theo đó khi có sự tranh chấp tài sản khi ly hôn thì vợ chồng có quyền thỏa thuận chia một phần hoặc toàn bộ tài sản chung nếu không thỏa thuận được thì có quyền yêu cầu Tòa án giải quyết.

Tài sản chung của vợ chồng được chia đôi nhưng Tòa án sẽ dựa trên các yếu tố hoàn cảnh gia đình, công sức đóng góp của mỗi người hoặc lỗi vi phạm quyền, nghĩa vụ vợ chồng để phân chia một cách hợp lý.

Do đó pháp luật không quy định về việc người trụ cột kinh tế trong gia đình sẽ được chia nhiều tài sản hơn khi ly hôn.

Trong trường hợp vợ chồng sống chung với gia đình mà ly hôn, nếu tài sản của vợ chồng trong khối tài sản chung của gia đình không xác định được thì vợ hoặc chồng được chia một phần trong khối tài sản chung của gia đình

Việc phân chia sẽ căn cứ vào công sức đóng góp của vợ chồng vào việc tạo lập, duy trì, phát triển khối tài sản chung cũng như vào đời sống chung của gia đình.

Việc chia một phần trong khối tài sản chung do vợ chồng thỏa thuận với gia đình. Nếu không thỏa thuận được thì yêu cầu Tòa án giải quyết.

Có phải người trụ cột kinh tế trong gia đình sẽ được chia tài sản nhiều hơn khi ly hôn? (Hình từ Internet)",,,,,,,,,
Chia tài sản chung của vợ chồng đưa vào kinh doanh được quy định như thế nào?,"Căn cứ quy định Điều 64 Luật Hôn nhân và gia đình 2014 quy định về phân chia tài sản chung của vợ chồng đã đưa vào kinh doanh khi ly hôn như sau:

Như vậy, trường hợp tài sản chung của vợ chồng đã đưa vào hoạt động kinh doanh thì vợ, chồng có quyền được nhận tài sản đó và phải thanh toán cho bên còn lại phần giá trị tài sản mà họ được hưởng, trừ trường hợp pháp luật có quy định khác.",,,,,,,,,
Chia tài sản chung trong thời kỳ hôn nhân bị vô hiệu trong trường hợp nào?,"Căn cứ quy định Điều 42 Luật Hôn nhân và gia đình 2014 quy định về các trường hợp chia tài sản chung trong thời kỳ hôn nhân bị vô hiệu như sau:

Theo đó các trường hợp chia tài sản chung trong thời kỳ hôn nhân bị vô hiệu như sau:

- Ảnh hưởng nghiêm trọng đến lợi ích của gia đình; quyền, lợi ích hợp pháp của con chưa thành niên, con đã thành niên mất năng lực hành vi dân sự hoặc không có khả năng lao động và không có tài sản để tự nuôi mình;

- Nhằm trốn tránh thực hiện các nghĩa vụ sau đây:

+ Nghĩa vụ nuôi dưỡng, cấp dưỡng;

+ Nghĩa vụ bồi thường thiệt hại;

+ Nghĩa vụ thanh toán khi bị Tòa án tuyên bố phá sản;

+ Nghĩa vụ trả nợ cho cá nhân, tổ chức;

+ Nghĩa vụ nộp thuế hoặc nghĩa vụ tài chính khác đối với Nhà nước;

+ Nghĩa vụ khác về tài sản theo quy định.

Trân trọng!",,,,,,,,,
Gian dối khi chia tài sản chung sau khi vợ chồng ly hôn như thế nào?,"Căn cứ Điều 59 Luật Hôn nhân và gia đình 2014 quy định về nguyên tắc phân chia tài sản chung của vợ chồng sau khi ly hôn:

Theo đó, pháp luật quy định việc phân chia tài sản sau khi ly hôn do các bên thỏa thuận. Tuy nhiên nếu không thỏa thuận được thì giải quyết theo nguyên tắc tại khoản 2, 3, 4 và 5 Điều 59 và tại các Điều 60, 61, 62, 63 và 64 của Luật Hôn nhân và gia đình 2014 .

Trong trường hợp phát hiện có gian dối khi chia tài sản chung sau ly hôn thì phía vợ/chồng có thể làm đơn khởi kiện ra Tòa án để yêu cầu xem xét lại và điều chỉnh quyết định chia tài sản.

Gian dối khi chia tài sản chung sau khi vợ chồng ly hôn như thế nào? (Hình từ Internet)",,,,,,,,,
Chồng hoặc vợ ngoại tình thì có là căn cứ để xét chia tài sản chung không?,"Căn cứ tại Điều 19 Luật Hôn nhân và gia đình 2014 quy định như sau:

Theo đó, vợ chồng phải yêu thương nhau, chung thủy, tôn trọng, quan tâm, chăm sóc, giúp đỡ nhau; cùng nhau chia sẻ, thực hiện các công việc trong gia đình.

Trường hợp chồng hoặc vợ ngoại tình, tức là không chung thủy. Việc này đã vi phạm nghĩa vụ của vợ chồng và sẽ là một trong những yếu tố mà Tòa án lấy làm căn cứ để Tòa án ra quyết định chia tài sản chung của vợ chồng theo khoản 2 Điều 59 Luật Hôn nhân và gia đình 2014 .",,,,,,,,,
"Nam nữ sống với nhau như vợ chồng, không đăng ký kết hôn chia tài sản chung như thế nào?","Căn cứ tại Điều 16 Luật Hôn nhân và gia đình 2014 quy định như sau:

Như vậy đối với trường hợp nam nữ sống chung với nhau như vợ chồng mà không đăng ký kết hôn thì vấn đề phân chia tài sản chung sẽ phụ thuộc vào thỏa thuận các bên.

Trường hợp thỏa thuận không thành thì được giải quyết theo quy định tại Điều 219 Bộ luật Dân sự 2015 .

Trân trọng!",,,,,,,,,
Mẫu đơn thỏa thuận phân chia tài sản chung của vợ chồng khi ly hôn mới nhất 2024?,"việc giải quyết tài sản chung theo Luật Hôn nhân và gia đình 2014 thực hiện trên nguyên tắc tôn trọng quyền tự quyết định về tài sản chung của trong thời kì hôn nhân của vợ chồng.

Cho nên khi vợ chồng ly hôn, tòa án sẽ ưu tiên xét tới thỏa thuận phân chia tài sản chung của vợ chồng.

Tham khảo mẫu đơn thỏa thuận phân chia tài sản chung của vợ chồng khi ly hôn tại đây.",,,,,,,,,
Tài sản chung của vợ chồng được phân chia theo nguyên tắc trong trường hợp vợ chồng không có thỏa thuận nào?,"Căn cứ Điều 59 Luật Hôn nhân và gia đình 2014 quy định về nguyên tắc phân chia tài sản chung của vợ khi làm thủ tục ly hôn như sau:

Ngoài ra, căn cứ khoản 4 Điều 7 Thông tư liên tịch 01/2016/TTLT-TANDTC-VKSNDTC-BTP hướng dẫn quy định về nguyên tắc phân chia tài sản như sau:

Như vậy, khi vợ chồng làm thủ tục ly hôn mà không có thỏa thuận phân chia tài sản chung thì phải phân chia dựa trên các yếu tố sau:

- Hoàn cảnh gia đình của vợ, chồng;

- Công sức đóng góp vào việc tạo lập, duy trì và phát triển khối tài sản chung. Lao động trong gia đình cũng được coi như lao động có thu nhập;

- Bảo vệ lợi ích chính đáng của mỗi bên trong để các bên có điều kiện tiếp tục lao động tạo thu nhập;

- Lỗi của mỗi bên trong vi phạm quyền, nghĩa vụ của vợ chồng.

- Quyền, lợi ích hợp pháp của vợ, con chưa thành niên, con đã thành niên mất năng lực hành vi dân sự hoặc không có khả năng lao động và không có tài sản để tự nuôi mình.

Bên cạnh đó, tài sản chung của vợ chồng được chia bằng hiện vật, nếu không chia được bằng hiện vật thì chia theo giá trị. Với tài sản sự sáp nhập, trộn lẫn giữa tài sản riêng với tài sản chung thì vợ chồng được thanh toán phần giá trị tài sản của mình đóng góp vào khối tài sản đó.

Ngoài ra, các nguyên tắc này được thực hiện theo hướng dẫn tại Thông tư liên tịch 01/2016/TTLT-TANDTC-VKSNDTC-BTP.

Mẫu đơn thỏa thuận phân chia tài sản chung của vợ chồng khi ly hôn mới nhất 2024? (Hình từ Internet)",,,,,,,,,
Tài sản chung của vợ chồng đã đưa vào kinh doanh thì phân chia thế nào khi làm thủ tục ly hôn?,"Căn cứ Điều 64 Luật Hôn nhân và gia đình 2014 quy định về phân chia tài sản chung của vợ chồng đã đưa vào kinh doanh khi ly hôn như sau:

Như vậy, trường hợp tài sản chung của vợ chồng đã đưa vào hoạt động kinh doanh thì vợ, chồng có quyền được nhận tài sản đó và phải thanh toán cho bên còn lại phần giá trị tài sản mà họ được hưởng, trừ trường hợp pháp luật có quy định khác.

Trân trọng!",,,,,,,,,
Mua đất giấu vợ ly hôn có phải chia không?,"Căn cứ Điều 62 Luật Hôn nhân và gia đình 2014 , việc chia quyền sử dụng đất của vợ chồng khi ly hôn được thực hiện như sau:

Ngoài ra, theo Điều 33 Luật Hôn nhân và gia đình 2014 , quyền sử dụng đất trong thời kỳ hôn nhân được xác định là tài sản riêng hay tài sản chung như sau:

Như vậy, quyền sử dụng đất mà người chồng có được sau khi kết hôn là tài sản chung của vợ chồng, trừ trường hợp người chồng có được từ thừa kế riêng, được tặng cho riêng hoặc thông qua giao dịch bằng tài sản riêng.

Trường hợp người chồng dấu vợ đi mua đất thì cần xét đây là tài sản riêng hay tài sản chung của vợ chồng. Trong trường hợp quyền sử dụng đất này là tài sản riêng của chồng trong thời kỳ hôn nhân thì khi ly hôn sẽ không phải chia quyền sử dụng miếng đất này. Và ngược lại, nếu quyền sử dụng đất đó là tài sản chung thì khi ly hôn thì phải thực hiện chia quyền sử dụng đất này.",,,,,,,,,
Khi bán đất có cần cả 2 vợ chồng ký tên trên hợp đồng không?,"Tại khoản 1 Điều 34 Luật Hôn nhân và gia đình 2014 quy định như sau:

Như vậy, nếu quyền sử dụng đất là tài sản chung của vợ chồng thì Giấy chứng nhận quyền sử dụng đất (Sổ đỏ) phải có tên của cả hai vợ chồng, trừ trường hợp vợ chồng có thoả thuận khác.

Chính vì vậy, nếu xác định quyền sử dụng đất là tài sản chung của vợ chồng thì trong trường hợp muốn bán thì cần có sự đồng thuận từ phía hai vợ chồng, đồng nghĩa với việc phải có chữ ký của hai vợ chồng khi thực hiện mua bán đất (chuyển nhượng quyền sử dụng đất ). Trừ trường hợp một trong hai bên có uỷ quyền cho người còn lại thực hiện ký thay trong hợp đồng mua bán.

Mua đất giấu vợ thì khi ly hôn có phải chia cho vợ hay không? (Hình từ Internet)",,,,,,,,,
Khi bán đất là tài sản chung trong thời kì hôn nhân có cần sự đồng ý của cả vợ và chồng không?,"Căn cứ Điều 29 Luật Hôn nhân và gia đình 2014 quy định về nguyên tắc chung về chế độ tài sản của vợ chồng như sau:

Vợ, chồng bình đẳng với nhau về quyền, nghĩa vụ trong việc tạo lập, chiếm hữu, sử dụng, định đoạt tài sản chung; không phân biệt giữa lao động trong gia đình và lao động có thu nhập.

Khi vợ chồng đăng ký kết hôn, tài sản hình thành trong thời kỳ hôn nhân sẽ là tài sản chung vợ chồng, mọi quyết định liên quan đến tài sản chung đều phải có sự đồng ý của cả hai vợ chồng.

Do đây là tài sản chung vợ chồng nên quyền định đoạt sẽ do cả hai người cùng thoả thuận (khoản 1 Điều 35 Luật Hôn nhân và gia đình 2014 ). Nếu không có thoả thuận thì tài sản chung sẽ phải thực hiện theo nguyên tắc là cả hai vợ chồng cùng quyết định và định đoạt.

Bởi vậy, khi bán đất phải có mặt cả hai vợ chồng cùng ký vào hợp đồng mua bán trừ trường hợp một trong hai bên không thể trực tiếp ký thì có thể uỷ quyền cho người còn lại hoặc người khác.

Trân trọng!",,,,,,,,,
Đất hai vợ chồng cùng mua nhưng một bên chết thì có coi là tài sản riêng hay không?,"Căn cứ tại Điều 33 Luật Hôn nhân và gia đình năm 2014 quy định về tài sản chung của vợ chồng như sau:

Như vậy, trong trường hợp này, mảnh đất là tài sản hình thành trong thời kỳ hôn nhân của bố mẹ bạn khi mẹ bạn vẫn còn sống cho nên đó là tài sản chung của bố mẹ bạn và kể cả khi mẹ bạn đã mất thì đây vẫn là tài sản chung.

Khi ly hôn, người vợ thứ 2 có được chia tài sản của chồng với vợ cũ không? (Hình từ Internet)",,,,,,,,,
Sau khi người mẹ mất thì tài sản chung được chia thừa kế như thế nào nếu không có di chúc?,"Căn cứ theo Điều 66 Luật Hôn nhân và gia đình 2014 quy định về giải quyết tài sản của vợ chồng trong trường hợp một bên chết hoặc bị Tòa án tuyên bố là đã chết như sau:

Như vậy, về việc chia tài sản khi người mẹ mất, mảnh đất là tài sản chung của bố mẹ bạn sẽ được chia đôi, một nửa thuộc quyền sở hữu của bố bạn, một nửa thuộc quyền sở hữu của mẹ bạn sẽ được chia thừa kế theo pháp luật.

Tài sản sau khi chia thừa kế là tài sản riêng của bố bạn và là tài sản hình thành trước thời kỳ hôn nhân của bố và người mẹ kế.",,,,,,,,,
"Sau khi ly hôn, người vợ thứ 2 có được chia tài sản của chồng với vợ cũ không?","Căn cứ theo khoản 1 Điều 44 Luật Hôn nhân và gia đình 2014 quy định về quyền chiếm hữu, sử dụng, định đoạt tài sản riêng của vợ, chồng như sau:

Như vậy, nếu trong trường hợp bố bạn nhập tài sản riêng của mình là phần đất sau khi chua thừa kế vào tài sản chung của bố bạn với người mẹ kế thì miếng đất đó sẽ thuộc sở hữu chung của 02 người. Theo đó, người mẹ kế sẽ có quyền đòi chia tài sản đối với phần đất này sau khi ly hôn.

Còn nếu bố bạn không thực hiện nhập tài sản riêng của mình vào tài sản chung của bố và người mẹ kế thì người mẹ kế không có quyền được đòi chia tài sản là miếng đất đó khi ly hôn với bố bạn.

Trân trọng!",,,,,,,,,
Trường hợp nào công chứng thỏa thuận chia tài sản chung của vợ chồng?,#ERROR!,,,,,,,,,
Hồ sơ công chứng thỏa thuận chia tài sản chung của vợ chồng bao gồm những gì?,"- Chứng minh nhân dân hoặc các giấy tờ chứng minh nhân thân khác của vợ chồng;

- Giấy ủy quyền (nếu có);

- Giấy đăng ký kết hôn;

- Giấy khai sinh của con đầu (nếu kết hôn trước 07/03/1987 không có giấy đăng ký kết hôn);

- Văn bản thỏa thuận phân chia tài sản vợ chồng trong hôn nhân (nếu có);

- Giấy chứng minh quyền sở hữu, sử dụng hợp pháp đối với tài sản;

- Phiếu yêu cầu công chứng (Văn phòng công chứng có sẵn mẫu).

Thủ tục công chứng thỏa thuận chia tài sản chung của vợ chồng được quy định như thế nào? (Hình từ Internet)",,,,,,,,,
Phương thức nộp hồ sơ công chứng thỏa thuận chia tài sản chung của vợ chồng là gì?,"Trực tiếp, có mặt cả hai bên.

=> Văn phòng công chứng trên cả nước. Nếu có bất động sản thì chỉ có Văn phòng công chứng thuộc phạm vi cấp tỉnh nơi có bất động sản mới có quyền công chứng văn bản thỏa thuận phân chi tài sản vợ chồng trong hôn nhân.",,,,,,,,,
Cơ quan giải quyết công chứng thỏa thuận chia tài sản chung của vợ chồng là cơ quan nào?,Phòng/văn phòng công chứng.,,,,,,,,,
Thời hạn công chứng thỏa thuận chia tài sản chung của vợ chồng là khi nào?,#ERROR!,,,,,,,,,
Lệ phí công chứng thỏa thuận chia tài sản chung của vợ chồng là bao nhiêu?,#ERROR!,,,,,,,,,
Tòa án giải quyết với vụ án ly hôn có tranh chấp bất động sản được xác định như nào?,Trường hợp vụ án tranh chấp chia tài sản là bất động sản sau khi ly hôn mà nơi cư trú của bị đơn và nơi có bất động sản tranh chấp khác nhau thì Tòa án nào có thẩm quyền giải quyết?,,,,,,,,,
Tranh chấp bất động sản thì Tòa án nơi nào giải quyết?,"Tranh chấp bất động sản thì Tòa án nơi nào giải quyết? Hiện cậu tôi đang gặp một tranh chấp liên quan tới bất động sản. Số là cậu tôi mua đất ham rẻ nên mua đất không có sổ đỏ, bây giờ xuất hiện người cầm sổ đỏ tới nói đó là đất của họ. Cho tôi hỏi, nếu cậu tôi muốn thưa kiện thì phải làm đơn ở Tòa án nào ạ?",,,,,,,,,
Thẩm quyền của tòa án chia di sản thừa kế là bất động sản?,"Ông A kết hôn với bà B cư trú tại huyện T, sinh được 2 người con là C, D đã trưởng thành. Tài sản của ông bà gồm một ngôi nhà và một thửa đất được thừa kế chung. Anh C đã lập gia đình có 1 con chung là G và 1 con riêng là H. Đến tháng 7/2019 anh C qua đời, tháng 12/2019 ông A qua đời không để lại di chúc. Đến tháng 02/2020 gia đình bà B yêu cầu Tòa án nhân dân huyện Q chia tài sản thừa kế của ông A. Hỏi: Tòa án nhân dân huyện Q có thẩm quyền chia tài sản thừa kế của ông A không? Vì sao? Mong nhận được tư vấn của Ban biên tập. Chân thành cảm ơn!",,,,,,,,,
Chồng có được ở lại nhà riêng của vợ sau ly hôn hay không?,"Căn cứ Điều 63 Luật Hôn nhân và gia đình 2014 quy định về quyền lưu cư của vợ hoặc chồng khi ly hôn như sau:

Theo quy định trên, chồng bạn khó khăn về chỗ ở sẽ được quyền ở nhà riêng của bạn sau khi ly hôn trong thời hạn 06 tháng nếu bạn và chồng không có thỏa thuận khác.

Sau ly hôn chồng có được ở lại nhà riêng của vợ hay không? (Hình từ Internet)",,,,,,,,,
Làm giấy khai sinh cho con sinh ra sau ly hôn không có tên cha được không?,"Theo quy định tại Điều 15 Nghị định 123/2015/NĐ-CP thì trong trường hợp khai sinh cho trẻ chưa xác định được cha mẹ thì:

Theo đó, trường hợp của bạn, trẻ được khai sinh theo diện chưa xác định được cha. Như vậy, trong Giấy khai sinh cho con bạn, bạn có thể chỉ có tên mẹ mà không cần có tên cha.",,,,,,,,,
Sinh con sau ly hôn thì có được ngăn cản cha gặp con hay không?,"Theo khoản 1 Điều 88 Luật Hôn nhân và gia đình 2014 quy định về xác định cha, mẹ như sau:

Tại Điều 82 Luật Hôn nhân và gia đình 2014 quy định về nghĩa vụ, quyền của cha, mẹ không trực tiếp nuôi con sau khi ly hôn như sau:

Như vậy, con do người vợ mang thai trong thời kỳ hôn nhân là con chung nên dù sinh con sau hôn nhân thì đây vẫn là con chung và người cha vẫn có quyền thăm nom con mà không ai được cản trở sau ly hôn.

Trân trọng!",,,,,,,,,
Tài sản được cho vào ngày cưới sẽ chia như thế nào khi ly hôn?,"Căn cứ Điều 59 Luật Hôn nhân và gia đình 2014 quy định về nguyên tắc giải quyết tài sản của vợ chồng khi ly hôn như sau:

Theo đó, tài sản riêng của vợ chồng thuộc quyền sở hữu của người đó, tài sản chung của vợ chồng sẽ được chia dựa trên sự thỏa thuận gữa vợ chồng, trường hợp không thỏa thuận được tài sản sẽ được chia đôi tùy theo sự đóng góp, chia bằng hiện vật hoặc giá trị hiện vật.

Việc chia tài sản chung của vợ chồng không phụ thuộc vào việc đối phương đã nói xấu gia đình người kia như thế nào mà phụ thuộc chủ yếu vào thỏa thuận đôi bên và mức độ đóng góp của mỗi người trong hôn nhân.

Trong trường hợp tài sản được cho vào ngày cưới được cho riêng vợ hoặc chồng thì tài sản đó là tài sản riêng và sẽ thuộc về người được cho mà không tiến hành chia.

Chia tài sản được vào ngày cưới như thế nào khi ly hôn? (Hình từ Internet)",,,,,,,,,
Vợ chồng ly hôn thì quyền nuôi con thuộc về ai?,"Căn cứ Điều 81 Luật Hôn nhân và gia đình 2014 việc trông nom, chăm sóc, nuôi dưỡng, giáo dục con sau khi ly hôn được quy định như sau:

Theo đó, người trực tiếp nuôi con sau khi ly hôn được xác định dựa vào thỏa thuận của cha mẹ, trường hợp không thỏa thuận được thì người nuôi con sẽ được Tòa án quyết định, ngoài ra còn phải xem xét nguyện vọng của con (trong trường hợp con từ 7 tuổi trở lên), với trường hợp con dưới 36 tháng tuổi sẽ giao cho mẹ nuôi dưỡng trừ trường hợp mẹ không đủ điiều kiện để trực tiếp trông nom, chăm sóc, nuôi dưỡng, giáo dục con.

Trong trường hợp người vợ nói xấu gia đình chồng, tùy mức độ nếu đủ căn cứ để xác định rằng người mẹ không đủ điều kiện để trực tiếp trông nom, chăm sóc, nuôi dưỡng, giáo dục con thì quyền nuôi dưỡng có thể thuộc về người chồng.",,,,,,,,,
Quyền sử dụng đất của vợ chồng khi ly hôn sẽ được chia như thế nào?,"Theo quy định tại Điều 62 Luật Hôn nhân và gia đình 2014 quy định về chia quyền sử dụng đất của vợ chồng khi ly hôn như sau:

Theo đó, khi vợ chồng bạn ly hôn thì quyền sử dụng đất của vợ chồng sẽ được chia theo nguyên tắc quy định như trên.

Trân trọng!",,,,,,,,,
Trong mọi trường hợp tài sản chung của vợ chồng đều được chia đều khi ly hôn đúng không?,"Theo quy định của pháp luật hiện hành thì khi ly hôn, trường hợp chế độ tài sản của vợ chồng theo luật định thì việc giải quyết tài sản do các bên thỏa thuận; nếu không thỏa thuận được thì theo yêu cầu của vợ, chồng hoặc của hai vợ chồng, Tòa án giải quyết theo quy định của Luật Hôn nhân và gia đình 2014 .

Hoặc, trường hợp chế độ tài sản của vợ chồng theo thỏa thuận thì việc giải quyết tài sản khi ly hôn được áp dụng theo thỏa thuận đó; nếu thỏa thuận không đầy đủ, rõ ràng thì áp dụng quy định của Luật Hôn nhân và Gia đình 2014 để giải quyết.

Theo đó, theo quy định tại Khoản 2 Điều 59 Luật Hôn nhân và gia đình 2014 thì tài sản chung của vợ chồng được chia đôi nhưng có tính đến các yếu tố sau đây:

Căn cứ quy định được trích dẫn trên đây thì về nguyên tắc tài sản chung của vợ chồng được chia đôi. Tuy nhiên, cần phải tính đến các yếu tố khác để chia tài sản chung của vợ chồng.

Đồng nghĩa: Không phải mọi trường hợp thì khi ly hôn, tài sản chung cũng vợ chồng đều được chia đôi cho mỗi bên vợ, chồng một phần bằng nhau. Mà căn cứ vào nhiều yếu tố thực tế khác mà Tòa án có thể quyết định vợ hoặc chồng được chia phần tài sản nhiều hơn .

Tài sản chung của vợ chồng đều được chia đều khi ly hôn đúng không? (Hình từ Internet)",,,,,,,,,
Hướng dẫn xác định tài sản riêng của vợ chồng trong thời kỳ hôn nhân?,"Tại Điều 43 Luật Hôn nhân và gia đình 2014 có quy định tài sản riêng của vợ chồng trong thời kỳ hôn nhân được quy định như sau:

Đồng thời, vấn đề này còn được hướng dẫn bởi Điều 11 Nghị định 126/2014/NĐ-CP trong việc xác định tài sản riêng khác của vợ, chồng theo quy định của pháp luật:",,,,,,,,,
Con có được can thiệp vào tài sản chung của bố mẹ khi ly hôn?,"Điều 33 Luật Hôn nhân và gia đình 2014 quy định tài sản chung của vợ chồng:

Nguyên tắc chung về chế độ tài sản của vợ chồng theo khoản 1 Điều 29 Luật Hôn nhân và gia đình 2014 :

Theo quy định này thì ba mẹ bạn là đồng sở hữu trong khối tài sản có được trong thời kỳ hôn nhân, khi ly hôn về nguyên tắc tài sản đó sẽ chia làm đôi. Bạn không có quyền định đoạt khối tài sản đó nên dù bạn đủ 18 tuổi hay không thì không ảnh hưởng đến việc phân chia tài sản cũng như bạn không có quyền can thiệp vào việc bố mẹ bạn chuyển nhượng cho người khác.

Trân trọng!",,,,,,,,,
Có được ly hôn chồng đang mất tích hay không?,"Căn cứ Điều 56 Luật Hôn nhân và gia đình 2014 quy định ly hôn theo yêu cầu của một bên như sau:

Theo quy định như trên, nếu chồng của bạn đã được tòa án tuyên bố mất tích, thì khi bạn bạn được quyền yêu cầu ly hôn và tòa án sẽ giải quyết ly hôn cho bạn.

Ly hôn chồng đang mất tích có được không? (Hình từ Internet)",,,,,,,,,
Đi biệt tích bao lâu thì được yêu cầu tuyên bố mất tích?,"Theo Điều 68 Bộ luật dân sự 2015 có quy định về tuyên bố mất tích như sau:

Khi một người biệt tích 02 năm liền trở lên mà không có tin tức mặc dù đã áp dụng đầy đủ biện pháp thông tin thì được quyền yêu cầu tòa án tuyên bố mất tích. Cho nên, trong trường hợp của bạn, chồng của bạn đã biệt tích 03 năm mà không có tin tức gì thì bạn được quyền yêu cầu tòa án tuyên bố mất tích.",,,,,,,,,
Tài sản của người bị tuyên bố mất tích được quản lý như thế nào?,"Tại Điều 69 Bộ luật dân sự 2015 có quy định về quản lý tài sản của người bị tuyên bố mất tích như sau:

Người đang quản lý tài sản của người vắng mặt tại nơi cư trú tiếp tục quản lý tài sản của người đó khi người đó bị Tòa án tuyên bố mất tích và có các quyền, nghĩa vụ quy định tại Điều 66 và Điều 67 của Bộ luật này. Trường hợp Tòa án giải quyết cho vợ hoặc chồng của người bị tuyên bố mất tích ly hôn thì tài sản của người mất tích được giao cho con thành niên hoặc cha, mẹ của người mất tích quản lý; nếu không có những người này thì giao cho người thân thích của người mất tích quản lý; nếu không có người thân thích thì Tòa án chỉ định người khác quản lý tài sản.

Trân trọng!",,,,,,,,,
Căn nhà mua trả góp có được chia khi hai vợ chồng ly hôn không?,"Tại Điều 33 Luật Hôn nhân và gia định 2014 quy định tài sản chung của vợ chồng như sau:

Theo Điều 43 Luật Hôn nhân và gia đình 2014 quy định tài sản riêng của vợ, chồng như sau:

Như vậy, căn nhà mua trả góp được coi là tài sản chung của hai vợ chồng thì khi ly hôn sẽ được chia. Còn nếu căn nhà mua trả góp đó là tài sản riêng thì sẽ không chia khi hai vợ chồng ly hôn.

Trường hợp của bạn, bạn đã mua căn nhà trả góp đó trước khi kết hôn thì đấy được coi là tài sản riêng của bạn. Khi bạn và anh M ly hôn thì căn nhà mua trả góp đó sẽ không bị chia.

Khi hai vợ chồng ly hôn thì căn nhà mua trả góp có được chia không? (Hình từ Internet)",,,,,,,,,
Khi hai vợ chồng ly hôn căn nhà mua trả góp được chia như thế nào?,"Căn cứ Điều 59 Luật Hôn nhân và gia đình 2014 quy định nguyên tắc giải quyết tài sản của vợ chồng khi ly hôn như sau:

Do đó, khi ly hôn thì căn nhà mua trả góp sẽ được chia trên sự thỏa thuận của hai vợ chồng. Nếu như không thỏa thuận được thì có thể nhờ Tòa án giải quyết theo nguyên tắc chia đôi nhưng phải theo những yếu tố đã được nêu trên.

Trân trọng!",,,,,,,,,
Chồng ngoại tình thì chia tài sản ly hôn ra sao?,Cho em hỏi về luật li dị. Bố mẹ em cưới nhau 30 năm rồi và có 5 người con gái. Giờ bố mẹ em muốn li dị. Mà đúng hơn là mẹ em muốn li dị (chắc bố cũng đồng ý ngay) vì lí do bố em ngoại tình có con riêng và hay đánh đập mẹ em. Và cho em hỏi về phần chia tài sản thế nào. Cụ thể là về 1 miếng đất tự tân tạo của 2 người và đất chưa có sổ đỏ.,,,,,,,,,
Vợ có được ly hôn khi chồng đang đi tù không?,"Chào Ban biên tập, vợ chồng tôi kết hôn đã được 3 năm, nhưng chông tôi không tu chí làm ăn mà suốt ngày bài bạc. Đã từng bị đi tù một lần, nay lại tái phạm và đang chấp hành án trong trai giam. Vậy Ban biên tập cho tôi hỏi. Chồng tôi đang chấp hành án thì vợ có được ly hôn không?",,,,,,,,,
Khi ly hôn có phải cùng chịu trách nhiệm trả nợ không?,"Chào Ban tư vấn, tôi là Như Hạnh, trước đây tôi và chồng có vay ngân hàng một khoản tiền để làm ăn kinh doanh và vẫn đang trong quá trình trả nợ. Hiện tại tôi và chồng đã ly hôn. Vậy Ban tư vấn cho tôi hỏi tôi có phải cùng chịu trách nhiệm trả nợ khi ly hôn không? Khi còn trong thời kỳ hôn nhân thì tôi cũng có phụ chồng trả nợ, nhưng hiện tại thì quan hệ hôn nhân đã chấm dứt. Mong Ban tư vấn giải đáp giúp tôi vấn đề trên trong thời gian sớm nhất. Cảm ơn!",,,,,,,,,
Cách xử lý chồng giấu tài sản chung khi ly hôn như thế nào?,"Xin chào Ban biên tập, tôi tên là Minh Thu, hiện tại đang sinh sống và làm việc tại Long An, có vấn đề thắc mắc tôi muốn nhờ Ban biên tập tư vấn. Tôi kết hôn hồi đầu năm 2014, cuộc sống hôn nhân cũng diễn ra êm đềm, gia đình tôi có một con trai. Từ đó tới nay, mọi tài sản của gia đình tôi đều giao cho chồng quản lý. Tiền lương, thưởng tôi cũng đưa chồng giữ rồi bỏ vào sổ tiết kiệm chung của vợ chồng. Tới gần đây, tôi phát hiện chồng giấu tôi lấy tiền đem về cho anh em nhà chồng, tôi có hỏi thì chồng cứ chối phăn đi, đã vậy còn không ngớt lời chửi mắng tôi ích kỷ này nọ. Nhiều lần như vậy, tôi không thể chấp nhận nổi nên đã quyết định ly hôn với anh ấy. Khi ra tòa ly hôn, anh ấy chỉ khai rằng tài sản chung có nhà cửa, xe và một ít tiền trong ngân hàng. Nhưng tôi nắm rất rõ, tài sản chung mà vợ chồng tôi tạo lập có một khoản tiền rất lớn trong ngân hàng nhưng anh ấy cố tình giấu đi, chỉ trình ra có một phần nhỏ trong số đó. Tôi yêu cầu tòa điều tra, xác minh lại nhưng tòa lại nói rằng muốn vậy thì chính tôi phải trình ra chứng cứ chứng minh chứ tòa không có nghĩa vụ xác minh lại nữa. Xin hỏi, tòa nói thế có đúng không? Trường hợp của tôi phải giải quyết thế nào? Mong Ban biên tập tư vấn giúp tôi. Chân thành cảm ơn! (minh.long***@gmail.com)",,,,,,,,,
"Tiền tạm ứng chi phí định giá tài sản, chi phí định giá tài sản là gì?","Tiền tạm ứng chi phí định giá tài sản, chi phí định giá tài sản là gì? Xin chào quý ban biên tập, tôi tên Bảo Anh sinh sống và làm việc tại Tp. HCM. Tôi hiện là đương sự trong một vụ án về tranh chấp quyền sử dụng đất, phía bên Tòa án có hướng dẫn cho tôi biết phải lập Hội đồng đến nơi đất tranh chấp để xem xét tình trạng và định giá tài sản, dù có tìm hiểu nhưng tôi không hiểu lắm nhờ Ban biên tập hỗ trợ, cụ thể: Tiền tạm ứng chi phí định giá tài sản, chi phí định giá tài sản là gì? Văn bản nào quy định vấn đề này? Mong sớm nhận được câu trả lời từ Ban biên tập, chân thành cảm ơn! (0123**)",,,,,,,,,
Tòa án ra quyết định định giá tài sản và thành lập Hội đồng định giá trong tố tụng dân sự trong các trường hợp nào?,"Tòa án ra quyết định định giá tài sản và thành lập Hội đồng định giá trong tố tụng dân sự trong các trường hợp nào? Xin chào Ban biên tập, tôi là Hoàng Phương, hiện tôi đang sinh sống và làm việc tại Vũng Tàu, có thắc mắc tôi muốn nhờ Ban biên tập giải đáp và cung cấp thông tin giúp, cụ thể là tòa án ra quyết định định giá tài sản và thành lập Hội đồng định giá trong tố tụng dân sự trong các trường hợp nào? Tôi có thể tìm hiểu vấn đề này tại văn bản pháp luật nào? Mong sớm nhận được phản hồi từ Ban biên tập, chân thành cảm ơn!",,,,,,,,,
Bị đơn trong vụ án ly hôn có phải nộp tiền định giá tài sản hay không?,"Tại Điều 164 Bộ luật tố tụng dân sự 2015 quy định nghĩa vụ nộp tiền tạm ứng chi phí định giá tài sản, như sau:

Theo đó, với quy định này thì do bạn là người yêu cầu tòa án thẩm định nên bạn phải nộp tiền tạm ứng chi phí định giá tài sản này.",,,,,,,,,
"Nghĩa vụ chịu chi phí định giá tài sản, thẩm định giá như thế nào?","Theo Điều 165 Bộ luật tố tụng dân sự 2015 về nghĩa vụ chịu chi phí định giá tài sản, thẩm định giá:

Như vậy, với quy định nêu trên thì trường hợp của hai vợ chồng bạn yêu cầu Tòa án chia tài sản chung thì mỗi người được chia tài sản phải chịu phần chi phí định giá tài sản tương ứng với tỷ lệ giá trị phần tài sản mà họ được chia.

Trân trọng!",,,,,,,,,
Tài sản có sau khi ly thân có phải là tài sản chung vợ chồng hay không?,"Vợ chồng tôi kết hôn 2017, do mâu thuẫn nên vợ chồng tôi đã sông ly thân từ 2017. Sau khi ly thân chồng tôi có sống chung với 01 người phụ nữ khác và mua 01 căn hộ chung cư. Bây giờ tôi muốn ly hôn vậy cho hỏi căn hộ chung cư đó sẽ chia thế nào?",,,,,,,,,
Sống ly thân với chồng gần 7 năm thì quan hệ hôn nhân có chấm dứt không?,"Do cuộc sống hôn nhân không được như mong muốn nên tôi và chồng đã sống ly thân gần 07 năm nay. Ban tư vấn cho tôi hỏi cuộc hôn nhân của tôi như với chồng tôi có coi như là chấm dứt không? Chúng tôi chưa ra Tòa ly hôn. Mong được Ban tư vấn giải đáp giúp. Cảm ơn!

Minh Yến - Long An",,,,,,,,,
Có đòi được tiền nuôi con khi ly thân không?,"Vợ tôi bỏ nhà ra đi, để lại con cái cho tôi nuôi dưỡng từ năm 1988 đến nay. Hai vợ chồng ly hôn, tôi có quyền đòi vợ tôi đóng góp chi phí nuôi con trước đây không?",,,,,,,,,
Chia tài sản khi ly hôn như thế nào khi người chồng bỏ nhà đi xa rồi trở về?,"Căn cứ Điều 59 Luật Hôn nhân và gia đình 2014 quy định về nguyên tắc giải quyết tài sản của vợ chồng khi ly hôn như sau:

1. Trong trường hợp chế độ tài sản của vợ chồng theo luật định thì việc giải quyết tài sản do các bên thỏa thuận; nếu không thỏa thuận được thì theo yêu cầu của vợ, chồng hoặc của hai vợ chồng, Tòa án giải quyết theo quy định tại các khoản 2, 3, 4 và 5 Điều này và tại các điều 60, 61, 62, 63 và 64 của Luật này.

Trong trường hợp chế độ tài sản của vợ chồng theo thỏa thuận thì việc giải quyết tài sản khi ly hôn được áp dụng theo thỏa thuận đó; nếu thỏa thuận không đầy đủ, rõ ràng thì áp dụng quy định tương ứng tại các khoản 2, 3, 4 và 5 Điều này và tại các điều 60, 61, 62, 63 và 64 của Luật này để giải quyết.

2. Tài sản chung của vợ chồng được chia đôi nhưng có tính đến các yếu tố sau đây:

a) Hoàn cảnh của gia đình và của vợ, chồng;

b) Công sức đóng góp của vợ, chồng vào việc tạo lập, duy trì và phát triển khối tài sản chung. Lao động của vợ, chồng trong gia đình được coi như lao động có thu nhập;

c) Bảo vệ lợi ích chính đáng của mỗi bên trong sản xuất, kinh doanh và nghề nghiệp để các bên có điều kiện tiếp tục lao động tạo thu nhập;

d) Lỗi của mỗi bên trong vi phạm quyền, nghĩa vụ của vợ chồng.

3. Tài sản chung của vợ chồng được chia bằng hiện vật, nếu không chia được bằng hiện vật thì chia theo giá trị; bên nào nhận phần tài sản bằng hiện vật có giá trị lớn hơn phần mình được hưởng thì phải thanh toán cho bên kia phần chênh lệch.

4. Tài sản riêng của vợ, chồng thuộc quyền sở hữu của người đó, trừ trường hợp tài sản riêng đã nhập vào tài sản chung theo quy định của Luật này.

Trong trường hợp có sự sáp nhập, trộn lẫn giữa tài sản riêng với tài sản chung mà vợ, chồng có yêu cầu về chia tài sản thì được thanh toán phần giá trị tài sản của mình đóng góp vào khối tài sản đó, trừ trường hợp vợ chồng có thỏa thuận khác.

5. Bảo vệ quyền, lợi ích hợp pháp của vợ, con chưa thành niên, con đã thành niên mất năng lực hành vi dân sự hoặc không có khả năng lao động và không có tài sản để tự nuôi mình.

6. Tòa án nhân dân tối cao chủ trì phối hợp với Viện kiểm sát nhân dân tối cao và Bộ Tư pháp hướng dẫn Điều này.

Bạn cần có những căn cứ chứng minh việc chồng bạn bỏ đi nơi khác để lại tất cả nợ nần, chi phí xây nhà và các khoản vay để làm ăn. Từ đó có cơ sở xem xét công sức đóng góp của bạn trong việc tạo lập tài sản. Việc này nhằm tạo ra chứng cứ có lợi cho bạn khi chia tài sản sau ly hôn.",,,,,,,,,
"Việc trông nom, chăm sóc, nuôi dưỡng, giáo dục con sau khi ly hôn","Căn cứ Điều 81 Luật trên quy định về việc trông nom, chăm sóc, nuôi dưỡng, giáo dục con sau khi ly hôn như sau:

1. Sau khi ly hôn, cha mẹ vẫn có quyền, nghĩa vụ trông nom, chăm sóc, nuôi dưỡng, giáo dục con chưa thành niên, con đã thành niên mất năng lực hành vi dân sự hoặc không có khả năng lao động và không có tài sản để tự nuôi mình theo quy định của Luật này, Bộ luật dân sự và các luật khác có liên quan.

2. Vợ, chồng thỏa thuận về người trực tiếp nuôi con, nghĩa vụ, quyền của mỗi bên sau khi ly hôn đối với con; trường hợp không thỏa thuận được thì Tòa án quyết định giao con cho một bên trực tiếp nuôi căn cứ vào quyền lợi về mọi mặt của con; nếu con từ đủ 07 tuổi trở lên thì phải xem xét nguyện vọng của con.

3. Con dưới 36 tháng tuổi được giao cho mẹ trực tiếp nuôi, trừ trường hợp người mẹ không đủ điều kiện để trực tiếp trông nom, chăm sóc, nuôi dưỡng, giáo dục con hoặc cha mẹ có thỏa thuận khác phù hợp với lợi ích của con.

Như vậy, con bạn chưa đủ 36 tháng nên con bạn sẽ được giao cho bạn trực tiếp nuôi khi bạn và chồng ly hôn.

Trân trọng!",,,,,,,,,
Tranh chấp chia tài sản khi ly hôn có hòa giải tại cơ sở được không?,"Căn cứ theo Điều 3 Luật Hòa giải cơ sở năm 2013 quy định về phạm vi hòa giải ở cơ sở như sau:

1. Việc hòa giải ở cơ sở được tiến hành đối với các mâu thuẫn, tranh chấp, vi phạm pháp luật, trừ các trường hợp sau đây:

a) Mâu thuẫn, tranh chấp xâm phạm lợi ích của Nhà nước, lợi ích công cộng;

b) Vi phạm pháp luật về hôn nhân và gia đình, giao dịch dân sự mà theo quy định của pháp luật tố tụng dân sự không được hòa giải;

c) Vi phạm pháp luật mà theo quy định phải bị truy cứu trách nhiệm hình sự hoặc bị xử lý vi phạm hành chính;

d) Mâu thuẫn, tranh chấp khác không được hòa giải ở cơ sở theo quy định pháp luật.

2. Chính phủ quy định chi tiết Điều này.

Bên cạnh đó tại Điều 29 Bộ luật tố tụng dân sự 2015 quy định về những yêu cầu về hôn nhân và gia đình thuộc thẩm quyền giải quyết của Tòa án

1. Yêu cầu hủy việc kết hôn trái pháp luật.

2. Yêu cầu công nhận thuận tình ly hôn, thỏa thuận nuôi con, chia tài sản khi ly hôn.

3. Yêu cầu công nhận thỏa thuận của cha, mẹ về thay đổi người trực tiếp nuôi con sau khi ly hôn hoặc công nhận việc thay đổi người trực tiếp nuôi con sau khi ly hôn của cơ quan, tổ chức, cá nhân theo quy định của pháp luật về hôn nhân và gia đình.

4. Yêu cầu hạn chế quyền của cha, mẹ đối với con chưa thành niên hoặc quyền thăm nom con sau khi ly hôn.

5. Yêu cầu chấm dứt việc nuôi con nuôi.

6. Yêu cầu liên quan đến việc mang thai hộ theo quy định của pháp luật hôn nhân và gia đình.

7. Yêu cầu công nhận thỏa thuận chấm dứt hiệu lực của việc chia tài sản chung trong thời kỳ hôn nhân đã được thực hiện theo bản án, quyết định của Tòa án.

8. Yêu cầu tuyên bố vô hiệu thỏa thuận về chế độ tài sản của vợ chồng theo quy định của pháp luật hôn nhân và gia đình.

9. Yêu cầu công nhận và cho thi hành tại Việt Nam hoặc không công nhận bản án, quyết định về hôn nhân và gia đình của Tòa án nước ngoài hoặc cơ quan khác có thẩm quyền của nước ngoài hoặc không công nhận bản án, quyết định về hôn nhân và gia đình của Tòa án nước ngoài hoặc cơ quan khác có thẩm quyền của nước ngoài không có yêu cầu thi hành tại Việt Nam.

10. Yêu cầu xác định cha, mẹ cho con hoặc con cho cha, mẹ theo quy định của pháp luật về hôn nhân và gia đình.

11. Các yêu cầu khác về hôn nhân và gia đình, trừ trường hợp thuộc thẩm quyền giải quyết của cơ quan, tổ chức khác theo quy định của pháp luật

Như vậy, theo quy định hiện hành thì vụ an tranh chấp về Hôn nhân và gia đình không thuộc thẩm quyền hòa giải tại cơ sở nên chỉ có thể hoa giải tại Tòa án.",,,,,,,,,
Nguyên tắc tiến hành hòa giải như thế nào?,"Tại Điều 205 Bộ luật tố tụng Dân sự 2015 quy định về nguyên tắc tiến hành hòa giải như sau:

1. Trong thời hạn chuẩn bị xét xử sơ thẩm vụ án, Tòa án tiến hành hòa giải để các đương sự thỏa thuận với nhau về việc giải quyết vụ án, trừ những vụ án không được hòa giải hoặc không tiến hành hòa giải được quy định tại Điều 206 và Điều 207 của Bộ luật này hoặc vụ án được giải quyết theo thủ tục rút gọn.

2. Việc hòa giải được tiến hành theo các nguyên tắc sau đây:

a) Tôn trọng sự tự nguyện thỏa thuận của các đương sự, không được dùng vũ lực hoặc đe dọa dùng vũ lực, bắt buộc các đương sự phải thỏa thuận không phù hợp với ý chí của mình;

b) Nội dung thỏa thuận giữa các đương sự không vi phạm điều cấm của luật, không trái đạo đức xã hội.

Trân trọng!",,,,,,,,,
Vợ ở nhà nội trợ có được chia tài sản khi ly hôn?,"Xin cho hỏi: Tôi lấy chồng cách đây 05 năm,. sinh được 1 bé trai 02 tuổi, tôi chỉ ở nhà nội trợ, còn mọi chi phí trong gia đình đều do chồng tôi đi làm mà có. Nhưng giờ đây chúng tôi sống không hạnh phúc và định ly hôn. Vậy tôi có được chia tài sản không?",,,,,,,,,
Làm mất giấy đăng ký kết hôn thì có được ly hôn không?,"Chào Ban biên tập, tôi là Quang Huấn, vợ chồng tôi kết hôn được 3 năm, trong 3 năm qua vợ cồng tôi có nhiều mâu thẫu. Vợ chồng tôi đều mong muốn ly hôn để giải thoát cho nhau, nhưng chúng tôi đã làm mất giấy đăng ký kết hôn. Tôi được biết muốn ly hôn thì phải có giấy đăng ký kết hôn. Vậy Ban biên tập cho tôi hỏi: Làm mất giấy đăng ký kết hôn thì có được ly hôn không?",,,,,,,,,
"Khi ly hôn, con dâu có được hưởng tài sản do bố mẹ chồng cho?","Trong thời gian kết hôn, bố mẹ chồng có cho vợ chồng tôi một căn nhà. Căn nhà cũng đã sang tên cho chồng tôi. Hiện vợ chồng tôi đang chuẩn bị làm thủ tục ly hôn do anh có hành vi ngoại tình, vậy tôi có được hưởng tài sản là căn nhà đã được bố mẹ chồng cho trong thời kỳ hôn nhân?",,,,,,,,,
Chồng ngoại tình có được chia tài sản khi ly hôn?,"Anh chị cho em hỏi, chồng em ngoại tình nên vợ chồng em quyết định ly hôn. Vợ chồng em có 02 căn nhà và một miếng đất. Vậy khi ly hôn thì chồng em có được chia tài sản ít hơn không nếu em có bằng chứng chồng em ngoại tình? Mong anh chị tư vấn giúp em

Thanh Vy (093***)",,,,,,,,,
Tiền trúng số trong thời gian chuẩn bị ly hôn có phải là tài sản chung?,"Tôi chuẩn bị li dị chồng, nhưng lại vừa trúng xổ số được 30 triệu. Vậy cho hỏi: Trúng xổ số khi chuẩn bị ly hôn tiền thuộc về cả 2 vợ chồng hay chỉ người trúng? Nếu chồng tôi không biết thì có chia không? Mong sớm nhận được phản hồi, chân thành cảm ơn!",,,,,,,,,
Có phải trả nợ cho chồng khi ly hôn?,"Trong thời kỳ hôn nhân, chồng tôi có vay 30 triệu đồng. Nay vợ chồng tôi muốn ly hôn thì sau khi ly hôn tôi có phải chịu trách nhiệm về khoản nợ đó không? Tôi có phải cùng chồng chi trả 30 triệu đồng đó không? Vì khi chồng tôi vay thì tôi không sử dụng đồng nào trong đó cả. Mong Ban biên tập tư vấn giúp tôi

Thảo Hiếu - TPHCM",,,,,,,,,
Chia tài sản khi ly hôn có thể không công bố tài liệu chứng cứ không?,"Căn cứ theo Điều 254 Bộ luật tố tụng dân sự 2015 quy định về việc công bố tài liệu, chứng cứ của vụ án như sau:

1. Hội đồng xét xử công bố tài liệu, chứng cứ của vụ án trong các trường hợp sau đây:

a) Người tham gia tố tụng không có mặt tại phiên tòa nhưng đã có lời khai trong giai đoạn chuẩn bị xét xử;

b) Lời khai của người tham gia tố tụng tại phiên tòa mâu thuẫn với lời khai trước đó;

c) Trong các trường hợp khác mà Hội đồng xét xử thấy cần thiết hoặc có yêu cầu của Kiểm sát viên, đương sự, người bảo vệ quyền và lợi ích hợp pháp của đương sự, người tham gia tố tụng khác.

2. Trường hợp đặc biệt cần giữ bí mật nhà nước, giữ gìn thuần phong mỹ tục của dân tộc, giữ bí mật nghề nghiệp, bí mật kinh doanh, bí mật cá nhân, bí mật gia đình, bảo vệ người chưa thành niên theo yêu cầu của đương sự thì Hội đồng xét xử không công bố tài liệu, chứng cứ có trong hồ sơ vụ án.

Như vậy , theo quy định hiện hành thì việc anh cảm thấy số lượng tài sản của anh và vợ là bí mật gia đình nên không muốn công bố là chưa hợp lý. Do đó, tài sản này vẫn sẽ được công bố.",,,,,,,,,
Chủ tọa công bố tài liệu chứng cứ có phải hỏi ý kiến đương sự không?,"Theo Điều 239 Bộ luật tố tụng dân sự 2015 quy định về việc khai mạc phiên tòa như sau:

1. Chủ tọa phiên tòa khai mạc phiên tòa và đọc quyết định đưa vụ án ra xét xử.

2. Thư ký phiên tòa báo cáo Hội đồng xét xử về sự có mặt, vắng mặt của những người tham gia phiên tòa theo giấy triệu tập, giấy báo của Tòa án và lý do vắng mặt.

3. Chủ tọa phiên tòa kiểm tra lại sự có mặt của những người tham gia phiên tòa theo giấy triệu tập, giấy báo của Tòa án và kiểm tra căn cước của đương sự, người tham gia tố tụng khác.

4. Chủ tọa phiên tòa phổ biến quyền, nghĩa vụ của đương sự và của người tham gia tố tụng khác.

5. Chủ toạ phiên tòa giới thiệu họ, tên những người tiến hành tố tụng, người giám định, người phiên dịch.

6. Chủ tọa phiên tòa hỏi những người có quyền yêu cầu thay đổi người tiến hành tố tụng, người giám định, người phiên dịch xem họ có yêu cầu thay đổi ai không.

7. Yêu cầu người làm chứng cam kết khai báo đúng sự thật, nếu khai không đúng phải chịu trách nhiệm trước pháp luật, trừ trường hợp người làm chứng là người chưa thành niên.

8. Yêu cầu người giám định, người phiên dịch cam kết cung cấp kết quả giám định chính xác, phiên dịch đúng nội dung cần phiên dịch.

Như vậy, theo quy định hiện hành thì chủ tọa sẽ phổ biến quyền nghĩa vụ cho đương sự bao gồm quyền không công bố tài liệu, chứng cứ khi cảm thấy ảnh hưởng đến bí mật cá nhân, bí mật gia đinh,.. Tuy nhiên, việc yêu cầu quyền này phải được hội đồng xét xử xét hợp lý thì khi đó mới không công bố tài liệu chứng cứ.

Trân trọng!",,,,,,,,,
Vợ mang thai con của người khác có phải là con chung?,"Tôi muốn được hỏi về trường hợp, khi vợ mang thai con của người khác trong thời kỳ hôn nhân có phải là con chung không?",,,,,,,,,
Mua ô tô trong thời gian ly thân thì có được xác định là tài sản riêng hay không?,"Thưa luật sư, tôi và vợ hiện tại đang ly thân, trong thời gian này tôi có mua ô tô. Vậy, xe đó là tài sản riêng của tôi đúng không?",,,,,,,,,
Mọi thỏa thuận chia tài sản chung trong thời kỳ hôn nhân của vợ chồng đều có hiệu lực?,"Xin được hỏi, nếu vợ, chồng có thỏa thuận việc chia tài sản chung trong thời kỳ hôn nhân thì tất cả thỏa thuận đó đều có hiệu lực đúng không?",,,,,,,,,
Đang ly thân chồng tự ý vay nợ vợ có nghĩa vụ trả không?,"Căn cứ theo Điều 28 Bộ luật tố tụng Dân sự 2015 quy định về những tranh chấp về hôn nhân và gia đình thuộc thẩm quyền giải quyết của Tòa án như sau:

- Ly hôn, tranh chấp về nuôi con, chia tài sản khi ly hôn; chia tài sản sau khi ly hôn.

- Tranh chấp về chia tài sản chung của vợ chồng trong thời kỳ hôn nhân.

- Tranh chấp về thay đổi người trực tiếp nuôi con sau khi ly hôn.

- Tranh chấp về xác định cha, mẹ cho con hoặc xác định con cho cha, mẹ.

- Tranh chấp về cấp dưỡng.

- Tranh chấp về sinh con bằng kỹ thuật hỗ trợ sinh sản, mang thai hộ vì mục đích nhân đạo.

- Tranh chấp về nuôi con, chia tài sản của nam, nữ chung sống với nhau như vợ chồng mà không đăng ký kết hôn hoặc khi hủy kết hôn trái pháp luật.

- Các tranh chấp khác về hôn nhân và gia đình, trừ trường hợp thuộc thẩm quyền giải quyết của cơ quan, tổ chức khác theo quy định của pháp luật.

Bên cạnh đó tại Điều 37 Luật Hôn nhân và gia đình 2014 quy định về nghĩa vụ chung về tài sản của vợ chồng

Vợ chồng có các nghĩa vụ chung về tài sản sau đây:

- Nghĩa vụ phát sinh từ giao dịch do vợ chồng cùng thỏa thuận xác lập, nghĩa vụ bồi thường thiệt hại mà theo quy định của pháp luật vợ chồng cùng phải chịu trách nhiệm;

- Nghĩa vụ do vợ hoặc chồng thực hiện nhằm đáp ứng nhu cầu thiết yếu của gia đình;

- ...

Ngoài ra, theo quy định tại Điều 24 Luật Hôn nhân và gia đình 2014 quy định căn cứ xác lập đại diện giữa vợ và chồng như sau:

- Việc đại diện giữa vợ và chồng trong xác lập, thực hiện, chấm dứt giao dịch được xác định theo quy định của Luật này, Bộ luật dân sự và các luật khác có liên quan.

- Vợ, chồng có thể ủy quyền cho nhau xác lập, thực hiện và chấm dứt giao dịch mà theo quy định của Luật này, Bộ luật dân sự và các luật khác có liên quan phải có sự đồng ý của cả hai vợ chồng.

Như vậy, việc ly thân không thuộc thẩm quyền xử lý của Tòa án nên quá trình ly thân là do vợ chồng tự thỏa thuận bằng văn bản. Vì vậy, quan hệ hôn nhân giữa vợ chồng trên pháp luật vẫn còn tồn tại, và tài sản xác lâp trong thời gian này vẫn là tài sản chung của vợ chồng.

Tuy nhiên việc xác lập giao dịch không có sự đồng ý của bạn mà cũng không có sự ủy quyền trong trường hợp không nhằm đáp ứng nhu cầu thiết yếu của gia đình thì sẽ không được xem là nghĩa vụ tài sản của bạn. Nếu không được xem là nghĩa vụ tài sản thì bạn không phải trả khoản nợ này.",,,,,,,,,
Trong thời gian ly thân muốn chia tài sản chung thì có được không?,"Căn cứ Khoản 13 Điều 3 Luật Hôn nhân và gia đình 2014 giải thích về thời kỳ hôn nhân như sau:

Thời kỳ hôn nhân là khoảng thời gian tồn tại quan hệ vợ chồng, được tính từ ngày đăng ký kết hôn đến ngày chấm dứt hôn nhân.

Bên cạnh đó, tại Điều 38 Luật Hôn nhân và gia đình 2014 quy định về việc chia tài sản chung trong thời kỳ hôn nhân như sau:

- Trong thời kỳ hôn nhân, vợ chồng có quyền thỏa thuận chia một phần hoặc toàn bộ tài sản chung, trừ trường hợp quy định tại Điều 42 của Luật này; nếu không thỏa thuận được thì có quyền yêu cầu Tòa án giải quyết.

- Thỏa thuận về việc chia tài sản chung phải lập thành văn bản. Văn bản này được công chứng theo yêu cầu của vợ chồng hoặc theo quy định của pháp luật.

- Trong trường hợp vợ, chồng có yêu cầu thì Tòa án giải quyết việc chia tài sản chung của vợ chồng theo quy định tại Điều 59 của Luật này. Như vậy, trong thời gian ly thân vẫn được xem là trong thời kỳ hôn nhân nên bạn muốn chia tài sản thì có thể nộp đơn đề nghị chia tài sản trong thời kỳ hôn nhân. Trân trọng!",,,,,,,,,
"Thưa luật sư, tôi và vợ hiện tại đang ly thân, trong thời gian này tôi có mua ô tô. Vậy, xe đó là tài sản riêng của tôi đúng không?","Căn cứ Khoản 1 Điều 43 Luật Hôn nhân và gia đình 2014 quy định như sau:

Tài sản riêng của vợ, chồng gồm tài sản mà mỗi người có trước khi kết hôn; tài sản được thừa kế riêng, được tặng cho riêng trong thời kỳ hôn nhân; tài sản được chia riêng cho vợ, chồng theo quy định tại các điều 38, 39 và 40 của Luật này; tài sản phục vụ nhu cầu thiết yếu của vợ, chồng và tài sản khác mà theo quy định của pháp luật thuộc sở hữu riêng của vợ, chồng.

Như vậy, trường hợp bạn muốn được xác định xe ô tô là tài sản riêng của bạn thì bạn phải chứng minh được xe này có được do bạn thừa kế riêng, tặng cho riêng hoặc thông qua giao dịch bằng tài sản riêng của bạn.

Ngoài ra, trường hợp bạn muốn xác định là tài sản riêng thì bạn có thể cùng vợ bạn làm giấy cam kết xe này tài sản riêng của bạn. Mặc dù ly thân nhưng hôn nhân và quyền lợi mỗi bên không thay đổi. Nếu không chứng minh được thì đó là tài sản chung.

Trân trọng!",,,,,,,,,
"Liên quan đến quy định pháp luật về hôn nhân, xin hỏi: Hiểu thế nào là lỗi của mỗi bên trong vi phạm quyền, nghĩa vụ của vợ chồng về việc chia tài sản khi ly hôn?","Căn cứ Điểm d Khoản 4 Điều 7 Thông tư liên tịch 01/2016/TTLT-TANDTC-VKSNDTC-BTP có quy định:

Trường hợp áp dụng chế độ tài sản của vợ chồng theo luật định để chia tài sản của vợ chồng khi ly hôn thì tài sản chung của vợ chồng về nguyên tắc được chia đôi nhưng có tính đến các yếu tố sau đây để xác định tỷ lệ tài sản mà vợ chồng được chia: “Lỗi của mỗi bên trong v i phạm quyền, nghĩa vụ của vợ chồng” là lỗi của vợ hoặc chồng vi phạm quyền, nghĩa vụ về nhân thân, tài sản của vợ chồng dẫn đến ly hôn.

Ví dụ: Trường hợp người chồng có hành vi bạo lực gia đình, không chung thủy hoặc phá tán tài sản thì khi giải quyết ly hôn Tòa án phải xem xét yếu tố lỗi của người chồng khi chia tài sản chung của vợ chồng để đảm bảo quyền, lợi ích hợp pháp của vợ và con chưa thành niên.

Trân trọng!",,,,,,,,,
"Tôi và vợ tôi ly hôn trong thời kỳ hôn nhân tôi là người lao động duy nhất và hầu như toàn bộ tài sản đều do tôi làm ra vợ tôi chỉ ở nhà chăm con, làm nội trợ vậy có phải chia đôi tài sản khi ly hôn hay không ạ?","Căn cứ theo Khoản 1 Điều 33 Luật Hôn nhân và gia đình 2014 thì "" tài sản chung của vợ chồng gồm tài sản do vợ, chồng tạo ra, thu nhập do lao động, hoạt động sản xuất, kinh doanh, hoa lợi, lợi tức phát sinh từ tài sản riêng và thu nhập hợp pháp khác trong thời kỳ hôn nhân,....Quyền sử dụng đất mà vợ, chồng có được sau khi kết hôn là tài sản chung của vợ chồng,...""

Do đó có nghĩa rằng trừ các trường hợp đặc biệt thì tài sản hình thành trong thời kỳ hôn nhân là tài sản chung của vợ chồng.

Ngoài ra tại Khoản 1 Điều 29 Luật Hôn nhần và gia đình 2014 quy định "" Vợ, chồng bình đẳng với nhau về quyền, nghĩa vụ trong việc tạo lập, chiếm hữu, sử dụng, định đoạt tài sản chung; không phân biệt giữa lao động trong gia đình và lao động có thu nhập."" do đó sẽ không có sự phân biệt giữa bạn là người lao động tạo ra của cải và vợ bạn là người lao động trong gia đình trong việc tạo lập tài sản chung.

Ngoài ra tại Khoản 2 Điều 59 Luật Hôn nhân và gia đình 2014 quy định về nguyên tắc giải quyết tài sản khi ly hôn thì về nguyên tắc là chia đôi nhưng sẽ có tính đến các yếu tố về:

- Hoàn cảnh của gia đình và của vợ, chồng;

- Công sức đóng góp của vợ, chồng vào việc tạo lập, duy trì và phát triển khối tài sản chung. Lao động của vợ, chồng trong gia đình được coi như lao động có thu nhập;

- Bảo vệ lợi ích chính đáng của mỗi bên trong sản xuất, kinh doanh và nghề nghiệp để các bên có điều kiện tiếp tục lao động tạo thu nhập;

- Lỗi của mỗi bên trong vi phạm quyền, nghĩa vụ của vợ chồng.

Do đó khi ly hôn tài sản của vợ chồng sẽ được chia đôi nhưng sẽ phụ thuộc vào các yếu tố đã nêu trên để xem xét đánh giá mà theo đó tỷ lệ chia tài sản có thể sẽ thay đổi. Ngoài ra cần lưu ý luật cũng quy định lao động trong gia đình hay nội trợ cũng được xem như lao động có thu nhập do đó đây sẽ không phải là yếu tố để không chia hay chia phần tài sản cho vợ của bạn ít hơn khi giải quyết vụ án ly hôn.

Trên đây là nội dung Ban biên tập gửi đến bạn.

Trân trọng!",,,,,,,,,
"Vợ chồng tôi kết hôn 2017, do mâu thuẫn nên vợ chồng tôi đã sông ly thân từ 2017. Sau khi ly thân chồng tôi có sống chung với 01 người phụ nữ khác và mua 01 căn hộ chung cư. Bây giờ tôi muốn ly hôn vậy cho hỏi căn hộ chung cư đó sẽ chia thế nào?","Theo Khoản 1 Điều 33 Luật Hôn nhân và gia đình 2014 quy định tài sản chung của vợ chồng như sau:

Tài sản chung của vợ chồng gồm tài sản do vợ, chồng tạo ra, thu nhập do lao động, hoạt động sản xuất, kinh doanh, hoa lợi, lợi tức phát sinh từ tài sản riêng và thu nhập hợp pháp khác trong thời kỳ hôn nhân, trừ trường hợp được quy định tại khoản 1 Điều 40 của Luật này; tài sản mà vợ chồng được thừa kế chung hoặc được tặng cho chung và tài sản khác mà vợ chồng thỏa thuận là tài sản chung.

Quyền sử dụng đất mà vợ, chồng có được sau khi kết hôn là tài sản chung của vợ chồng, trừ trường hợp vợ hoặc chồng được thừa kế riêng, được tặng cho riêng hoặc có được thông qua giao dịch bằng tài sản riêng.

Như vậy, vợ chồng bạn đang sống ly thân thì hôn nhân của vợ chồng bạn chưa chấm dứt theo quy định pháp luật thì tài sản hình thành trong hôn nhân là tài sản chung của vợ chồng bạn.

*Trường hợp: Căn hộ chung cư đó mua từ tiền của người sống chung với chồng bạn.

Như vậy, căn hộ chung cư thuộc sở hữu riêng của người đó.

*Trường hợp: Căn hộ chung cư đó có sự đóng góp của chồng bạn.

Thì một phần căn hộ chung cư đó thuộc sở hữu chung của vợ chồng bạn.

Như vậy khi ly hôn thì căn hộ chung cư này được chia hai. Vợ chồng bạn được 01 phần, và người sống chung với chồng bạn 01 phần.

Giá trị phần được hưởng xác định theo tỷ lệ đóng góp.

Ban biên tập phản hồi đến bạn.",,,,,,,,,
"Vợ tôi ly hôn được 2 năm, con gái vợ được 5 tuổi. Lúc ly hôn Tòa tuyên mỗi tháng ba đẻ cấp dưỡng cho cháu 3 triệu nhưng đó tới nay chưa được 1 đồng nào. Cho tôi hỏi bây giờ chúng tôi muốn buộc anh ta cấp dưỡng thì phải làm thế nào. Xin cảm ơn luật sư.","Theo quy định tại Khoản 2 Điều 82 Luật hôn nhân và gia đình 2014 thì:

""2. Cha, mẹ không trực tiếp nuôi con có nghĩa vụ cấp dưỡng cho con.""

Theo đó, nếu một bên vợ hoặc chồng không trực tiếp nuôi con thì phải có nghĩa vụ cấp dưỡng nuôi con chưa thành niên hoặ con đã thành niên nhưng bị tàn tật, mất năng lực hành vi dân sự, không có khả năng lao động và không có tài sản để tự nuôi mình.

Tại Khoản 2 Điều 107 Luật hôn nhân và gia đình 2014 quy định:

""2. Trong trường hợp người có nghĩa vụ nuôi dưỡng trốn tránh nghĩa vụ thì theo yêu cầu của cá nhân, cơ quan, tổ chức được quy định tại Điều 119 của Luật này, Tòa án buộc người đó phải thực hiện nghĩa vụ cấp dưỡng theo quy định của Luật này.""

Trường hợp chồng cũ của bạn sau khi ly hôn không thực hiện nghĩa vụ cấp dưỡng cho con của bạn thì bạn có thể khởi kiện ra tòa án nhân dân nơi chồng cũ của bạn đang cư trú để được giải quyết.

Hồ sơ yêu cầu cấp dưỡng sau khi ly hôn bao gồm :

- Đơn khởi kiện về việc cấp dưỡng;

- Bản sao có chứng thực giấy chứng minh nhân dân;

- Bản sao có chứng thực sổ hộ khẩu;

- Quyết định/ Bản án ly hôn;

- Chứng cứ chứng minh thu nhập của người chồng;

- Bản sao có chứng thực giấy sinh của con.

Trên đây là nội dung tư vấn của chúng tôi về vấn đề mà bạn thắc mắc.

Trân trọng!",,,,,,,,,
"Chào anh chị! Tôi có vấn đề rất mong được sự tư vấn từ anh chị. Trong thời kỳ hôn nhân, tôi và vợ tôi có làm hợp đồng công chứng chứng nhận một số khoản thu nhập sẽ là tài sản riêng của tôi. Hiện nay, tôi và vợ ly hôn, nhưng vợ tôi không có việc làm. Vậy cho tôi hỏi tôi có phải lấy tài sản riêng của mình để cấp dưỡng cho vợ hay không? Và mức cấp dưỡng là bao nhiêu? Rất mong nhận được phản hồi từ anh chị. Xin trân trọng cảm ơn!","Nghĩa vụ cấp dưỡng giữa vợ và chồng được quy định tại Điều 115 Luật Hôn nhân và Gia đình 2014 như sau:

Khi ly hôn nếu bên khó khăn, túng thiếu có yêu cầu cấp dưỡng mà có lý do chính đáng thì bên kia có nghĩa vụ cấp dưỡng theo khả năng của mình.

Theo quy định nêu trên, nếu sau khi ly hôn, vợ  bạn gặp khó khăn, túng thiếu (việc vợ bạn không có việc làm là căn cứ chứng minh cho sự khó khăn và túng thiếu), đồng thời muốn nhận cấp dưỡng từ bạn, thì bạn có nghĩa vụ cấp dưỡng theo khả năng của mình.

Về mức cấp dưỡng: Điều 116 Luật Hôn nhân và Gia đình 2014 quy định về mức cấp dưỡng cho vợ hoặc chồng sau khi ly hôn như sau:

1. Mức cấp dưỡng do người có nghĩa vụ cấp dưỡng và người được cấp dưỡng hoặc người giám hộ của người đó thỏa thuận căn cứ vào thu nhập, khả năng thực tế của người có nghĩa vụ cấp dưỡng và nhu cầu thiết yếu của người được cấp dưỡng; nếu không thỏa thuận được thì yêu cầu Tòa án giải quyết.

2. Khi có lý do chính đáng, mức cấp dưỡng có thể thay đổi. Việc thay đổi mức cấp dưỡng do các bên thỏa thuận; nếu không thỏa thuận được thì yêu cầu Tòa án giải quyết.

Như vậy , theo quy định của luật này thì sẽ phụ thuộc sự thỏa thuận giữa bên cấp dưỡng và bên nhận cấp dưỡng. Căn cứ để tính cấp dưỡng phụ thuộc vào thu nhập, khả năng thực tế của bạn và nhu cầu thiết yếu của người nhận cấp dưỡng là vợ bạn. Như vậy, lúc này việc cấp dưỡng sẽ phụ thuộc vào khả năng của bạn, do đó việc bạn có tài sản riêng là căn cứ để xét về khả năng và thu nhập. Nếu khi ly hôn mà vợ bạn yêu cầu được cấp dưỡng và đáp ứng được điều kiện theo quy định thì việc bạn có tài sản riêng cũng là căn cứ để chứng minh khả năng kinh tế của bạn để thực hiện việc cấp dưỡng.

Trên đây là nội dung tư vấn của chúng tôi về thắc mắc của bạn.

Trân trọng!",,,,,,,,,
"Xin chào anh chị! Tôi có thắc mắc như sau nhờ anh chị tư vấn. Anh Đức và chị Hoa kết hôn năm 2013. Trong thời gian hôn nhân, anh Đức có mua một căn nhà và giấy tờ căn nhà chỉ đứng tên anh. Năm 2018, anh Đức và chị Hoa ly hôn, anh đã trả cho chị giá trị của nửa căn nhà đó. Hiện giờ anh Đức muốn bán căn nhà đi mà không cần có sự đồng ý của chị Hoa được không? Xin cảm ơn!","Căn cứ theo quy định của Luật Hôn nhân và Gia đình 2014 thì vợ chồng có thể tự thỏa thuận với nhau về việc phân chia tài sản khi ly hôn.

Điều 35 Luật Hôn nhân và Gia đình 2014 quy định về việc định đoạt tài sản chung của vợ chồng như sau:

Điều 35. Chiếm hữu, sử dụng, định đoạt tài sản chung

1. Việc chiếm hữu, sử dụng, định đoạt tài sản chung do vợ chồng thỏa thuận.

2. Việc định đoạt tài sản chung phải có sự thỏa thuận bằng văn bản của vợ chồng trong những trường hợp sau đây:

a) Bất động sản;

b) Động sản mà theo quy định của pháp luật phải đăng ký quyền sở hữu;

c) Tài sản đang là nguồn tạo ra thu nhập chủ yếu của gia đình”.

Căn cứ vào điều này thì việc định đoạt tải sản chung của vợ chồng là bất động sản phải có sự thỏa thuận bằng văn bản của vợ chồng.

Đối với trường hợp của anh Đức và chị Hoa, 2 anh chị kết hôn năm 2013. Trong thời kì hôn nhân anh Đức mua nhà có đứng tên riêng anh. Nếu không có bất kỳ sự thỏa thuận nào bằng văn bản thì ngôi nhà này sẽ là tài sản chung của vợ chồng. Năm 2018, anh Đức chị Hoa ly hôn và anh Đức đã trả cho chị Hoa giá trị một nửa căn nhà theo thỏa thuận. Tuy nhiên, nếu thỏa thuận này chỉ bằng miệng, không có văn bản thỏa thuận nào được công chứng, chứng thực thì bây giờ nếu anh Đức muốn bán căn nhà, phải có chữ ký hoặc giấy ủy quyền của chị Hoa.

Trên đây là ý kiến tư vấn của chúng tôi về thắc mắc của bạn.

Trân trọng!",,,,,,,,,
"Chào anh chị! Hàng tháng, tôi có nhận tiền trợ cấp thương binh và gửi vào tài khoản tiết kiệm riêng đứng tên tôi. Hiện giờ, số tiền này khá lớn. Mới đây, tôi và vợ ly hôn. Vợ tôi đòi chia đôi khoản tiền này vì cho rằng đây là tài sản có trong thời kỳ hôn nhân. Vợ tôi nói như vậy có đúng không?","Theo Khoản 1 Điều 33 Luật Hôn nhân và Gia đình 2014 thì tài sản chung của vợ chồng gồm có:

- Tài sản do vợ, chồng tạo ra, thu nhập do lao động, hoạt động sản xuất, kinh doanh, hoa lợi, lợi tức phát sinh từ tài sản riêng và thu nhập hợp pháp khác trong thời kỳ hôn nhân, trừ trường hợp được quy định tại khoản 1 Điều 40 của Luật này; tài sản mà vợ chồng được thừa kế chung hoặc được tặng cho chung và tài sản khác mà vợ chồng thỏa thuận là tài sản chung.

- Quyền sử dụng đất mà vợ, chồng có được sau khi kết hôn là tài sản chung của vợ chồng, trừ trường hợp vợ hoặc chồng được thừa kế riêng, được tặng cho riêng hoặc có được thông qua giao dịch bằng tài sản riêng.

Khoản 3 Điều 11 Nghị định 126/2014/NĐ-CP hướng dẫn thi hành Luật Hôn nhân và gia đình (hướng dẫn Điều 43 Luật Hôn nhân và Gia đình 2014) quy định tài sản riêng khác củ vợ, chồng theo quy định của pháp luật còn là khoản trợ cấp, ưu đãi mà vợ, chồng được nhận theo quy định của pháp luật về ưu đãi người có công với cách mạng; quyền tài sản khác gắn liền với nhân thân của vợ, chồng.

Như vậy, theo các căn cứ trên, khoản tiền tiết kiệm riêng từ tiền trợ cấp thương binh là tài sản riêng của bạn và không phải chia khi ly hôn.

Trên đây là nội dung tư vấn của chúng tôi về thắc mắc của bạn.

Trân trọng!",,,,,,,,,
"Tôi và chồng đã ly hôn được hai tháng bởi bản án có hiệu lực của tòa, tuy nhiên chồng tôi mặc dù có đầy đủ khả năng về kinh tế nhưng lại không chịu thực hiện nghĩa vụ cấp dưỡng theo phán quyết của tòa, tôi phải làm như thế nào?","Căn cứ Khoản 1, 2 Điều 119 Luật hôn nhân và gia đình 2014 có quy định về việc người được cấp dưỡng, cha, mẹ hoặc người giám hộ của người đó, theo quy định của pháp luật về tố tụng dân sự, có quyền yêu cầu Tòa án buộc người không tự nguyện thực hiện nghĩa vụ cấp dưỡng phải thực hiện nghĩa vụ đó.

Cá nhân, cơ quan, tổ chức sau đây, theo quy định của pháp luật về tố tụng dân sự, có quyền yêu cầu Tòa án buộc người không tự nguyện thực hiện nghĩa vụ cấp dưỡng phải thực hiện nghĩa vụ đó:

- Người thân thích;

- Cơ quan quản lý nhà nước về gia đình;

- Cơ quan quản lý nhà nước về trẻ em;

- Hội liên hiệp phụ nữ.

Như vậy trong trường hợp người cha từ chối nghĩa vụ cấp dưỡng cho con sau khi ly hôn thì các tổ chức, cá nhân trên có quyền yêu cầu tòa án buộc người cha phải phải thực hiện nghĩa vụ cấp dưỡng.

Nếu người cha vẫn tiếp tục từ chối nghĩa vụ của mình thì căn cứ Điều 54 Nghị định 167/2013/NĐ-CP quy định về xử phạt hành chính với hành vi vi phạm quy định về chăm sóc nuôi dưỡng cấp dưỡng theo đó:

Phạt cảnh cáo hoặc phạt tiền từ 100.000 đồng đến 300.000 đồng đối với một trong những hành vi sau đây:

- Từ chối hoặc trốn tránh nghĩa vụ cấp dưỡng giữa vợ và chồng sau khi ly hôn; từ chối hoặc trốn tránh nghĩa vụ nuôi dưỡng giữa anh, chị, em với nhau, giữa ông bà nội, ông bà ngoại và cháu theo quy định của pháp luật.

- Từ chối hoặc trốn tránh nghĩa vụ cấp dưỡng, nuôi dưỡng cha, mẹ; nghĩa vụ cấp dưỡng, chăm sóc con sau khi ly hôn theo quy định của pháp luật.

Sau khi bị xử phạt hành chính về hành vi trên nếu người cha vẫn tiếp tục không chịu thực hiện nghĩa vụ cấp dưỡng thì căn cứ Khoản 37 Điều 1 Luật sửa đổi bổ sung Bộ luật hình sự 2017 có quy định:

Người nào có nghĩa vụ cấp dưỡng và có khả năng thực tế để thực hiện việc cấp dưỡng đối với người mà mình có nghĩa vụ cấp dưỡng theo quy định của pháp luật mà từ chối hoặc trốn tránh nghĩa vụ cấp dưỡng, làm cho người được cấp dưỡng lâm vào tình trạng nguy hiểm đến tính mạng, sức khỏe hoặc đã bị xử phạt vi phạm hành chính về một trong các hành vi quy định tại Điều này mà còn vi phạm, nếu không thuộc trường hợp quy định tại Điều 380 của Bộ luật này, thì bị phạt cảnh cáo, phạt cải tạo không giam giữ đến 02 năm hoặc phạt tù từ 03 tháng đến 02 năm

Như vậy nếu ngoan cố không chịu cấp dưỡng cho con mặc dù có khả năng thực tế thì người cha sẽ bị truy cứu trách nhiệm hình sự về hành vi của mình.

Trên đây là quan điểm tư vấn của chúng tôi về vấn đề mà chị thắc mắc.

Trân trọng!",,,,,,,,,
"Tôi và chồng đã ly hôn, sau khi ly hôn được 4 tháng thì tôi có sinh ra một đứa con trai là con chung giữa tôi và anh ấy, vừa qua chồng cũ tôi bị tai nạn giao thông qua đời không để lại di chúc, tôi muốn hỏi con tôi có được hưởng thừa kế từ người cha của nó không?","Trong trường hợp này căn cứ Khoản 1 Điều 88 Luật hôn nhân và gia đình 2014 có quy định:

- Con sinh ra trong thời kỳ hôn nhân hoặc do người vợ có thai trong thời kỳ hôn nhân là con chung của vợ chồng.

Con được sinh ra trong thời hạn 300 ngày kể từ thời điểm chấm dứt hôn nhân được coi là con do người vợ có thai trong thời kỳ hôn nhân.

Con sinh ra trước ngày đăng ký kết hôn và được cha mẹ thừa nhận là con chung của vợ chồng

Theo đó trong trường hợp này con của bạn được xác định là con chung giữa hai vợ chồng do bạn đã mang thai trong thời kỳ hôn nhân, căn cứ quy định tại Điểm a Khoản 1 Điều 651 Bộ luật dân sự 2015 có quy định:

Những người thừa kế theo pháp luật được quy định theo thứ tự sau đây:

- Hàng thừa kế thứ nhất gồm: vợ, chồng, cha đẻ, mẹ đẻ, cha nuôi, mẹ uôi, con đẻ, con nuôi của người chết

Như vậy cn của bạn được hưởng thừa kế theo pháp luật và sẽ được hưởng được một suất thừa kế tương ứng với phần di sản mà người cha đã mất để lại.

Ban biên tập xin được thông tin đến bạn.

Trân trọng!",,,,,,,,,
"Tôi là người thành phố, vợ tôi là người ở tỉnh lẻ lên thành phố học tập và lập nghiệp. Hai năm trước, mẹ tôi có kêu tôi (chỉ mình tôi) đến nhà và cho riêng tôi một số tiền để mua một chiếc xe ô tô (không có liên quan gì đến vợ cả). Nay vợ chồng tôi phát sinh mâu thuẫn và phải đưa nhau ra tòa li dị. Xin hỏi chiếc xe mà mẹ tôi cho tiền tôi mua có phải chia cho vợ không?","Theo quy định tại Luật Hôn nhân và gia đình 2014 thì tài sản chung của vợ chồng gồm tài sản do vợ, chồng tạo ra, thu nhập do lao động, hoạt động sản xuất, kinh doanh, hoa lợi, lợi tức phát sinh từ tài sản riêng và thu nhập hợp pháp khác trong thời kỳ hôn nhân (trừ một số trường hợp nhất định); tài sản mà vợ chồng được thừa kế chung hoặc được tặng cho chung và tài sản khác mà vợ chồng thỏa thuận là tài sản chung.

Quyền sử dụng đất mà vợ, chồng có được sau khi kết hôn là tài sản chung của vợ chồng, trừ trường hợp vợ hoặc chồng được thừa kế riêng, được tặng cho riêng hoặc có được thông qua giao dịch bằng tài sản riêng.

Trong trường hợp không có căn cứ để chứng minh tài sản mà vợ, chồng đang có tranh chấp là tài sản riêng của mỗi bên thì tài sản đó được coi là tài sản chung.

Như vậy: Căn cứ quy định được trích dẫn trên đây thì trường hợp tài sản mà vợ chồng được tặng cho chung thì tài sản đó sẽ được xác định là tài sản chung của vợ chồng trong thời kỳ hôn nhân.

Mặt khác, theo quy định tại Điều 43 Luật Hôn nhân và gia đình 2014 thì tài sản riêng của vợ, chồng gồm tài sản mà mỗi người có trước khi kết hôn; tài sản được thừa kế riêng, được tặng cho riêng trong thời kỳ hôn nhân; tài sản được chia riêng cho vợ, chồng theo quy định của pháp luật; tài sản phục vụ nhu cầu thiết yếu của vợ, chồng và tài sản khác mà theo quy định của pháp luật thuộc sở hữu riêng của vợ, chồng.

Tài sản được hình thành từ tài sản riêng của vợ, chồng cũng là tài sản riêng của vợ, chồng. Hoa lợi, lợi tức phát sinh từ tài sản riêng trong thời kỳ hôn nhân được thực hiện theo quy định của pháp luật.

Như vậy: Căn cứ quy định được trích dẫn trên đây thì trường hợp tài sản mà vợ, chồng được tặng cho riêng trong thời kỳ hôn nhân thì tài sản đó sẽ được xác định là tài sản riêng của vợ chồng trong thời kỳ hôn nhân.

Mà theo như thông tin bạn cung cấp cho chúng tôi thì hai năm trước, mẹ bạn có kêu tôi (chỉ mình bạn) đến nhà và cho riêng bạn một số tiền để mua một chiếc xe ô tô (không có liên quan gì đến vợ bạn cả).

Do đó: Nếu bạn có căn cứ để chứng minh số tiền mà bạn dùng mua ô tô là được mẹ của bạn cho riêng một mình bạn (không có liên quan gì đến vợ bạn) trong thời kỳ hôn nhân thì chiếc xe ô tô này sẽ được xác định là tài sản riêng của bạn trong thời kỳ hôn nhân.

Đồng nghĩa, nó không được xác định là tài sản chung của vợ chồng bạn trong thời kỳ hôn nhân. Nên trường hợp vợ chồng bạn phát sinh mâu thuẫn và phải đưa nhau ra tòa ty hôn thì chiếc xe này sẽ không được tính là tài sản chung để chia cho vợ bạn khi ly hôn.

Trên đây là quan điểm tư vấn của chúng tôi đối với vấn đề mà bạn đang thắc mắc.

Trân trọng!",,,,,,,,,
"Sau khi tốt nghiệp ra trường đi làm được một thời gian. Sau khi cưới chồng, tôi ở nhà nội trợ. Nay vì cuộc sống hôn nhân không hạnh phúc nên vợ chồng tôi ly hôn. Trong thời gian chung sống, tôi không đóng góp gì nhiều cho việc tạo ra tài sản chung của 2 vợ chồng. Vậy Ban biên tập cho tôi hỏi. Với trường hợp của tôi có được chia tài sản gì khi ly hôn không?","Theo quy định tại Điều 33 Luật hôn nhân và gia đình 2014, có quy định về tài sản chung của vợ chồng như sau:

- Tài sản chung của vợ chồng gồm tài sản do vợ, chồng tạo ra, thu nhập do lao động, hoạt động sản xuất, kinh doanh, hoa lợi, lợi tức phát sinh từ tài sản riêng và thu nhập hợp pháp khác trong thời kỳ hôn nhân, trừ trường hợp được quy định tại khoản 1 Điều 40 của Luật này; tài sản mà vợ chồng được thừa kế chung hoặc được tặng cho chung và tài sản khác mà vợ chồng thỏa thuận là tài sản chung.

Quyền sử dụng đất mà vợ, chồng có được sau khi kết hôn là tài sản chung của vợ chồng, trừ trường hợp vợ hoặc chồng được thừa kế riêng, được tặng cho riêng hoặc có được thông qua giao dịch bằng tài sản riêng.

- Tài sản chung của vợ chồng thuộc sở hữu chung hợp nhất, được dùng để bảo đảm nhu cầu của gia đình, thực hiện nghĩa vụ chung của vợ chồng.

- Trong trường hợp không có căn cứ để chứng minh tài sản mà vợ, chồng đang có tranh chấp là tài sản riêng của mỗi bên thì tài sản đó được coi là tài sản chung.

=> Như vậy, tuy bạn không đóng góp gì việc tạo ra tài sản trong thời kỳ hôn nhân, bạn chỉ ở nhà nội trợ nhưng những tài sản vợ chồng bạn có được sau khi kết hôn vẫn có thể là tài sản thuộc sở hữu của bạn.

Việc phân chia tài sản của vợ chồng khi ly hôn được quy định tại Điều 59 Luật Hôn nhân và gia đình 2014, có nêu:

- Tài sản chung của vợ chồng được chia đôi nhưng có tính đến các yếu tố sau đây:

+ Hoàn cảnh của gia đình và của vợ, chồng;

+ Công sức đóng góp của vợ, chồng vào việc tạo lập, duy trì và phát triển khối tài sản chung. Lao động của vợ, chồng trong gia đình được coi như lao động có thu nhập;

+ Bảo vệ lợi ích chính đáng của mỗi bên trong sản xuất, kinh doanh và nghề nghiệp để các bên có điều kiện tiếp tục lao động tạo thu nhập;

+ Lỗi của mỗi bên trong vi phạm quyền, nghĩa vụ của vợ chồng

=> Như vậy, tuy bạn chỉ ở nhà nội trợ nhưng khi chia tài sản khi ly hôn của vợ chồng bạn, bạn vẫn được chia và nhận phần tài sản của mình. Tòa sẽ dựa vào các yếu tố như hoàn cảnh của bạn, công sức đóng góp của bạn vào tài sản chung đó, việc bạn ở nhà nội trợ cũng góp một phần đóng góp để chồng bạn tạo ra tài sản.

Ban biên tập phản hồi thông tin đến bạn.",,,,,,,,,
"Từ vụ ly hôn của ông Vũ và bà Thảo thì cơ cở pháp lý nào để Tòa buộc bà Thảo chuyển nhượng phần vốn góp của mình lại cho ông Vũ?
Rất mong các anh chị luật sư giải đáp giúp em.
Em cảm ơn!","Khoản 2, 3 Điều 59 Luật Hôn nhân Gia đình 2014 quy định:

2. Tài sản chung của vợ chồng được chia đôi nhưng có tính đến các yếu tố sau đây:

a) Hoàn cảnh của gia đình và của vợ, chồng;

b) Công sức đóng góp của vợ, chồng vào việc tạo lập, duy trì và phát triển khối tài sản chung. Lao động của vợ, chồng trong gia đình được coi như lao động có thu nhập;

c) Bảo vệ lợi ích chính đáng của mỗi bên trong sản xuất, kinh doanh và nghề nghiệp để các bên có điều kiện tiếp tục lao động tạo thu nhập;

d) Lỗi của mỗi bên trong vi phạm quyền, nghĩa vụ của vợ chồng.

3. Tài sản chung của vợ chồng được chia bằng hiện vật, nếu không chia được bằng hiện vật thì chia theo giá trị; bên nào nhận phần tài sản bằng hiện vật có giá trị lớn hơn phần mình được hưởng thì phải thanh toán cho bên kia phần chênh lệch.

Khoản 18 Luật Doanh nghiệp 2014 quy định:

Người quản lý doanh nghiệp là người quản lý công ty và người quản lý doanh nghiệp tư nhân, bao gồm chủ doanh nghiệp tư nhân, thành viên hợp danh, Chủ tịch Hội đồng thành viên, thành viên Hội đồng thành viên, Chủ tịch công ty, Chủ tịch Hội đồng quản trị, thành viên Hội đồng quản trị, Giám đốc hoặc Tổng giám đốc và cá nhân giữ chức danh quản lý khác có thẩm quyền nhân danh công ty ký kết giao dịch của công ty theo quy định tại Điều lệ công ty.

Như vậy, việc chuyển nhượng cổ phần sẽ do pháp luật doanh nghiệp điều chỉnh, theo đó trong công ty cổ phần, người quản lý công ty bao gồm Chủ tịch Hội đồng quản trị, thành viên Hội đồng quản trị, Giám đốc hoặc Tổng giám đốc và cá nhân giữ chức danh quản lý khác có thẩm quyền nhân danh công ty ký kết giao dịch của công ty theo quy định tại Điều lệ công ty.

Ở đây, trong một vụ án ly hôn thì Tòa án chỉ giải quyết phân chia tài sản, con cái. Cổ phần là tài sản nên có thể được chia, tuy nhiên Tòa không thể buộc một bên chuyển giao quyền quản lý công ty hay chuyển nhượng phần vốn góp của mình lại cho bên kia khi ly hôn, đây là vấn đề liên quan đến quản trị nội bộ công ty, sẽ được giải quyết bằng một bản án về kinh doanh, thương mại khác.

Trân trọng!",,,,,,,,,
"Gần đây tôi có theo dõi về một vụ án ly hôn của một doanh nhân có tiếng.  Tôi có một số thắc mắc Ban biên tập cho tôi hỏi, trong trường hợp một bên vợ hoặc chồng trong vụ án ly hôn cho rằng tài sản A, B gì đó là tài sản riêng của họ thì phải chứng minh như thế nào? Trong trường hợp không chứng minh được thì ra làm sao?","Tại Luật hôn nhân gia đình 2014 và Nghị định 126/2014/NĐ-CP có quy định về tài sản riêng của vợ chồng trong thời kỳ hôn nhân như sau:

- Tài sản mà mỗi người có trước khi kết hôn;

- Tài sản được thừa kế riêng, được tặng cho riêng trong thời kỳ hôn nhân;

- Tài sản được chia riêng cho vợ, chồng theo quy định tại các điều 38, 39 và 40 của Luật này;

- Tài sản phục vụ nhu cầu thiết yếu của vợ, chồng và tài sản khác mà theo quy định của pháp luật thuộc sở hữu riêng của vợ, chồng.

Ngoài ra những tài sản được hình thành từ tài sản riêng của vợ, chồng cũng là tài sản riêng của vợ, chồng. Hoa lợi, lợi tức phát sinh từ tài sản riêng trong thời kỳ hôn nhân được thực hiện theo quy định tại khoản 1 Điều 33 và khoản 1 Điều 40 của Luật này.

Đồng thời theo qui định tại Điều 11 Nghị định 126/2014/NĐ-CP về tài sản riêng của vợ, chồng trong thời kỳ hôn nhân gồm:

- Quyền tài sản đối với đối tượng sở hữu trí tuệ theo qui định của pháp luật sở hữu trí tuệ.

- Tài sản mà vợ, chồng xác lập quyền sở hữu riêng theo bản án, quyết định của Tòa án hoặc cơ quan có thẩm quyền khác.

- Khoản trợ cấp, ưu đãi mà vợ chồng nhận được theo qui định của pháp luật về ưu đãi người có công với cách mạng, quyền tài sản khác gắn liền với nhân thân của vợ, chồng

Và theo nguyên tắc giải quyết chia tài sản của vợ, chồng khi ly hôn, được quy định tại điều 59 Luật Hôn nhân và gia đình 2014 thì tài sản được chia theo thỏa thuận, nếu không thỏa thuận được thì chia đôi nhưng dựa vào hoàn cảnh của gia đình vợ, chồng, công sức đóng góp,  bảo vệ lợi ích của mỗi bên trong sản xuất kinh doanh và nghề nghiệp để các bên có điều kiện tiếp tục lao động tạo thu nhập,....

Trong trường hợp một bên vợ hoặc chồng trong vụ án ly hôn cho rằng tài sản hai bên vợ chồng đang tranh chấp là tài sản riêng của mình thì người chồng hoặc người vợ đó có trách nhiệm đưa ra các chứng cứ, tài liệu để chứng minh tài sản đó là tài sản riêng của mình (Theo quy định tại Khoản 5 Điều 70 Bộ luật tố tụng dân sự 2015 về quyền và nghĩa vụ của đương sự trong đó có: Cung cấp tài liệu, chứng cứ; chứng minh để bảo vệ quyền và lợi ích hợp pháp của mình.)

Vậy nên, trường hợp một bên vợ hoặc chồng trong vụ án ly hôn khẳng định tài sản mà vợ chồng đang tranh chấp nhưng không chứng minh được đó là tài sản riêng thì tài sản đó được xác định là tài sản chung.

Ban biên tập phản hồi thông tin đến bạn.",,,,,,,,,
"Xin cho hỏi: Tôi lấy chồng cách đây 05 năm,. sinh được 1 bé trai 02 tuổi, tôi chỉ ở nhà nội trợ, còn mọi chi phí trong gia đình đều do chồng tôi đi làm mà có. Nhưng giờ đây chúng tôi sống không hạnh phúc và định ly hôn. Vậy tôi có được chia tài sản không?","Theo quy định tại Luật hôn nhân và gia đình 2014 thì tài sản chung của vợ chồng gồm tài sản do vợ, chồng tạo ra, thu nhập do lao động, hoạt động sản xuất, kinh doanh, hoa lợi, lợi tức phát sinh từ tài sản riêng và thu nhập hợp pháp khác trong thời kỳ hôn nhân, trừ trường hợp vợ chồng có thỏa thuận chia tài sản chung trong thời kỳ hôn nhân; tài sản mà vợ chồng được thừa kế chung hoặc được tặng cho chung và tài sản khác mà vợ chồng thỏa thuận là tài sản chung.

Quyền sử dụng đất mà vợ, chồng có được sau khi kết hôn là tài sản chung của vợ chồng, trừ trường hợp vợ hoặc chồng được thừa kế riêng, được tặng cho riêng hoặc có được thông qua giao dịch bằng tài sản riêng.

Tài sản chung của vợ chồng thuộc sở hữu chung hợp nhất, được dùng để bảo đảm nhu cầu của gia đình, thực hiện nghĩa vụ chung của vợ chồng. Trong trường hợp không có căn cứ để chứng minh tài sản mà vợ, chồng đang có tranh chấp là tài sản riêng của mỗi bên thì tài sản đó được coi là tài sản chung.

Như vậy: Căn cứ quy định được trích dẫn trên đây thì thu nhập của vợ, chồng phát sinh trong thời kỳ hôn nhân về nguyên tắc sẽ được xác định là tài sản chung của vợ chồng. Trừ trường hợp vợ chồng có thỏa thuận khác hợp pháp hoặc vợ, chồng có căn cứ để chứng minh đó là tài sản riêng.

Khi ly hôn, nếu chế độ tài sản của vợ chồng theo luật định thì việc giải quyết tài sản do các bên thỏa thuận; nếu không thỏa thuận được thì theo yêu cầu của vợ, chồng hoặc của hai vợ chồng, Tòa án giải quyết theo quy định của pháp luật.

Trong trường hợp chế độ tài sản của vợ chồng theo thỏa thuận thì việc giải quyết tài sản khi ly hôn được áp dụng theo thỏa thuận đó; nếu thỏa thuận không đầy đủ, rõ ràng thì áp dụng quy định của pháp luật.

Theo đó, tài sản chung của vợ chồng về nguyên tắc sẽ được chia đôi nhưng có tính đến các yếu tố sau đây:

- Hoàn cảnh của gia đình và của vợ, chồng;

- Công sức đóng góp của vợ, chồng vào việc tạo lập, duy trì và phát triển khối tài sản chung. Lao động của vợ, chồng trong gia đình được coi như lao động có thu nhập;

- Bảo vệ lợi ích chính đáng của mỗi bên trong sản xuất, kinh doanh và nghề nghiệp để các bên có điều kiện tiếp tục lao động tạo thu nhập;

- Lỗi của mỗi bên trong vi phạm quyền, nghĩa vụ của vợ chồng.

Như vậy: Căn cứ các dẫn chứng trên đây thì có thể xác định lao động của người vợ, chồng trong gia đình được coi như lao động có thu nhập.

Mặt khác, theo quy định tại Thông tư liên tịch 01/2016/TTLT-TANDTC-VKSNDTC-BTP thì người vợ hoặc chồng ở nhà chăm sóc con, gia đình mà không đi làm được tính là lao động có thu nhập tương đương với thu nhập của chồng hoặc vợ đi làm.

Như vậy: Trường hợp người vợ (hoặc chồng) ở nhà nội trợ, chăm sóc gia đình, con cái vẫn được tính là có thu nhập tương đương với thu nhập của người đi làm. Nên vẫn được xác định là đã có công chức đóng góp vào việc tạo lập, duy trì và phát triển khối tài sản chung trong gia đình tương đương với người chồng (hoặc vợ) đi làm.

Do đó: Trường hợp bạn chỉ ở nhà nội trợ thì vẫn được xác định là lao động có thu nhập và có ông chức đóng góp vào việc tạo lập, duy trì và phát triển khối tài sản chung trong gia đình như chồng bạn. Nên nếu hai vợ chồng bạn sống với nhau không hạnh phúc và dẫn đến phải ly hôn, thì bạn vẫn có quyền được chia tài sản chung của hai vợ chồng tạo lập trong thời kỳ hôn nhân theo thỏa thuận của hai vợ chồng hoặc theo phát quyết của Tòa án.

Trên đây là quan điểm tư vấn của chúng tôi đối với vấn đề mà bạn đang thắc mắc.

Trân trọng!",,,,,,,,,
"Trong thời gian kết hôn, bố mẹ chồng có cho vợ chồng tôi một căn nhà. Căn nhà cũng đã sang tên cho chồng tôi. Hiện vợ chồng tôi đang chuẩn bị làm thủ tục ly hôn do anh có hành vi ngoại tình, vậy tôi có được hưởng tài sản là căn nhà đã được bố mẹ chồng cho trong thời kỳ hôn nhân?","Điều 33 Luật Hôn nhân Gia đình 2014 quy định:

1. Tài sản chung của vợ chồng gồm tài sản do vợ, chồng tạo ra, thu nhập do lao động, hoạt động sản xuất, kinh doanh, hoa lợi, lợi tức phát sinh từ tài sản riêng và thu nhập hợp pháp khác trong thời kỳ hôn nhân, trừ trường hợp được quy định tại khoản 1 Điều 40 của Luật này; tài sản mà vợ chồng được thừa kế chung hoặc được tặng cho chung và tài sản khác mà vợ chồng thỏa thuận là tài sản chung.

Quyền sử dụng đất mà vợ, chồng có được sau khi kết hôn là tài sản chung của vợ chồng, trừ trường hợp vợ hoặc chồng được thừa kế riêng, được tặng cho riêng hoặc có được thông qua giao dịch bằng tài sản riêng.

2. Tài sản chung của vợ chồng thuộc sở hữu chung hợp nhất, được dùng để bảo đảm nhu cầu của gia đình, thực hiện nghĩa vụ chung của vợ chồng.

3. Trong trường hợp không có căn cứ để chứng minh tài sản mà vợ, chồng đang có tranh chấp là tài sản riêng của mỗi bên thì tài sản đó được coi là tài sản chung.

Quy định này có thể hiểu, nếu bố mẹ chồng chỉ ghi nhận việc cho nhà là chỉ cho con trai thì con dâu sẽ không được hưởng. Nếu việc tặng cho không ghi nhận việc này hoặc không có căn cứ cụ thể về việc tặng cho riêng thì tài sản sẽ được coi là tài sản chung của hai vợ chồng do đây là tài sản hình thành trong quá trình hôn nhân.

Do đó, khi ly hôn nếu đã xác định được đây là tài sản riêng của chồng thì căn nhà này vẫn thuộc về chồng bạn, bạn không được quyền chia tài sản. Trường hợp chồng bạn không chứng minh được là tài sản riêng thì xác định là tài sản chung của hai vợ chồng, khi đó, căn nhà sẽ được chia theo nguyên tắc chia đôi.

Trân trọng!",,,,,,,,,
"Theo thường lệ thì khi ly hôn chồng sẽ là người cấp dưỡng cho vợ. Tuy nhiên đối với trường hợp của em thì lại khác, chồng em thì không có khả năng tài chính. Vậy Ban tư vấn cho em hỏi khi ly hôn vợ có phải cấp dưỡng cho chồng không? Mong sớm nhận được phản hồi từ Ban tư vấn. Chân thành cảm ơn!
Thùy Linh - Đồng Nai","Theo quy định tại Điều 115 Luật Hôn nhân và Gia đình 2014 về nghĩa vụ cấp dưỡng giữa vợ và chồng khi ly hôn:

Khi ly hôn nếu bên khó khăn, túng thiếu có yêu cầu cấp dưỡng mà có lý do chính đáng thì bên kia có nghĩa vụ cấp dưỡng theo khả năng của mình.

==> Như vậy, theo quy định của pháp luật thì không phân biệt ai phải cấp dưỡng sau khi ly hôn. Pháp luật chỉ quy định khi ly hôn nếu bên khó khăn, túng thiếu có yêu cầu cấp dưỡng mà có lý do chính đáng thì bên kia có nghĩa vụ cấp dưỡng. Do đó nếu như chồng bạn khi ly hôn mà gặp khó khăn, túng thiếu thì bạn vẫn phải cấp dưỡng cho chông theo khả năng của mình. Mức cấp dưỡng sẽ do 2 bên thỏa thuận, nếu không thỏa thuận được thì yêu cầu Tòa án giải quyết. Việc cấp dưỡng có thể được thực hiện định kỳ hàng tháng, hàng quý, nửa năm, hàng năm hoặc một lần.

Mong rằng những tư vấn của chúng tôi sẽ giúp giải đáp được những vướng mắc của bạn.

Chúc sức khỏe và thành công!",,,,,,,,,
"Xin chào luật sư, tôi muốn hỏi vấn đề sau đây. Tôi và chồng trong quá trình sống chung với nhau có tạo lập được một số tài sản như ô tô, nhà, đất nhưng tất cả đều được đứng tên chồng tôi, tôi không đứng tên. Vậy nếu tôi và anh ly hôn thì tôi có được chia số tài sản trên hay không?","Theo quy định tại Điều 34 Luật Hôn nhân và gia đình 2014 thì trong thời kỳ hôn nhân, trường hợp tài sản thuộc sở hữu chung của vợ chồng mà pháp luật quy định phải đăng ký quyền sở hữu, quyền sử dụng thì giấy chứng nhận quyền sở hữu, giấy chứng nhận quyền sử dụng phải ghi tên cả hai vợ chồng, trừ trường hợp vợ chồng có thỏa thuận khác.

Theo quy định của pháp luật hiện hành thì các tài sản là ô tô, nhà, đất thuộc các trường hợp phải đăng ký quyền sở hữu, quyền sử dụng theo quy định của pháp luật.

Do đó: Các tài sản là ô tô, nhà, đất mà vợ chồng tạo lập trong thời kỳ hôn nhân và được xác định là thuộc sở hữu chung của vợ chồng thì giấy chứng nhận quyền sở hữu, giấy chứng nhận quyền sử dụng phải ghi tên cả hai vợ chồng.

Trường hợp vợ chồng có thỏa thuận khác về việc để một bên vợ hoặc chồng đứng tên trên giấy chứng nhận quyền sở hữu, giấy chứng nhận quyền sử dụng thì thực hiện theo thỏa thuận đó. Nhưng việc thỏa thuận này không làm mất quyền sở hữu, quyền sử dụng của vợ hoặc chồng (người không đứng tên trên giấy chứng nhận) đối với tài sản đó.

Mặt khác, theo quy định tại Điều 33 Luật Hôn nhân và gia đình 2014 thì tài sản chung của vợ chồng gồm tài sản do vợ, chồng tạo ra, thu nhập do lao động, hoạt động sản xuất, kinh doanh, hoa lợi, lợi tức phát sinh từ tài sản riêng và thu nhập hợp pháp khác trong thời kỳ hôn nhân, trừ trường hợp vợ chồng có thỏa thuận chia tài sản chung trong thời kỳ hôn nhân; tài sản mà vợ chồng được thừa kế chung hoặc được tặng cho chung và tài sản khác mà vợ chồng thỏa thuận là tài sản chung.

Quyền sử dụng đất mà vợ, chồng có được sau khi kết hôn là tài sản chung của vợ chồng, trừ trường hợp vợ hoặc chồng được thừa kế riêng, được tặng cho riêng hoặc có được thông qua giao dịch bằng tài sản riêng.

Trong trường hợp không có căn cứ để chứng minh tài sản mà vợ, chồng đang có tranh chấp là tài sản riêng của mỗi bên thì tài sản đó được coi là tài sản chung.

Như vậy: Căn cứ các quy định trên đây thì trường hợp vợ chồng có tranh chấp về việc xác định một tài sản là tài sản chung hay là tài sản riêng của vợ chồng, nếu không có căn cứ để chứng minh tài sản đang tranh chấp là tài sản riêng của vợ hoặc chồng thì tài sản đó được coi là tài sản chung.

Do đó: Đối với trường hợp vợ chồng bạn trong quá trình sống chung với nhau có tạo lập được một số tài sản như ô tô, nhà, đất nhưng tất cả đều được đứng tên chồng bạn, bạn không đứng tên. Nên nếu chồng bạn không chứng minh được đó là tài sản riêng của anh ấy thì tài sản đó vẫn được xem là tài sản dung của vợ chồng bạn và khi ly hôn thì hai người có thể thỏa thuận về việc chia tài sản hoặc có thể nhờ Tòa án giải quyết nếu không thỏa thuận được.

Trên đây là quan điểm tư vấn của chúng tôi đối với vấn đề mà bạn đang thắc mắc.

Trân trọng!",,,,,,,,,
Cho em hỏi về luật li dị. Bố mẹ em cưới nhau 30 năm rồi và có 5 người con gái. Giờ bố mẹ em muốn li dị. Mà đúng hơn là mẹ em muốn li dị (chắc bố cũng đồng ý ngay) vì lí do bố em ngoại tình có con riêng và hay đánh đập mẹ em. Và cho em hỏi về phần chia tài sản thế nào. Cụ thể là về 1 miếng đất tự tân tạo của 2 người và đất chưa có sổ đỏ.,"Khoản 1 Điều 56 Luật Hôn nhân Gia đình 2014 quy định:

Khi vợ hoặc chồng yêu cầu ly hôn mà hòa giải tại Tòa án không thành thì Tòa án giải quyết cho ly hôn nếu có căn cứ về việc vợ, chồng có hành vi bạo lực gia đình hoặc vi phạm nghiêm trọng quyền, nghĩa vụ của vợ, chồng làm cho hôn nhân lâm vào tình trạng trầm trọng, đời sống chung không thể kéo dài, mục đích của hôn nhân không đạt được.

Về phân chia tài sản khi ly hôn: Theo Điều 59 Luật Hôn nhân Gia đình 2014 thì nếu không có thỏa thuận khác, tài sản chung của vợ chồng được chia đôi nhưng có tính đến các yếu tố sau đây:

a) Hoàn cảnh của gia đình và của vợ, chồng;

b) Công sức đóng góp của vợ, chồng vào việc tạo lập, duy trì và phát triển khối tài sản chung. Lao động của vợ, chồng trong gia đình được coi như lao động có thu nhập;

c) Bảo vệ lợi ích chính đáng của mỗi bên trong sản xuất, kinh doanh và nghề nghiệp để các bên có điều kiện tiếp tục lao động tạo thu nhập;

d) Lỗi của mỗi bên trong vi phạm quyền, nghĩa vụ của vợ chồng.

Như vậy, trong trường hợp này bố bạn có hành vi ngoại tình, có con riêng và hay đánh đập mẹ bạn đây là căn cứ để Tòa án xem xét giải quyết cho ly hôn. Khi ly hôn thì về nguyên tắc tài sản sẽ chia đều, có tính đến các yếu tố như công sức đóng góp, lỗi của các bên...

Trân trọng!",,,,,,,,,
"Do nhiều mâu thuẫn xảy ra nên tôi và chồng tôi quyết định ly hôn, khi ra tòa thì chúng tôi có tranh chấp về tài sản là mảnh đất, về án phí ly hôn thì tôi đã nộp, tuy nhiên tôi muốn biết về mức án phí khi tranh chấp mảnh đất trị giá 900 triệu sẽ là bao nhiêu? Mong sớm nhận được phản hồi.","Tại Nghị quyết 326/2016/UBTVQH14 quy định về mức thu, miễn, giảm, thu, nộp, quản lý và sử dụng án phí và lệ phí Tòa án do Ủy ban Thường vụ Quốc hội ban hành, có quy định về án phí như sau:

=> Theo đó, bạn có nói là hai bạn đang tranh chấp mảnh đất trị giá 900 triệu, theo như trên có phân tích thì bạn sẽ phải nộp mức án phí là:

Stt

Tên án phí

Mức thu

1.3

Đối với tranh chấp về dân sự, hôn nhân và gia đình có giá ngạch

a

Từ 6.000.000 đồng trở xuống

300.000 đồng

b

Từ trên 6.000.000 đồng đến 400.000.000 đồng

5% giá trị tài sản có tranh chấp

c

Từ trên 400.000.000 đồng đến 800.000.000 đồng

20.000. 000 đồng + 4% của phầngiá trị tài sản có tranh chấp vượt quá 400.000.000 đồng

d

Từ trên 800.000.000 đồng đến 2.000.000.000 đồng

36.000.000 đồng + 3% của phần giá trị tài sản có tranh chấp vượt 800.000.000 đồng

đ

Từ trên 2.000.000.000 đồng đến 4.000.000.000 đồng

72.000.000 đồng + 2% của phần giá trị tài sản có tranh chấp vượt 2.000.000.000 đồng

e

Từ trên 4.000.000.000 đồng

112.000.000 đồng + 0,1% của phần giá trị tài sản tranh chấp vượt 4.000.000.000 đồng.

=> Mức án phí bạn phải đóng là: 36.000.000 đồng + 3% của phần giá trị tài sản có tranh chấp vượt quá 800.000.000 đồng = 36.000.000 đồng + 3% * 100.000.000= 39.000.000 đồng.

Như vậy, mức án phí bạn phải nộp khi tranh chấp mãnh đất 900 triệu là 39.000.000 đồng.

Theo đó, bạn cũng nên tham khảo thêm Điều 26 Nghị quyết 326/2016/UBTVQH14 có quy định về nghĩa vụ chịu án phí dân sự sơ thẩm như sau:

- Đương sự phải chịu án phí dân sự sơ thẩm đối với yêu cầu của họ không được Tòa án chấp nhận, trừ trường hợp được miễn hoặc không phải chịu án phí sơ thẩm.

- Bị đơn phải chịu toàn bộ án phí dân sự sơ thẩm trong trường hợp toàn bộ yêu cầu của nguyên đơn được Tòa án chấp nhận.

- Nguyên đơn phải chịu toàn bộ án phí dân sự sơ thẩm trong trường hợp toàn bộ yêu cầu của nguyên đơn không được Tòa án chấp nhận.

- Nguyên đơn phải chịu án phí dân sự sơ thẩm tương ứng với phần yêu cầu không được Tòa án chấp nhận. Bị đơn phải chịu án phí dân sự sơ thẩm tương ứng với phần yêu cầu của nguyên đơn đối với bị đơn được Tòa án chấp nhận.

Trên đây là nội dung tư vấn.

Trân trọng!",,,,,,,,,
"Xin luật sư giúp đỡ mẹ con chúng tôi: Tôi và chồng lấy nhau nhưng không hanh phúc, có một bé gái 3 tuổi. Tôi muốn ly hôn nhưng tất cả tài sản nhà đất mà vợ chồng mua đều chỉ có chồng tôi đứng tên. Vậy liệu nếu tôi ly hôn thì tôi có được chia số tài sản trên không?","Tại Điều 34 Luật hôn nhân và gia đình 2014 có quy định:

""Điều 34. Đăng ký quyền sở hữu, quyền sử dụng đối với tài sản chung

1. Trong trường hợp tài sản thuộc sở hữu chung của vợ chồng mà pháp luật quy định phải đăng ký quyền sở hữu, quyền sử dụng thì giấy chứng nhận quyền sở hữu, giấy chứng nhận quyền sử dụng phải ghi tên cả hai vợ chồng, trừ trường hợp vợ chồng có thỏa thuận khác.

2. Trong trường hợp giấy chứng nhận quyền sở hữu, giấy chứng nhận quyền sử dụng tài sản chỉ ghi tên một bên vợ hoặc chồng thì giao dịch liên quan đến tài sản này được thực hiện theo quy định tại Điều 26 của Luật này; nếu có tranh chấp về tài sản đó thì được giải quyết theo quy định tại khoản 3 Điều 33 của Luật này.""

Như vậy: Căn cứ quy định được trích dẫn trên đây thì về nguyên tắc tài sản chung của vợ chồng mà thuộc trường hợp bắt buộc phải đăng ký quyền sở hữu, quyền sử dụng thì giấy chứng nhận quyền sở hữu, giấy chứng nhận quyền sử dụng phải ghi tên cả hai vợ chồng.

Trường hợp vợ chồng có thỏa thuận khác về việc để một bên vợ hoặc chồng đứng tên trên giấy chứng nhận quyền sở hữu, giấy chứng nhận quyền sử dụng đối với tài sản đó thì thực hiện theo thỏa thuận đó.

Mặt khác, Tại Khoản 3 Điều 33 Luật hôn nhân và gia đình 2014 có quy định:

""Điều 33. Tài sản chung của vợ chồng

...

3. Trong trường hợp không có căn cứ để chứng minh tài sản mà vợ, chồng đang có tranh chấp là tài sản riêng của mỗi bên thì tài sản đó được coi là tài sản chung.""

Như vậy: Căn cứ quy định được trích dẫn trên đây trường hợp tài sản vợ, chồng đang có tranh chấp mà vợ, chồng bạn không có căn cứ để chứng minh tài sản đó là tài sản riêng hợp pháp của mình thì tài sản đó được coi là tài sản chung.

Do đó: Trường hợp nhà đất mà vợ chồng mua nhưng chỉ có chồng bạn đứng tên trên giấy chứng nhận quyền sử dụng, nếu chồng bạn không chứng minh được đó là tài sản riêng của mình thì dưới góc độ pháp lý, các tài sản đó vẫn được xác định là tài sản chung của vợ chồng bạn trong thời ký hôn nhân.

Theo quy định tại Luật Hôn nhân và gia đình 2014 thì trường hợp đời sống hôn nhân của vợ, chồng lâm vào tình trạng trầm trọng, đời sống chung không thể kéo dài, mục đích của hôn nhân không đạt được thì vợ, chồng có quyền yêu cầu Tòa án giải quyết ly hôn theo yêu cầu của một bên (nếu một bên không đồng ý) hoặc cả hai người có quyền yêu cầu Tòa án công nhận thuận tình ly hôn (cả hai bên đều đồng ý).

Do đó: Trường hợp vợ chồng bạn trong cuộc sống hôn nhân không mang lại hành phúc cho đôi bên và đôi bên không thể hòa giải được trong quá trình chung sống với nhau thì bạn hoặc chồng bạn hoặc cả hai có quyền yêu cầu Tòa án giải quyết ly hôn ly hôn theo quy định của pháp luật.

Hai vợ chồng tự thỏa thuận với nhau các vấn đề liên quan đến con cái, tài sản chung và các vấn đề khác liên quan đến quyền và nghĩa vụ của nhau khi ly hôn. Nếu không thỏa thuận được thì có thể yêu cầu Tòa án giải quyết theo quy định của pháp luật.

Kết luận: Từ các dẫn chứng trên đây có thể xác định trường hợp nhà đất mà vợ chồng mua nhưng chỉ có chồng bạn đứng tên trên giấy chứng nhận quyền sử dụng, nếu chồng bạn không chứng minh được tài sản đó là tài sản riêng của chồng bạn thì các tài sản là nhà, đất đó được coi là tài sản chung của vợ chồng bạn. Trường hợp khi ly hôn thì vợ chồng bạn có thể tự thỏa thuận về việc chia nhà, đất này. Nếu không thỏa thuận được thì có thể yêu cầu Tòa án chia theo quy định.

Trên đây là quan điểm tư vấn của chúng tôi đối với vấn đề mà bạn đang thắc mắc.

Trân trọng!",,,,,,,,,
"Anh chị cho em hỏi, chồng em ngoại tình nên vợ chồng em quyết định ly hôn. Vợ chồng em có 02 căn nhà và một miếng đất. Vậy khi ly hôn thì chồng em có được chia tài sản ít hơn không nếu em có bằng chứng chồng em ngoại tình? Mong anh chị tư vấn giúp em
Thanh Vy (093***)","Theo quy định tại Khoản 2 Điều 59 Luật Hôn nhân và gia đình 2014 thì:

Tài sản chung của vợ chồng được chia đôi nhưng có tính đến các yếu tố sau đây:

- Hoàn cảnh của gia đình và của vợ, chồng;

- Công sức đóng góp của vợ, chồng vào việc tạo lập, duy trì và phát triển khối tài sản chung. Lao động của vợ, chồng trong gia đình được coi như lao động có thu nhập;

- Bảo vệ lợi ích chính đáng của mỗi bên trong sản xuất, kinh doanh và nghề nghiệp để các bên có điều kiện tiếp tục lao động tạo thu nhập;

- Lỗi của mỗi bên trong vi phạm quyền, nghĩa vụ của vợ chồng.

Như vậy, khi chia tài sản của vợ chồng, thẩm phán sẽ dựa vào lỗi của mỗi bên trong vi phạm quyền, nghĩa vụ của vợ chồng. Ví dụ, nếu người chồng ngoại tình, không chung thủy thì tòa án phải xem xét yếu tố ""lỗi"" này khi chia tài sản chung để đảm bảo quyền, lợi ích hợp pháp của vợ và con chưa thành niên. Do đó, việc ngoại tình dẫn tới ly hôn là một bất lợi trong việc phân chia tài sản khi ly hôn, người ngoại tình có thể sẽ bị chia tài sản theo tỷ lệ ít hơn, nếu có căn cứ chứng minh được việc người đó ngoại tình.

Ban biên tập thông tin đến bạn!

Trân trọng!",,,,,,,,,
"Tôi chuẩn bị li dị chồng, nhưng lại vừa trúng xổ số được 30 triệu. Vậy cho hỏi: Trúng xổ số khi chuẩn bị ly hôn tiền thuộc về cả 2 vợ chồng hay chỉ người trúng? Nếu chồng tôi không biết thì có chia không? Mong sớm nhận được phản hồi, chân thành cảm ơn!","Theo Khoản 14 Điều 3 Luật Hôn nhân Gia đình 2014 thì Ly hôn là việc chấm dứt quan hệ vợ chồng theo bản án, quyết định có hiệu lực pháp luật của Tòa án.

Điều 33 Luật Hôn nhân Gia đình 2014 quy định tài sản chung của vợ chồng như sau:

1. Tài sản chung của vợ chồng gồm tài sản do vợ, chồng tạo ra, thu nhập do lao động, hoạt động sản xuất, kinh doanh, hoa lợi, lợi tức phát sinh từ tài sản riêng và thu nhập hợp pháp khác trong thời kỳ hôn nhân, trừ trường hợp được quy định tại khoản 1 Điều 40 của Luật này; tài sản mà vợ chồng được thừa kế chung hoặc được tặng cho chung và tài sản khác mà vợ chồng thỏa thuận là tài sản chung.

Quyền sử dụng đất mà vợ, chồng có được sau khi kết hôn là tài sản chung của vợ chồng, trừ trường hợp vợ hoặc chồng được thừa kế riêng, được tặng cho riêng hoặc có được thông qua giao dịch bằng tài sản riêng.

2. Tài sản chung của vợ chồng thuộc sở hữu chung hợp nhất, được dùng để bảo đảm nhu cầu của gia đình, thực hiện nghĩa vụ chung của vợ chồng.

3. Trong trường hợp không có căn cứ để chứng minh tài sản mà vợ, chồng đang có tranh chấp là tài sản riêng của mỗi bên thì tài sản đó được coi là tài sản chung.

Như vậy, theo quy định này thì thu nhập có được trong thời kỳ hôn nhân, bao gồm tiền xổ số là tài sản chung của vợ chồng, vì bạn chỉ ở trong giai đoạn chuẩn bị ly hôn nên về mặt pháp luật vẫn còn là vợ chồng nên đây vẫn là tài sản chung. Chỉ khi bạn trùng số kể từ thời điểm bản án ly hôn có hiệu lực mới là tài sản riêng, khi đó thì bạn không cần chia cho chồng.

Trân trọng!",,,,,,,,,
"Chào Ban biên tập, tôi là Hoàng Ngân đang làm việc tại hội phụ nữ, thường xuyên phải tham gia hòa giải cho những cặp vợ chồng có ý định ly hôn. Liên quan đến vấn đề này, tôi có thắc mắc sau mong nhận phản hồi. Khi chia tài sản cho những cặp vợ chồng ly hôn, thì người ngoại tình có bị chia tài sản ít hơn không?","Luật Hôn nhân và Gia đình 2014;

Thông tư liên tịch 01/2016/TTLT-TANDTC-VKSNDTC.

Có quy định về vấn đề bạn thắc mắc như sau:

Việc chia tài sản chung trong thời kỳ hôn nhân khi ly hôn của các cặp vợ chồng là do các bên tự thỏa thuận, trong trường hợp không thảo thuận được thì Tòa án sẽ giải quyết.

Việc chia tài sản chung sẽ được xem xét dựa vào các yếu tố sau:

- Hoàn cảnh của gia đình và của vợ, chồng;

- Công sức đóng góp của vợ, chồng vào việc tạo lập, duy trì và phát triển khối tài sản chung. Lao động của vợ, chồng trong gia đình được coi như lao động có thu nhập;

- Bảo vệ lợi ích chính đáng của mỗi bên trong sản xuất, kinh doanh và nghề nghiệp để các bên có điều kiện tiếp tục lao động tạo thu nhập;

- Lỗi của mỗi bên trong vi phạm quyền, nghĩa vụ của vợ chồng.

Tại Thông tư liên tịch 01/2016/TTLT-TANDTC-VKSNDTC quy định về nguyên tắc giải quyết tài sản của vợ chồng khi ly hôn có nêu:

- Trường hợp áp dụng chế độ tài sản của vợ chồng theo luật định để chia tài sản của vợ chồng khi ly hôn thì tài sản chung của vợ chồng về nguyên tắc được chia đôi nhưng có tính đến các yếu tố sau đây để xác định tỷ lệ tài sản mà vợ chồng được chia.

+ Lỗi của mỗi bên trong vi phạm quyền, nghĩa vụ của vợ chồng”là lỗi của vợ hoặc chồng vi phạm quyền, nghĩa vụ về nhân thân, tài sản của vợ chồng dẫn đến ly hôn.

Như vậy, theo quy định trên thì nếu vợ/chồng ngoại tình dẫn tới ly hồn là một bất lợi trong việc phân chia tài sản chung khi ly hôn, người ngoại tình (nếu có căn cứ) có thể sẽ bị chia tài sản theo tỷ lệ ít hơn.

Ban biên tập phản hồi thông tin đến bạn.",,,,,,,,,
"Tôi và chồng kết hôn cách đây mười năm, hiện nay tình cảm đôi bên đã rạn nứt nghiêm trọng và không thể hòa giải được nên cả hai quyết định ra Tòa ly hôn. Nhưng đến nay vẫn chưa giải quyết xong vì có tranh chấp về tài sản chung của hai vợ chồng. Tôi muốn chia đôi, còn anh ta chỉ muốn chia cho tôi một phần với lý do tôi chỉ ở nhà nội trợ còn mọi tài sản đều do anh ta làm ra. Nhưng theo tôi tìm hiểu luật thì tài sản này phải chia đôi. Có đúng không?","Theo quy định của pháp luật hiện hành thì khi ly hôn, trường hợp chế độ tài sản của vợ chồng theo luật định thì việc giải quyết tài sản do các bên thỏa thuận; nếu không thỏa thuận được thì theo yêu cầu của vợ, chồng hoặc của hai vợ chồng, Tòa án giải quyết theo quy định của Luật Hôn nhân và Gia đình 2014.

Hoặc, trường hợp chế độ tài sản của vợ chồng theo thỏa thuận thì việc giải quyết tài sản khi ly hôn được áp dụng theo thỏa thuận đó; nếu thỏa thuận không đầy đủ, rõ ràng thì áp dụng quy định của Luật Hôn nhân và Gia đình 2014 để giải quyết.

Theo đó, theo quy định tại Khoản 2 Điều 59 Luật Hôn nhân và Gia đình 2014 thì tài sản chung của vợ chồng được chia đôi nhưng có tính đến các yếu tố sau đây:

- Hoàn cảnh của gia đình và của vợ, chồng;

- Công sức đóng góp của vợ, chồng vào việc tạo lập, duy trì và phát triển khối tài sản chung. Lao động của vợ, chồng trong gia đình được coi như lao động có thu nhập;

- Bảo vệ lợi ích chính đáng của mỗi bên trong sản xuất, kinh doanh và nghề nghiệp để các bên có điều kiện tiếp tục lao động tạo thu nhập;

- Lỗi của mỗi bên trong vi phạm quyền, nghĩa vụ của vợ chồng.

Như vậy: Căn cứ quy định được trích dẫn trên đây thì về nguyên tắc tài sản chung của vợ chồng được chia đôi. Tuy nhiên, cần phải tính đến các yếu tố khác (được trích dẫn trên đây) để chia tài sản chung của vợ chồng.

Đồng nghĩa: Không phải mọi trường hợp thì khi ly hôn, tài sản chung cũng vợ chồng đều được chia đôi cho mỗi bên vợ, chồng một phần bằng nhau. Mà căn cứ vào nhiều yếu tố thực tế khác mà Tòa án có thể quyết định vợ hoặc chồng được chia phần tài sản nhiều hơn.

Bạn căn cứ quy định và các phân tích trên đây để áp dụng đối với tình hình thực tế của mình.

Trên đây là quan điểm tư vấn của chúng tôi đối với vấn đề mà bạn đang thắc mắc.

Trân trọng!",,,,,,,,,
"Chào Ban tư vấn, em là Minh Ngọc. Sau khi lấy chồng, em ở nhà làm nội trợ, chăm sóc con. Những năm qua gia đình không được hạnh phúc, đầm ấm. Vợ chồng em thường xuyên cải nhau. Cuối cùng chúng em đưa ra quyết định chấm dứt hôn nhân. Em có thắc mắc về việc chia tài sản chung sau khi ly hôn. Do em chỉ làm nội trợ nên không biết em có được chia tài sản chông khi ly hôn không? Chân thành cảm ơn!
Thanh Hoài - Vĩnh Long","Theo quy định tại Khoản 2 Điều 59 Luật Hôn nhân và gia đình 2014

""Tài sản chung của vợ chồng được chia đôi nhưng có tính đến các yếu tố sau đây:

a) Hoàn cảnh của gia đình và của vợ, chồng;

b) Công sức đóng góp của vợ, chồng vào việc tạo lập, duy trì và phát triển khối tài sản chung. Lao động của vợ, chồng trong gia đình được coi như lao động có thu nhập;

c) Bảo vệ lợi ích chính đáng của mỗi bên trong sản xuất, kinh doanh và nghề nghiệp để các bên có điều kiện tiếp tục lao động tạo thu nhập;

d) Lỗi của mỗi bên trong vi phạm quyền, nghĩa vụ của vợ chồng.""

Theo quy định tại Điều 7 Thông tư liên tịch 01/2016/TTLT-TANDTC-VKSNDTC-BTP thì Công sức đóng góp của vợ, chồng vào việc tạo lập, duy trì và phát triển khối tài sản chung” là sự đóng góp về tài sản riêng, thu nhập, công việc gia đình và lao động của vợ, chồng trong việc tạo lập, duy trì và phát triển khối tài sản chung. Người vợ hoặc chồng ở nhà chăm sóc con, gia đình mà không đi làm được tính là lao động có thu nhập tương đương với thu nhập của chồng hoặc vợ đi làm. Bên có công sức đóng góp nhiều hơn sẽ được chia nhiều hơn.

==> Theo quy định trên đây thì dù bạn ở nhà làm nội trợ nhưng vẫn có công sức đóng góp vào việc tạo lập, duy trì, phát triển khối tài sản chung. Do đó khi ly hôn thì bạn vẫn có thể được chia tài sản chung.

Mong rằng những tư vấn của chúng tôi sẽ giúp giải đáp được những vướng mắc của bạn.

Chúc sức khỏe và thành công!",,,,,,,,,
"Sau khi kết hôn thì tôi và chồng có thỏa thuận về việc tiền lương của chồng sẽ được sử dụng để lo cho cuộc sống gia đình, hàng tháng anh vẫn lãnh lương và đưa tôi đầy đủ. Tuy nhiên, do có người mới bên ngoài nên từ ngày đó chồng ăn cơm ngoài nhưng tiền thì vẫn mang về đủ. Vì lý do ngoại tình tôi đâm đơn ly hôn thì anh đòi lại nửa số lương đã đưa hàng tháng cho tôi trong thời gian anh không ở nhà, mặc dù từ trước đến giờ chưa bao giờ chồng tôi đòi tôi phải trả lại lương. Tôi có trách nhiệm phải trả lại cho chồng tôi số tiền đó không?","Điều 33 Luật Hôn nhân gia đình 2014 quy định về Tài sản chung của vợ chồng như sau:

1. Tài sản chung của vợ chồng gồm tài sản do vợ, chồng tạo ra, thu nhập do lao động, hoạt động sản xuất, kinh doanh, hoa lợi, lợi tức phát sinh từ tài sản riêng và thu nhập hợp pháp khác trong thời kỳ hôn nhân, trừ trường hợp được quy định tại khoản 1 Điều 40 của Luật này; tài sản mà vợ chồng được thừa kế chung hoặc được tặng cho chung và tài sản khác mà vợ chồng thỏa thuận là tài sản chung.

Quyền sử dụng đất mà vợ, chồng có được sau khi kết hôn là tài sản chung của vợ chồng, trừ trường hợp vợ hoặc chồng được thừa kế riêng, được tặng cho riêng hoặc có được thông qua giao dịch bằng tài sản riêng.

2. Tài sản chung của vợ chồng thuộc sở hữu chung hợp nhất, được dùng để bảo đảm nhu cầu của gia đình, thực hiện nghĩa vụ chung của vợ chồng.

3. Trong trường hợp không có căn cứ để chứng minh tài sản mà vợ, chồng đang có tranh chấp là tài sản riêng của mỗi bên thì tài sản đó được coi là tài sản chung.

Như vậy, về nguyên tắc thì thu nhập có được trong thời kỳ hôn nhân là tài sản chung và bạn cũng đã sử dụng số tiền đó chi trả cho các sinh hoạt tối thiểu của gia đình nên khi ly hôn chồng bạn đòi lại là không có căn cứ.

Trân trọng!",,,,,,,,,
Cậu em và vợ lấy nhau được hơn 20 năm nhưng vì xích mích nên người vợ đã nộp đơn ra tòa li hôn. Giấy tờ nhà vì tin tưởng nên cậu em đã để vợ đứng tên hết. Nhưng việc cậu ở đó hơn 20 năm và xây sửa cho ngôi nhà đó thì hàng xóm có thể làm chứng được. Hiện tại ngôi nhà được xây lên thành dãy nhà trọ giá trị hơn 8 tỷ. Cậu em có thể chia đôi tài sản được không?,"Điều 33 Luật Hôn nhân Gia đình 2014 quy định về Tài sản chung của vợ chồng như sau:

1. Tài sản chung của vợ chồng gồm tài sản do vợ, chồng tạo ra, thu nhập do lao động, hoạt động sản xuất, kinh doanh, hoa lợi, lợi tức phát sinh từ tài sản riêng và thu nhập hợp pháp khác trong thời kỳ hôn nhân, trừ trường hợp được quy định tại khoản 1 Điều 40 của Luật này; tài sản mà vợ chồng được thừa kế chung hoặc được tặng cho chung và tài sản khác mà vợ chồng thỏa thuận là tài sản chung.

Quyền sử dụng đất mà vợ, chồng có được sau khi kết hôn là tài sản chung của vợ chồng, trừ trường hợp vợ hoặc chồng được thừa kế riêng, được tặng cho riêng hoặc có được thông qua giao dịch bằng tài sản riêng.

2. Tài sản chung của vợ chồng thuộc sở hữu chung hợp nhất, được dùng để bảo đảm nhu cầu của gia đình, thực hiện nghĩa vụ chung của vợ chồng.

3. Trong trường hợp không có căn cứ để chứng minh tài sản mà vợ, chồng đang có tranh chấp là tài sản riêng của mỗi bên thì tài sản đó được coi là tài sản chung.

Như vậy, về nguyên tắc tài sản có được trong thời kỳ hôn nhân là tài sản chung của vợ chồng, điều này không phụ thuộc vào việc do ai đứng tên, khi đó nếu ly hôn sẽ được chia đôi. Do đó, cậu bạn có thể trình bày rõ nguồn gốc căn nhà là do công của hai vợ chồng, có sự làm chứng của hàng xóm.

Trân trọng!",,,,,,,,,
Gia đình nhà chú em ly hôn nhưng về cái mục chia tài sản nhưng gia đình chú em có 2 con gái đã đến tuổi trưởng thành. Và gia đình đang mâu thuẫn trong việc phân chia tài sản. Chú em có căn nhà sổ đỏ mang tên hai vợ chồng thì bây giờ theo luật pháp thì tài sản chia như thế nào ạ. Em xin cảm ơn.,"Điều 33 Luật Hôn nhân Gia đình 2014 quy định về tài sản chung của vợ chồng như sau:

1. Tài sản chung của vợ chồng gồm tài sản do vợ, chồng tạo ra, thu nhập do lao động, hoạt động sản xuất, kinh doanh, hoa lợi, lợi tức phát sinh từ tài sản riêng và thu nhập hợp pháp khác trong thời kỳ hôn nhân, trừ trường hợp được quy định tại khoản 1 Điều 40 của Luật này; tài sản mà vợ chồng được thừa kế chung hoặc được tặng cho chung và tài sản khác mà vợ chồng thỏa thuận là tài sản chung.

Quyền sử dụng đất mà vợ, chồng có được sau khi kết hôn là tài sản chung của vợ chồng, trừ trường hợp vợ hoặc chồng được thừa kế riêng, được tặng cho riêng hoặc có được thông qua giao dịch bằng tài sản riêng.

2. Tài sản chung của vợ chồng thuộc sở hữu chung hợp nhất, được dùng để bảo đảm nhu cầu của gia đình, thực hiện nghĩa vụ chung của vợ chồng.

3. Trong trường hợp không có căn cứ để chứng minh tài sản mà vợ, chồng đang có tranh chấp là tài sản riêng của mỗi bên thì tài sản đó được coi là tài sản chung.

Theo Điều 59 Luật này thì việc chia tài sản của vợ chồng khi ly hôn sẽ do các bên tự thỏa thuận. Nếu không thỏa thuận được thì được chia đôi nhưng có tính đến các yếu tố sau đây:

a) Hoàn cảnh của gia đình và của vợ, chồng;

b) Công sức đóng góp của vợ, chồng vào việc tạo lập, duy trì và phát triển khối tài sản chung. Lao động của vợ, chồng trong gia đình được coi như lao động có thu nhập;

c) Bảo vệ lợi ích chính đáng của mỗi bên trong sản xuất, kinh doanh và nghề nghiệp để các bên có điều kiện tiếp tục lao động tạo thu nhập;

d) Lỗi của mỗi bên trong vi phạm quyền, nghĩa vụ của vợ chồng.

Như vậy, việc chia tài sản của chú bạn khi ly hôn sẽ dựa vào những căn cứ nêu trên, về nguyên tắc sẽ chia làm đôi có tính đến công sức đóng góp của mỗi bên.

Trân trọng!",,,,,,,,,
Tôi và chồng vừa mới ly hôn và tôi đang gặp khó khăn chưa biết phải ở đâu vì căn nhà mà trong thời kỳ hôn nhân tôi ở là tài sản riêng của chồng tôi. Vậy cho tôi hỏi: Tôi có được ở lại nhà của chồng sau khi lý hôn hay không? Mong sớm nhận được sự phản hồi. Xin chân thành cảm ơn!,"Về vấn đề này của bạn thì tại Điều 63 Luật Hôn nhân và Gia đình 2014 có quy định như sau:

"" Điều 63. Quyền lưu cư của vợ hoặc chồng khi ly hôn

Nhà ở thuộc sở hữu riêng của vợ, chồng đã đưa vào sử dụng chung thì khi ly hôn vẫn thuộc sở hữu riêng của người đó; trường hợp vợ hoặc chồng có khó khăn về chỗ ở thì được quyền lưu cư trong thời hạn 06 tháng kể từ ngày quan hệ hôn nhân chấm dứt, trừ trường hợp các bên có thỏa thuận khác. ""

Như vậy, căn cứ theo quy định này thì sau khi ly hôn nếu bạn có khó khăn về chỗ ở thì bạn có quyền ở lại trong căn nhà đã được đưa vào sử dụng chung trong thời kỳ hôn nhân thuộc sở hữu riêng của chồng bạn . Cùng với đó, bạn cần phải lưu ý là nếu bạn và chồng bạn không có thỏa thuận khác thì thời hạn lưu cư của bạn sẽ là 06 tháng kể từ ngày quan hệ hôn nhân chấm dứt bạn nhé.

Trên đây là nội dung trả lời về việc ở nhà thuộc sở hữu riêng của chồng sau khi ly hôn. Bạn có thể tìm hiểu thêm thông tin về vấn đề này tại Luật Hôn nhân và Gia đình 2014.

Trân trọng!",,,,,,,,,
"Tôi và chồng đã kly hôn tôi và giờ tôi muốn ông ấy cấp dưỡng cho tôi, không biết vậy có được không? Nếu được thì cho tôi biết là văn bản pháp luật nào nói đến vấn đề này? Mong sớm nhận được sự phản hồi. Xin chân thành cảm ơn!","Đối với vấn đề này thì tại Điều 115 Luật Hôn nhân và Gia đình 2014 có quy định như sau:

"" Điều 115. Nghĩa vụ cấp dưỡng giữa vợ và chồng khi ly hôn

Khi ly hôn nếu bên khó khăn, túng thiếu có yêu cầu cấp dưỡng mà có lý do chính đáng thì bên kia có nghĩa vụ cấp dưỡng theo khả năng của mình. ""

Như vậy, theo quy định này thì bạn có quyền yêu cầu chồng cũ của bạn cấp dưỡng sau khi ly hôn nếu bạn thực sự khó khăn, túng thiếu . Tuy nhiên, việc bạn có nhận được sự cấp dưỡng hay không còn phụ thuộc vào khả năng của chồng cũ của bạn nữa bạn nhé.

Một lưu ý nữa đó là nếu sau khi ly hôn mà bạn đã kết hôn thì chồng cũ của bạn sẽ không còn nghĩa vụ phải cấp dưỡng cho bạn nữa.

Trên đây là nội dung trả lời về việc cấp dưỡng cho vợ sau khi ly hôn. Bạn có thể tìm hiểu thêm thông tin về vấn đề này tại Luật Hôn nhân và Gia đình 2014.

Trân trọng!",,,,,,,,,
"Luật sư cho em hỏi: Giấy tờ nhà đất vợ chồng em cùng đứng tên khi mua nhưng tiền mua thì của em, tiền có trước khi kết hôn nhưng kết hôn sau 3 năm em mới lấy tiền đó ra mua nhà. Vợ chồng cùng đứng tên và khi ly hôn thì tài sản đó em có phải chia cho vợ em không?","Điều 33 Luật Hôn nhân Gia đình 2014 quy định về tài sản chung của vợ chồng trong thời kỳ hôn nhân như sau:

1. Tài sản chung của vợ chồng gồm tài sản do vợ, chồng tạo ra, thu nhập do lao động, hoạt động sản xuất, kinh doanh, hoa lợi, lợi tức phát sinh từ tài sản riêng và thu nhập hợp pháp khác trong thời kỳ hôn nhân, trừ trường hợp được quy định tại khoản 1 Điều 40 của Luật này; tài sản mà vợ chồng được thừa kế chung hoặc được tặng cho chung và tài sản khác mà vợ chồng thỏa thuận là tài sản chung.

Quyền sử dụng đất mà vợ, chồng có được sau khi kết hôn là tài sản chung của vợ chồng, trừ trường hợp vợ hoặc chồng được thừa kế riêng, được tặng cho riêng hoặc có được thông qua giao dịch bằng tài sản riêng.

2. Tài sản chung của vợ chồng thuộc sở hữu chung hợp nhất, được dùng để bảo đảm nhu cầu của gia đình, thực hiện nghĩa vụ chung của vợ chồng.

3. Trong trường hợp không có căn cứ để chứng minh tài sản mà vợ, chồng đang có tranh chấp là tài sản riêng của mỗi bên thì tài sản đó được coi là tài sản chung.

Bên cạnh đó, Điều 43 Luật này cũng quy định về tài sản riêng của vợ chồng:

1. Tài sản riêng của vợ, chồng gồm tài sản mà mỗi người có trước khi kết hôn; tài sản được thừa kế riêng, được tặng cho riêng trong thời kỳ hôn nhân; tài sản được chia riêng cho vợ, chồng theo quy định tại các điều 38, 39 và 40 của Luật này; tài sản phục vụ nhu cầu thiết yếu của vợ, chồng và tài sản khác mà theo quy định của pháp luật thuộc sở hữu riêng của vợ, chồng.

2. Tài sản được hình thành từ tài sản riêng của vợ, chồng cũng là tài sản riêng của vợ, chồng. Hoa lợi, lợi tức phát sinh từ tài sản riêng trong thời kỳ hôn nhân được thực hiện theo quy định tại khoản 1 Điều 33 và khoản 1 Điều 40 của Luật này.

Như vậy, theo quy định nêu trên thì nhà đất là tài sản riêng của bạn, đây là tài sản hình thành từ tài sản riêng có trước thời kỳ hôn nhân mặc dù cả hai người cùng đứng tên. Nếu như bạn không tự nguyện nhập căn nhà trên vào khối tài sản chung thì khi ly hôn tài sản đó là của bạn và không phải chia cho vợ. Tuy nhiên bạn lưu ý là hoa lợi, lợi tức phát sinh từ căn nhà đó được xác định là tài sản chung.",,,,,,,,,
"Tôi và chồng tôi đang trong quá trình giải quyết ly hôn, tôi nghe nói khi ly hôn thì tài sản chung đều được chia đôi có đúng không? Dù trong thời kỳ hôn nhân tôi là người làm tất cả chồng tôi không có công sức đóng góp gì mà chỉ ăn chơi như vậy quá thiệt thòi cho tôi.
Như Quỳnh (**@gmail.com)","Căn cứ theo quy định tại Khoản 4 Điều 7 Thông tư liên tịch 01/2016/TTLT-TANDTC-VKSNDTC-BTP hướng dẫn thi hành quy định của Luật hôn nhân và gia đình do Chánh án Tòa án nhân dân tối cao - Viện trưởng Viện kiểm sát nhân dân tối cao - Bộ trưởng Bộ Tư pháp ban hành thì:

Trường hợp áp dụng chế độ tài sản của vợ chồng theo luật định để chia tài sản của vợ chồng khi ly hôn thì tài sản chung của vợ chồng về nguyên tắc được chia đôi nhưng có tính đến các yếu tố sau đây để xác định tỷ lệ tài sản mà vợ chồng được chia:

a) “Hoàn cảnh của gia đình và của vợ, chồng” là tình trạng về năng lực pháp luật, năng lực hành vi, sức khỏe, tài sản, khả năng lao động tạo ra thu nhập sau khi ly hôn của vợ, chồng cũng như của các thành viên khác trong gia đình mà vợ chồng có quyền, nghĩa vụ về nhân thân và tài sản theo quy định của Luật hôn nhân và gia đình. Bên gặp khó khăn hơn sau khi ly hôn được chia phần tài sản nhiều hơn so với bên kia hoặc được ưu tiên nhận loại tài sản để bảo đảm duy trì, ổn định cuộc sống của họ nhưng phải phù hợp với hoàn cảnh thực tế của gia đình và của vợ, chồng.

b) “Công sức đóng góp của vợ, chồng vào việc tạo lập, duy trì và phát triển khối tài sản chung” là sự đóng góp về tài sản riêng, thu nhập, công việc gia đình và lao động của vợ, chồng trong việc tạo lập, duy trì và phát triển khối tài sản chung. Người vợ hoặc chồng ở nhà chăm sóc con, gia đình mà không đi làm được tính là lao động có thu nhập tương đương với thu nhập của chồng hoặc vợ đi làm. Bên có công sức đóng góp nhiều hơn sẽ được chia nhiều hơn.

c) “Bảo vệ lợi ích chính đáng của mỗi bên trong sản xuất, kinh doanh và nghề nghiệp để các bên có điều kiện tiếp tục lao động tạo thu nhập” là việc chia tài sản chung của vợ chồng phải bảo đảm cho vợ, chồng đang hoạt động nghề nghiệp được tiếp tục hành nghề; cho vợ, chồng đang hoạt động sản xuất, kinh doanh được tiếp tục được sản xuất, kinh doanh để tạo thu nhập và phải thanh toán cho bên kia phần giá trị tài sản chênh lệch. Việc bảo vệ lợi ích chính đáng của mỗi bên trong sản xuất, kinh doanh và hoạt động nghề nghiệp không được ảnh hưởng đến điều kiện sống tối thiểu của vợ, chồng và con chưa thành niên, con đã thành niên nhưng mất năng lực hành vi dân sự.

Ví dụ: Vợ chồng có tài sản chung là một chiếc ô tô người chồng đang chạy xe taxi trị giá 400 triệu đồng và một cửa hàng tạp hóa người vợ đang kinh doanh trị giá 200 triệu đồng. Khi giải quyết ly hôn và chia tài sản chung, Tòa án phải xem xét giao cửa hàng tạp hóa cho người vợ, giao xe ô tô cho người chồng để họ tiếp tục kinh doanh, tạo thu nhập. Người chồng nhận được phần giá trị tài sản lớn hơn phải thanh toán cho người vợ phần giá trị là 100 triệu đồng.

d) “Lỗi của mỗi bên trong vi phạm quyền, nghĩa vụ của vợ chồng” là lỗi của vợ hoặc chồng vi phạm quyền, nghĩa vụ về nhân thân, tài sản của vợ chồng dẫn đến ly hôn.

Ví dụ: Trường hợp người chồng có hành vi bạo lực gia đình, không chung thủy hoặc phá tán tài sản thì khi giải quyết ly hôn Tòa án phải xem xét yếu tố lỗi của người chồng khi chia tài sản chung của vợ chồng để đảm bảo quyền, lợi ích hợp pháp của vợ và con chưa thành niên.

=> Như vậy về tài sản chung về nguyên tắc thì chia đôi, tuy nhiên còn phải xem xét các yếu tố như đã phân tích ở trên nữa, nếu như bạn là người có công đóng góp nhiều hơn thì chắc hẳn phía Tòa án sẽ xem xét mà có quyết định đúng đắn.

Trân trọng!",,,,,,,,,
"Tôi tên Thúy Hằng sinh sống tại Vĩnh Long. Tôi và chồng kết hôn đã được 11 năm, có một con chung nay đã 8 tuổi. Trong 3 năm trở lại đây chồng tôi thường xuyên rượu chè, không lo làm ăn thậm chí thường xuyên đánh tôi, chuyện này hàng xóm ai cũng biết. Giờ tôi muốn ly hôn, nhưng chồng tôi thì không muốn. Vậy Ban biên tập cho tôi hỏi: Chồng bạo lực, vợ có được chia nhiều tài sản hơn khi ly hôn không? và có được quyền nuôi con không?","Căn cứ theo quy định tại Khoản 1 Điều 56 Luật hôn nhân gia đình 2014 có quy định về ly hôn theo yêu cầu một bên như sau: Khi vợ hoặc chồng yêu cầu ly hôn mà hòa giải tại Tòa án không thành thì Tòa án giải quyết cho ly hôn nếu có căn cứ về việc vợ, chồng có hành vi bạo lực gia đình hoặc vi phạm nghiêm trọng quyền, nghĩa vụ của vợ, chồng làm cho hôn nhân lâm vào tình trạng trầm trọng, đời sống chung không thể kéo dài, mục đích của hôn nhân không đạt được.

=> Như vậy, việc chồng bạn thường xuyên rượu chè, thậm chí bạo lực đánh bạn dẫn đến những hậu quả như trrên thì đó sẽ là những căn cứ để bạn có quyền đơn phương ly hôn.

** Về chia tài sản, bạn và chồng bạn có thể thỏa thuận với nhau. trường hợp không thể thỏa thuận được thì có thể phân chia theo pháp luật. Về nguyên tắc, tài sản chung sẽ được chia đôi, tuy nhiên có tính đến các yếu tố khác để xác định tỷ lệ tài sản mà vợ chồng được chia.

Theo quy định tại Khoản 4 Điều 7 Thông tư liên tịch 01/2016/TTLT-TANDTC-VKSNDTC-BTP hướng dẫn thi hành quy định của Luật hôn nhân và gia đình do Chánh án Tòa án nhân dân tối cao - Viện trưởng Viện kiểm sát nhân dân tối cao - Bộ trưởng Bộ Tư pháp ban hành

Trường hợp áp dụng chế độ tài sản của vợ chồng theo luật định để chia tài sản của vợ chồng khi ly hôn thì tài sản chung của vợ chồng về nguyên tắc được chia đôi nhưng có tính đến các yếu tố sau đây để xác định tỷ lệ tài sản mà vợ chồng được chia:

- Hoàn cảnh của gia đình và của vợ, chồng.

- Công sức đóng góp của vợ, chồng vào việc tạo lập, duy trì và phát triển khối tài sản chung.

- Bảo vệ lợi ích chính đáng của mỗi bên trong sản xuất, kinh doanh và nghề nghiệp để các bên có điều kiện tiếp tục lao động tạo thu nhập.

- Lỗi của mỗi bên trong vi phạm quyền, nghĩa vụ của vợ chồng là lỗi của vợ hoặc chồng vi phạm quyền, nghĩa vụ về nhân thân, tài sản của vợ chồng dẫn đến ly hôn.

=> Như vậy, Tòa án sẽ căn cứ vào các yếu tố nêu trên để phân chia tài sản chung. Giá trị tài sản chung của vợ chồng, tài sản riêng của vợ, chồng được xác định theo giá thị trường tại thời điểm giải quyết sơ thẩm vụ việc. Khi giải quyết chia tài sản khi ly hôn, Tòa án phải xem xét để bảo vệ quyền, lợi ích hợp pháp của vợ, con chưa thành niên, con đã thành niên mất năng lực hành vi dân sự hoặc không có khả năng lao động và không có tài sản để tự nuôi mình. Việc chồng bạn thường xuyên hành hạ, đánh đập sẽ là các yếu tố để tòa xem xét trong việc phân chia tài sản chung.

** Về con chung thì theo Khoản 2 Điều 81 Luật hôn nhân gia đình 2014 có quy định: Vợ, chồng thỏa thuận về người trực tiếp nuôi con, nghĩa vụ, quyền của mỗi bên sau khi ly hôn đối với con; trường hợp không thỏa thuận được thì Tòa án quyết định giao con cho một bên trực tiếp nuôi căn cứ vào quyền lợi về mọi mặt của con; nếu con từ đủ 07 tuổi trở lên thì phải xem xét nguyện vọng của con.

=> Con bạn đã 8 tuổi thì theo nguyện vọng của con mà người nào có nghĩa vụ nuôi dưỡng, người còn lại trên tinh thần tự nguyện có nghĩa vụ cấp dưỡng nuôi con đến 18 tuổi nhé.

Trên đây là nội dung tư vấn về Chồng bạo lực, vợ có được chia nhiều tài sản hơn khi ly hôn không? Để hiểu rõ hơn vấn đề vui lòng tìm hiểu thêm tại Luật hôn nhân gia đình 2014 và văn bản liên quan.

Trân trọng!",,,,,,,,,
"Nguyên tắc giải quyết tài sản của vợ chồng khi ly hôn theo Luật Hôn nhân và gia đình 2014 được quy định như thế nào? Xin chào Ban biên tập, Tôi là Quang Hải. Hiện tại tôi đang tìm hiểu về quy định pháp luật liên quan đến lĩnh vực hôn nhân và gia đình qua các thời kỳ. Cho tôi hỏi, nguyên tắc giải quyết tài sản của vợ chồng khi ly hôn theo Luật Hôn nhân và gia đình 2014 được quy định cụ thể ra sao? Mong nhận được sự phản hồi từ Ban biên tập. Xin chân thành cảm ơn!
Quang Hải (quanghai*****@gmail.com)","Theo quy định tại Điều 59 Luật Hôn nhân và gia đình 2014 thì nguyên tắc giải quyết tài sản của vợ chồng khi ly hôn được quy định cụ thể như sau:

1. Trong trường hợp chế độ tài sản của vợ chồng theo luật định thì việc giải quyết tài sản do các bên thỏa thuận; nếu không thỏa thuận được thì theo yêu cầu của vợ, chồng hoặc của hai vợ chồng, Tòa án giải quyết theo quy định tại các khoản 2, 3, 4 và 5 Điều này và tại các điều 60, 61, 62, 63 và 64 của Luật này.

Trong trường hợp chế độ tài sản của vợ chồng theo thỏa thuận thì việc giải quyết tài sản khi ly hôn được áp dụng theo thỏa thuận đó; nếu thỏa thuận không đầy đủ, rõ ràng thì áp dụng quy định tương ứng tại các khoản 2, 3, 4 và 5 Điều này và tại các điều 60, 61, 62, 63 và 64 của Luật này để giải quyết.

2. Tài sản chung của vợ chồng được chia đôi nhưng có tính đến các yếu tố sau đây:

a) Hoàn cảnh của gia đình và của vợ, chồng;

b) Công sức đóng góp của vợ, chồng vào việc tạo lập, duy trì và phát triển khối tài sản chung. Lao động của vợ, chồng trong gia đình được coi như lao động có thu nhập;

c) Bảo vệ lợi ích chính đáng của mỗi bên trong sản xuất, kinh doanh và nghề nghiệp để các bên có điều kiện tiếp tục lao động tạo thu nhập;

d) Lỗi của mỗi bên trong vi phạm quyền, nghĩa vụ của vợ chồng.

3. Tài sản chung của vợ chồng được chia bằng hiện vật, nếu không chia được bằng hiện vật thì chia theo giá trị; bên nào nhận phần tài sản bằng hiện vật có giá trị lớn hơn phần mình được hưởng thì phải thanh toán cho bên kia phần chênh lệch.

4. Tài sản riêng của vợ, chồng thuộc quyền sở hữu của người đó, trừ trường hợp tài sản riêng đã nhập vào tài sản chung theo quy định của Luật này.

Trong trường hợp có sự sáp nhập, trộn lẫn giữa tài sản riêng với tài sản chung mà vợ, chồng có yêu cầu về chia tài sản thì được thanh toán phần giá trị tài sản của mình đóng góp vào khối tài sản đó, trừ trường hợp vợ chồng có thỏa thuận khác.

5. Bảo vệ quyền, lợi ích hợp pháp của vợ, con chưa thành niên, con đã thành niên mất năng lực hành vi dân sự hoặc không có khả năng lao động và không có tài sản để tự nuôi mình.

6. Tòa án nhân dân tối cao chủ trì phối hợp với Viện kiểm sát nhân dân tối cao và Bộ Tư pháp hướng dẫn Điều này.

Trên đây là nội dung tư vấn về nguyên tắc giải quyết tài sản của vợ chồng khi ly hôn theo Luật Hôn nhân và gia đình 2014. Để biết thêm thông tin chi tiết, bạn nên tham khảo thêm tại Luật Hôn nhân và gia đình 2014.

Trân trọng!",,,,,,,,,
"Nguyên tắc giải quyết tài sản của vợ chồng khi ly hôn theo Luật Hôn nhân và gia đình 2000 được quy định như thế nào? Xin chào Ban biên tập, Tôi là Quang Hải. Hiện tại tôi đang tìm hiểu về quy định pháp luật liên quan đến lĩnh vực hôn nhân và gia đình qua các thời kỳ. Cho tôi hỏi, nguyên tắc giải quyết tài sản của vợ chồng khi ly hôn theo Luật Hôn nhân và gia đình 2000 được quy định cụ thể ra sao? Mong nhận được sự phản hồi từ Ban biên tập. Xin chân thành cảm ơn!
Quang Hải (quanghai*****@gmail.com)","Theo quy định tại Điều 95 Luật Hôn nhân và gia đình 2000 thì nguyên tắc giải quyết tài sản của vợ chồng khi ly hôn được quy định cụ thể như sau:

1. Việc chia tài sản khi ly hôn do các bên thoả thuận; nếu không thoả thuận được thì yêu cầu Toà án giải quyết. Tài sản riêng của bên nào thì thuộc quyền sở hữu của bên đó.

2. Việc chia tài sản chung được giải quyết theo các nguyên tắc sau đây:

a) Tài sản chung của vợ chồng về nguyên tắc được chia đôi, nhưng có xem xét hoàn cảnh của mỗi bên, tình trạng tài sản, công sức đóng góp của mỗi bên vào việc tạo lập, duy trì, phát triển tài sản này. Lao động của vợ, chồng trong gia đình được coi như lao động có thu nhập;

b) Bảo vệ quyền, lợi ích hợp pháp của vợ, con chưa thành niên hoặc đã thành niên bị tàn tật, mất năng lực hành vi dân sự, không có khả năng lao động và không có tài sản để tự nuôi mình;

c) Bảo vệ lợi ích chính đáng của mỗi bên trong sản xuất, kinh doanh và nghề nghiệp để các bên có điều kiện tiếp tục lao động tạo thu nhập;

d) Tài sản chung của vợ chồng được chia bằng hiện vật hoặc theo giá trị; bên nào nhận phần tài sản bằng hiện vật có giá trị lớn hơn phần mình được hưởng thì phải thanh toán cho bên kia phần giá trị chênh lệch.

3. Việc thanh toán nghĩa vụ chung về tài sản của vợ, chồng do vợ, chồng thoả thuận; nếu không thoả thuận được thì yêu cầu Toà án giải quyết.

Trên đây là nội dung tư vấn về nguyên tắc giải quyết tài sản của vợ chồng khi ly hôn theo Luật Hôn nhân và gia đình 2000. Để biết thêm thông tin chi tiết, bạn nên tham khảo thêm tại Luật Hôn nhân và gia đình 2000.

Trân trọng!",,,,,,,,,
"Nguyên tắc giải quyết tài sản của vợ chồng khi ly hôn theo Luật Hôn nhân và gia đình 1986 được quy định như thế nào? Xin chào Ban biên tập, Tôi là Quang Hải. Hiện tại tôi đang tìm hiểu về quy định pháp luật liên quan đến lĩnh vực hôn nhân và gia đình qua các thời kỳ. Cho tôi hỏi, nguyên tắc giải quyết tài sản của vợ chồng khi ly hôn theo Luật Hôn nhân và gia đình 1986 được quy định cụ thể ra sao? Mong nhận được sự phản hồi từ Ban biên tập. Xin chân thành cảm ơn!
Quang Hải (quanghai*****@gmail.com)","Theo quy định tại Điều 42 Luật Hôn nhân và gia đình 1986 thì nguyên tắc giải quyết tài sản của vợ chồng khi ly hôn được quy định cụ thể như sau:

Khi ly hôn, việc chia tài sản do hai bên thoả thuận, và phải được Toà án nhân dân công nhận. Nếu hai bên không thoả thuận được với nhau thì Toà án nhân dân quyết định.

Việc chia tài sản khi ly hôn, về nguyên tắc, phải theo những quy định dưới đây:

a) Tài sản riêng của bên nào thì vẫn thuộc quyền sở hữu của bên ấy;

b) Tài sản chung của vợ chồng được chia đôi, nhưng có xem xét một cách hợp lý đến tình hình tài sản, tình trạng cụ thể của gia đình và công sức đóng góp của mỗi bên;

c) Trong trường hợp vợ chồng do còn sống chung với gia đình mà tài sản của bản thân vợ chồng không xác định được thì vợ hoặc chồng được chia một phần trong khối tài sản chung của gia đình, căn cứ vào công sức của người được chia đóng góp vào việc duy trì và phát triển khối tài sản chung, cũng như vào đời sống chung của gia đình. Lao động trong gia đình được coi như lao động sản xuất;

d) Khi chia tài sản, phải bảo vệ quyền lợi của người vợ và của người con chưa thành niên, bảo vệ lợi ích chính đáng của sản xuất và nghề nghiệp.

Trên đây là nội dung tư vấn về nguyên tắc giải quyết tài sản của vợ chồng khi ly hôn theo Luật Hôn nhân và gia đình 1986. Để biết thêm thông tin chi tiết, bạn nên tham khảo thêm tại Luật Hôn nhân và gia đình 1986.

Trân trọng!",,,,,,,,,
"Nguyên tắc giải quyết tài sản của vợ chồng khi ly hôn theo Luật Hôn nhân và gia đình 1959 được quy định như thế nào? Xin chào Ban biên tập, Tôi là Quang Hải. Hiện tại tôi đang tìm hiểu về quy định pháp luật liên quan đến lĩnh vực hôn nhân và gia đình qua các thời kỳ. Cho tôi hỏi, nguyên tắc giải quyết tài sản của vợ chồng khi ly hôn theo Luật Hôn nhân và gia đình 1959 được quy định cụ thể ra sao? Mong nhận được sự phản hồi từ Ban biên tập. Xin chân thành cảm ơn!
Quang Hải (quanghai*****@gmail.com)","Theo quy định tại Điều 29 Luật Hôn nhân và gia đình 1959 thì nguyên tắc giải quyết tài sản của vợ chồng khi ly hôn được quy định cụ thể như sau:

Khi ly hôn, việc chia tài sản sẽ căn cứ vào sự đóng góp về công sức của mỗi bên, vào tình hình tài sản và tình trạng cụ thể của gia đình. Lao động trong gia đình được kể như lao động sản xuất.

Khi chia phải bảo vệ quyền lợi của người vợ, của con cái và lợi ích của việc sản xuất.

Trên đây là nội dung tư vấn về nguyên tắc giải quyết tài sản của vợ chồng khi ly hôn theo Luật Hôn nhân và gia đình 1959. Để biết thêm thông tin chi tiết, bạn nên tham khảo thêm tại Luật Hôn nhân và gia đình 1959.

Trân trọng!",,,,,,,,,
"Việc chia tài sản trong trường hợp vợ chồng sống chung với gia đình khi ly hôn được quy định như thế nào? Xin chào Ban biên tập, tôi là Tiến Dụng, tôi đang có nhu cầu tìm hiểu các quy định của pháp luật liên quan đến lĩnh vực hôn nhân và gia đình. Tôi đang có thắc mắc cần Ban biên tập giải đáp giúp tôi. Cho tôi hỏi, việc chia tài sản trong trường hợp vợ chồng sống chung với gia đình khi ly hôn được quy định cụ thể ra sao? Tôi có thể tìm hiểu thông tin tại văn bản pháp luật nào? Mong nhận được sự phản hồi từ Ban biên tập. Xin chân thành cảm ơn!
Tiến Dụng (tiendung*****@gmail.com)","Theo quy định tại Điều 61 Luật Hôn nhân và gia đình 2014 thì việc chia tài sản trong trường hợp vợ chồng sống chung với gia đình khi ly hôn được quy định cụ thể như sau:

- Trong trường hợp vợ chồng sống chung với gia đình mà ly hôn, nếu tài sản của vợ chồng trong khối tài sản chung của gia đình không xác định được thì vợ hoặc chồng được chia một phần trong khối tài sản chung của gia đình căn cứ vào công sức đóng góp của vợ chồng vào việc tạo lập, duy trì, phát triển khối tài sản chung cũng như vào đời sống chung của gia đình. Việc chia một phần trong khối tài sản chung do vợ chồng thỏa thuận với gia đình; nếu không thỏa thuận được thì yêu cầu Tòa án giải quyết.

- Trong trường hợp vợ chồng sống chung với gia đình mà tài sản của vợ chồng trong khối tài sản chung của gia đình có thể xác định được theo phần thì khi ly hôn, phần tài sản của vợ chồng được trích ra từ khối tài sản chung đó để chia theo quy định tại Điều 59 của Luật Hôn nhân và gia đình 2014.

Điều 59 của Luật Hôn nhân và gia đình 2014 quy định về nguyên tắc giải quyết tài sản của vợ chồng khi ly hôn như sau:

- Trong trường hợp chế độ tài sản của vợ chồng theo luật định thì việc giải quyết tài sản do các bên thỏa thuận; nếu không thỏa thuận được thì theo yêu cầu của vợ, chồng hoặc của hai vợ chồng, Tòa án giải quyết theo quy định tại các khoản 2, 3, 4 và 5 Điều 59 của Luật Hôn nhân và gia đình 2014 và tại các điều 60, 61, 62, 63 và 64 của Luật Hôn nhân và gia đình 2014.

Trong trường hợp chế độ tài sản của vợ chồng theo thỏa thuận thì việc giải quyết tài sản khi ly hôn được áp dụng theo thỏa thuận đó; nếu thỏa thuận không đầy đủ, rõ ràng thì áp dụng quy định tương ứng tại các khoản 2, 3, 4 và 5 Điều 59 của Luật Hôn nhân và gia đình 2014 và tại các điều 60, 61, 62, 63 và 64 của Luật Hôn nhân và gia đình 2014 để giải quyết.

- Tài sản chung của vợ chồng được chia đôi nhưng có tính đến các yếu tố sau đây:

+ Hoàn cảnh của gia đình và của vợ, chồng;

+ Công sức đóng góp của vợ, chồng vào việc tạo lập, duy trì và phát triển khối tài sản chung. Lao động của vợ, chồng trong gia đình được coi như lao động có thu nhập;

+ Bảo vệ lợi ích chính đáng của mỗi bên trong sản xuất, kinh doanh và nghề nghiệp để các bên có điều kiện tiếp tục lao động tạo thu nhập;

+ Lỗi của mỗi bên trong vi phạm quyền, nghĩa vụ của vợ chồng.

- Tài sản chung của vợ chồng được chia bằng hiện vật, nếu không chia được bằng hiện vật thì chia theo giá trị; bên nào nhận phần tài sản bằng hiện vật có giá trị lớn hơn phần mình được hưởng thì phải thanh toán cho bên kia phần chênh lệch.

- Tài sản riêng của vợ, chồng thuộc quyền sở hữu của người đó, trừ trường hợp tài sản riêng đã nhập vào tài sản chung theo quy định của Luật Hôn nhân và gia đình 2014.

Trong trường hợp có sự sáp nhập, trộn lẫn giữa tài sản riêng với tài sản chung mà vợ, chồng có yêu cầu về chia tài sản thì được thanh toán phần giá trị tài sản của mình đóng góp vào khối tài sản đó, trừ trường hợp vợ chồng có thỏa thuận khác.

- Bảo vệ quyền, lợi ích hợp pháp của vợ, con chưa thành niên, con đã thành niên mất năng lực hành vi dân sự hoặc không có khả năng lao động và không có tài sản để tự nuôi mình.

- Tòa án nhân dân tối cao chủ trì phối hợp với Viện kiểm sát nhân dân tối cao và Bộ Tư pháp hướng dẫn Điều 59 của Luật Hôn nhân và gia đình 2014.

Trên đây là nội dung tư vấn về việc chia tài sản trong trường hợp vợ chồng sống chung với gia đình khi ly hôn. Để biết thêm thông tin chi tiết, bạn nên tham khảo thêm tại Luật Hôn nhân và gia đình 2014.

Trân trọng!",,,,,,,,,
"Sau khi ly hôn vợ (chồng) có được ở lại nhà thuộc sở hữu riêng của chồng (vợ) không? Xin chào Ban biên tập, tôi là Phan Tuấn, tôi đang có nhu cầu tìm hiểu các quy định của pháp luật liên quan đến lĩnh vực hôn nhân và gia đình. Tôi đang có thắc mắc cần Ban biên tập giải đáp giúp tôi. Cho tôi hỏi, quyền lưu cư của vợ hoặc chồng khi ly hôn được quy định cụ thể ra sao? Sau khi ly hôn vợ (chồng) có được ở lại nhà thuộc sở hữu riêng của chồng (vợ) không? Tôi có thể tìm hiểu thông tin tại văn bản pháp luật nào? Mong nhận được sự phản hồi từ Ban biên tập. Xin chân thành cảm ơn!
Phan Tuấn (phantuan*****@gmail.com)","Theo quy định tại Điều 63 Luật Hôn nhân và gia đình 2014 thì quyền lưu cư của vợ hoặc chồng khi ly hôn được quy định cụ thể như sau:

Nhà ở thuộc sở hữu riêng của vợ, chồng đã đưa vào sử dụng chung thì khi ly hôn vẫn thuộc sở hữu riêng của người đó; trường hợp vợ hoặc chồng có khó khăn về chỗ ở thì được quyền lưu cư trong thời hạn 06 tháng kể từ ngày quan hệ hôn nhân chấm dứt, trừ trường hợp các bên có thỏa thuận khác.

Căn cứ quy định mà Ban biên tập đã trích dẫn trên đây thì việc lưu cư của vợ hoặc chồng khi ly hôn do vợ chồng thỏa thuận với nhau, trường hợp không có thỏa thuận thì khi ly hôn, vợ (chồng) có khó khăn về chỗ ở thì được quyền lưu cư ở nhà thuộc sở hữu riêng của vợ, chồng đã đưa vào sử dụng chung trong thời hạn 06 tháng kể từ ngày quan hệ hôn nhân chấm dứt.

Trên đây là nội dung tư vấn về quyền lưu cư của vợ hoặc chồng khi ly hôn. Để biết thêm thông tin chi tiết, bạn nên tham khảo thêm tại Luật Hôn nhân và gia đình 2014.

Trân trọng!",,,,,,,,,
"Chào luật sư! Vợ chồng tôi kết hôn năm 2011 hiện nay đã có 2 cháu. Cháu đầu 38 tháng và cháu thứ 2 mới được 4 tháng. Vì chồng tôi sa vào bài bạc và bỏ bê gia đình vợ con nên tôi muốn ly hôn. Trong thời kỳ hôn nhân anh ta có đánh đập chửi mắng tôi. Về tài sản có 1 sổ đỏ đứng tên 2 vợ chồng (do cha mẹ chồng chuyển nhượng); 4 chỉ vàng (2 chỉ do mẹ tôi tặng và 2 chỉ mẹ chồng tặng khi kết hôn); 3 xe máy gồm 2 xe đứng tên chồng và 1 xe đứng tên tôi. Cả 2 vợ chồng đều làm ruộng. Xin hỏi luật sư, khi ly hôn Tòa sẽ phân chia tài sản và quyền nuôi con như thế nào? Mong luật sư tư vấn giúp.","Trường hợp của bạn chúng tôi tư vấn như sau:

Trường hợp vợ hoặc chồng yêu cầu ly hôn, sau khi đã tiến hành hòa giải tại Tòa án mà không thành thì Tòa án giải quyết cho ly hôn nếu có căn cứ về việc vợ, chồng có hành vi bạo lực gia đình hoặc vi phạm nghiêm trọng quyền, nghĩa vụ của vợ, chồng làm cho hôn nhân lâm vào tình trạng trầm trọng, đời sống chung không thể kéo dài, mục đích của hôn nhân không đạt được.

Điều 59 Luật hôn nhân gia đình năm 2014 quy định tài sản chung của vợ chồng sẽ được chia đôi, nhưng có tính đến công sức đóng góp, tạo lập của mỗi bên để chia.

Tài sản chung được xác định bao gồm tài sản do vợ, chồng tạo ra, thu nhập do lao động, hoạt động sản xuất, kinh doanh và thu nhập hợp pháp khác trong thời kỳ hôn nhân; tài sản được tặng cho chung, thừa kế chung của vợ chồng; tài sản riêng của vợ hoặc chồng nhưng đã thỏa thuận sáp nhập vào tài sản chung thì được coi là tài sản chung của vợ chồng.

Như vậy, tài sản chung của vợ chồng bạn được xác định gồm giá trị quyền sử dụng đất do cha mẹ chồng chuyển nhượng lại; 4 chỉ vàng được tặng cho chung khi kết hôn.

Đối với tài sản là 3 chiếc xe máy, nếu được mua trong thời kỳ hôn nhân nhưng chỉ ghi tên của vợ hoặc chồng, khi có tranh chấp mà không có căn cứ chứng minh tài sản này thuộc sở hữu riêng của ai thì được coi là thuộc sở hữu chung của vợ chồng.

Về chăm sóc, nuôi dưỡng con cái sau khi ly hôn:

Sau khi ly hôn, cả vợ và chồng vẫn có nghĩa vụ nuôi dưỡng, chăm sóc, giáo dục con cái. Người trực tiếp nuôi con sẽ do vợ, chồng thỏa thuận. Tuy nhiên, đối với con dưới 36 tháng tuổi sẽ do mẹ trực tiếp nuôi, trừ trường hợp vợ, chồng có thỏa thuận khác.

Trường hợp của bạn, nếu vợ, chồng bạn không có thỏa thuận khác, con 4 tháng tuổi của hai bạn sẽ do bạn trực tiếp nuôi. Đối với con 38 tháng tuổi, nếu không thỏa thuận được, Tòa án sẽ quyết định giao con cho một bên trực tiếp nuôi căn cứ vào quyền lợi về mọi mặt của con.

Người không trực tiếp nuôi con có nghĩa vụ cấp dưỡng cho con. Mức cấp dưỡng do hai bạn thỏa thuận, căn cứ vào thu nhập, khả năng thực tế của người có nghĩa vụ cấp dưỡng và nhu cầu thiết yếu của người được cấp dưỡng. Nếu không thỏa thuận được thì yêu cầu Tòa án giải quyết.",,,,,,,,,
"Vợ giấu tài sản chung khi ly hôn thì phải làm như thế nào? Xin chào Ban biên tập Thư Ký Luật, tôi tên là Minh Long, hiện tại đang sinh sống và làm việc tại Long An, có vấn đề thắc mắc tôi muốn nhờ Ban biên tập tư vấn. Tôi kết hôn hồi đầu năm 2014, cuộc sống hôn nhân cũng diễn ra êm đềm, gia đình tôi có một con trai. Từ đó tới nay, mọi tài sản của gia đình tôi đều giao cho vợ quản lý. Tiền lương, thưởng tôi cũng đưa vợ giữ rồi bỏ vào sổ tiết kiệm chung của vợ chồng. Tới gần đây, tôi phát hiện vợ giấu tôi lấy tiền đem về cho anh em nhà vợ, tôi có hỏi thì vợ cứ chối phăn đi, đã vậy còn không ngớt lời chửi mắng tôi ích kỷ này nọ. Nhiều lần như vậy, tôi không thể chấp nhận nổi nên đã quyết định ly hôn với cô ấy. Khi ra tòa ly hôn, cô ấy chỉ khai rằng tài sản chung có nhà cửa, xe và một ít tiền trong ngân hàng. Nhưng tôi nắm rất rõ, tài sản chung mà vợ chồng tôi tạo lập có một khoản tiền rất lớn trong ngân hàng nhưng cô ấy cố tình giấu đi, chỉ trình ra có một phần nhỏ trong số đó. Tôi yêu cầu tòa điều tra, xác minh lại nhưng tòa lại nói rằng muốn vậy thì chính tôi phải trình ra chứng cứ chứng minh chứ tòa không có nghĩa vụ xác minh lại nữa. Xin hỏi, tòa nói thế có đúng không? Trường hợp của tôi phải giải quyết thế nào? Mong Ban biên tập tư vấn giúp tôi. Chân thành cảm ơn! (minh.long***@gmail.com)","Tòa án yêu cầu bạn phải cung cấp chứng cứ chứng minh là đúng với quy định của pháp luật hiện hành vì theo Điều 91 Bộ luật Tố tụng dân sự 2015 thì: Đương sự có yêu cầu Tòa án bảo vệ quyền và lợi ích hợp pháp của mình phải thu thập, cung cấp, giao nộp cho Tòa án tài liệu, chứng cứ để chứng minh cho yêu cầu đó là có căn cứ và hợp pháp, trừ các trường hợp sau đây:

a) Người tiêu dùng khởi kiện không có nghĩa vụ chứng minh lỗi của tổ chức, cá nhân kinh doanh hàng hóa, dịch vụ. Tổ chức, cá nhân kinh doanh hàng hóa, dịch vụ bị kiện có nghĩa vụ chứng minh mình không có lỗi gây ra thiệt hại theo quy định của Luật bảo vệ quyền lợi người tiêu dùng;

b) Đương sự là người lao động trong vụ án lao động mà không cung cấp, giao nộp được cho Tòa án tài liệu, chứng cứ vì lý do tài liệu, chứng cứ đó đang do người sử dụng lao động quản lý, lưu giữ thì người sử dụng lao động có trách nhiệm cung cấp, giao nộp tài liệu, chứng cứ đó cho Tòa án.

Người lao động khởi kiện vụ án đơn phương chấm dứt hợp đồng lao động thuộc trường hợp người sử dụng lao động không được thực hiện quyền đơn phương chấm dứt hợp đồng lao động hoặc trường hợp không được xử lý kỷ luật lao động đối với người lao động theo quy định của pháp luật về lao động thì nghĩa vụ chứng minh thuộc về người sử dụng lao động.

Như vậy, Bộ luật Tố tụng dân sự 2015 quy định rất rõ ràng nghĩa vụ chứng minh và cung cấp chứng cứ trong các tranh chấp dân sự là nghĩa vụ của đương sự chứ không phải là nghĩa vụ của tòa án. Tòa án chỉ có thể thu thập chứng cứ khi các chứng cứ có trong hồ sơ vụ việc dân sự chưa đủ cơ sở để giải quyết trong khi đương sự không thể tự mình thu thập được.

Trong trường hợp trên, để được chia tài sản thì anh phải chứng minh là vợ mình là người đã cất giữ hoặc gửi giữ tiền vàng của vợ chồng. Tài sản ấy là bao nhiêu, ở đâu, có biên nhận, giấy thỏa thuận gì không? Có ai làm chứng không? Nếu gửi ở ngân hàng thì bằng chứng là sổ tiết kiệm, thẻ tín dụng hoặc mã số các loại sổ hoặc thẻ đó... Nếu đầu tư vào cổ phiếu, trái phiếu thì bằng chứng là bản sao chụp trái phiếu, cổ phiếu hoặc các chứng từ, biên nhận có liên quan...

Trên đây là nội dung tư vấn của Ban biên tập Thư Ký Luật về việc chứng minh vợ giấu tài sản khi ly hôn. Bạn nên tham khảo chi tiết Bộ luật Tố tụng dân sự 2015 để hiểu rõ hơn vấn đề này.

Trân trọng!",,,,,,,,,
"Vợ, chồng có quyền được ở chung nhà sau khi ly hôn? Xin chào Ban biên tập Thư Ký Luật, tôi tên là Khánh Linh, hiện tại đang sinh sống và làm việc tại TP.HCM, có vấn đề thắc mắc muốn nhờ Ban biên tập tư vấn. Hiện tại vợ chồng tôi đã hoàn thành xong thủ tục ly hôn. Theo bản án ly hôn của Tòa án, căn nhà mà vợ chồng tôi ở sẽ do tôi quản lý và sử dụng, đồng thời tôi phải trả cho chồng tôi số tiền 500.000.0000 VNĐ tương ứng với một nửa tài sản lẽ ra chồng tôi sẽ được nhận khi ly hôn. Khi bản án có hiệu lực, tôi đã trả cho chồng tôi số tiền đó qua chuyển khoản (có xác nhận chuyển tiền của phía ngân hàng). Tuy nhiên chồng tôi vẫn cố tình ở lại nhà tôi và không chịu chuyển đi. Giờ tôi phải làm sao? Mong Ban biên tập tư vấn giúp tôi. Xin chân thành cảm ơn! (khanh.linh***@gmail.com)","Khi bản án ly hôn của vợ chồng bạn có hiệu lực pháp luật thì hai bên sẽ phải thực hiện theo đúng nội dung bản án. Theo đó ở đây, chồng bạn sẽ phải chuyển đến nơi ở mới. Tuy nhiên Điều 63 Luật hôn nhân gia đình 2014 có quy định về quyền lưu cư của vợ, chồng khi ly hôn như sau:

""Nhà ở thuộc sở hữu riêng của vợ, chồng đã đưa vào sử dụng chung thì khi ly hôn vẫn thuộc sở hữu riêng của người đó; trường hợp vợ hoặc chồng có khó khăn về chỗ ở thì được quyền lưu cư trong thời hạn 06 tháng kể từ ngày quan hệ hôn nhân chấm dứt, trừ trường hợp các bên có thỏa thuận khác.""

Như vậy theo quy định trên hiện tại nếu chồng bạn chưa có nơi ở mới, có khó khăn về chỗ ở thì chồng bạn có quyền ở lại căn nhà mà hai vợ chồng bạn trước đây từng sinh sống. Thời gian chồng bạn có thể ở lại tối đa là 6 tháng kể từ ngày có bản án ly hôn. Tuy nhiên việc chồng bạn được ở lại nơi đã cư trú trong vòng 6 tháng chỉ áp dụng đối với trường hợp chồng bạn có khó khăn về chỗ ở. Nếu bạn có bằng chứng chứng minh chồng bạn không gặp khó khăn về vấn đề này, Bạn có quyền yêu cầu chồng phải chuyển đi nơi khác. Trường hợp chồng bạn không chịu chuyển đi bạn có thể làm đơn trình báo ra cơ quan công an cấp xã (phường) nơi bạn đang sinh sống đề nghị cơ quan công an can thiệp việc chồng bạn cư trú bất hợp pháp.

Trên đây là nội dung tư vấn của Ban biên tập Thư Ký Luật về việc vợ chồng ở chung nhà sau khi ly hôn. Bạn nên tham khảo chi tiết Luật hôn nhân gia đình năm 2014 để hiểu rõ nội dung này.

Trân trọng!",,,,,,,,,
"Bố tôi lấy mẹ tôi được 10 năm thì mẹ tôi mất. Bố tôi nuôi 2 chị em gái tôi (con chung của bố mẹ) được 5 năm thì lấy vợ hai. Sau 9 năm bố tôi có 2 con riêng, bé gái năm nay 9 tuổi, bé trai năm nay 6 tuổi. Sổ đỏ đứng tên bố tôi, khi lấy vợ hai bố tôi cũng đã xây nhà cửa đàng hoàng, vợ hai bố tôi không có chút đóng góp nào trong tài sản chung của hai vợ chồng. Vậy nếu ra tòa ly hôn, tài sản và đất đai của bố tôi có phải chia cho vợ hai không?","Khoản 1 Điều 95 Luật Hôn nhân và gia đình quy định về Nguyên tắc chia tài sản khi ly hôn:

“1. Việc chia tài sản khi ly hôn do các bên thỏa thuận; nếu không thỏa thuận được thì yêu cầu Tòa án giải quyết. Tài sản riêng của bên nào thì thuộc quyền sở hữu của bên đó.”

Theo đó, Điều 23 Nghị định số 70/2001/NĐ-CP ngày 30/11/2001 quy định chi tiết thi hành Luật Hôn nhân và gia đình có hướng dẫn cụ thể đối với quyền sử dụng đất là tài sản riêng của một bên như sau:

“Khi ly hôn, quyền sử dụng đất mà mỗi bên có được trước khi kết hôn do được chuyển nhượng, chuyển đổi, thừa kế, nhận thế chấp hoặc quyền sử dụng đất mà mỗi bên được nhà nước giao, được cho thuê trước khi kết hôn vẫn là tài sản riêng của mỗi bên; quyền sử dụng đất của bên nào vẫn thuộc về bên đó, trừ trường hợp có thoả thuận khác.”

Như vậy, trường hợp nhà và đất hiện bố bạn đang ở được hình thành trước khi bố bạn và người vợ hai kết hôn và không được nhập vào khối tài sản chung của hai vợ chồng thì những tài sản này vẫn thuộc quyền sở hữu riêng của bố bạn và sẽ không được chia cho người vợ hai khi ly hôn.

Về nguyên tắc, Toà án chỉ phân chia tài sản chung của vợ chồng khi thụ lý vụ án ly hôn. Tuy nhiên, bạn cũng cần lưu ý đến quy định tại Điều 30 của Nghị định 70 nói trên, theo đó bố bạn có nghĩa vụ hỗ trợ người vợ hai tìm chỗ ở mới nếu người vợ hai chưa có nhà và gặp nhiều khó khăn khi tìm chỗ ở mới:

“Điều 30. Giải quyết quyền lợi của vợ chồng khi ly hôn đối với nhà ở thuộc sở hữu riêng của một bên

1. Trong trường hợp nhà ở thuộc sở hữu riêng của một bên vợ hoặc chồng đã đưa vào sử dụng chung, thì khi ly hôn, nhà ở đó vẫn thuộc sở hữu riêng của chủ sở hữu nhà, trừ trường hợp các bên có thoả thuận khác. Bên vợ hoặc chồng sở hữu nhà có nghĩa vụ hỗ trợ cho bên kia tìm chỗ ở mới, nếu bên kia có khó khăn và không thể tự tìm được chỗ ở mới. Bên chưa có chỗ ở được lưu cư trong thời hạn 6 tháng để tìm chỗ ở khác.

2. Trong trường hợp nhà ở đó đã được xây dựng mới, nâng cấp, sửa chữa, cải tạo, thì chủ sở hữu nhà phải thanh toán cho bên kia phần giá trị nhà đã xây dựng mới, nâng cấp, sửa chữa, cải tạo mà bên đó được hưởng vào thời điểm chia tài sản khi ly hôn”.",,,,,,,,,
"Quy định về yêu cầu xác định giá trị tài sản chung để chia khi ly hôn như thế nào? Xin chào Ban biên tập Thư Ký Luật, tôi tên là Thái Hùng, hiện đang sinh sống và làm việc tại Bình Phước, có vấn đề thắc mắc tôi muốn nhờ Ban biên tập tư vấn. Năm 1998 anh tôi kết hôn cùng chị dâu, họ được ông nội tôi cho một căn nhà và giao quyền sở hữu cho 2 vợ chồng cùng đứng tên. Hai vợ chồng có với nhau được 2 người con. Đến năm 2013, tôi bị tai biến, mất hết sức lao động, từ đó mâu thuẫn gia đình nảy sinh, anh tôi về nhà cha mẹ ruột ở đến năm 2017 thì hai vợ chồng chính thức ly hôn. Khi tòa xử cho hai vợ chồng ly hôn thì tài sản chung là căn nhà được chia đôi, do anh tôi mất hết sức lao động nên 2 con do chị dâu nuôi dưỡng. Đến nay anh tôi muốn bán căn nhà để lấy tiền trị bệnh thì chị dâu có hành vi cản trở là ra giá căn nhà cao hơn giá thực tế rất nhiều để không ai mua nhằm chiếm hữu ngôi nhà. Hỏi chị tôi có vi phạm pháp luật không, anh tôi phải làm thế nào để lấy được phần tài sản của mình? Mong nhận được tư vấn của Ban biên tập Thư Ký Luật. Chân thành cảm ơn! Email: thai.hung***@gmail.com","Ban biên tập đã nhận được tình huống thắc mắc của bạn và hiểu rằng vấn đề bạn muốn giải quyết đó là việc giải quyết tài sản của vợ chồng khi ly hôn. Ban biên tập xin tư vấn như sau:

Điều 59 Luật Hôn nhân và gia đình 2014 quy định về Nguyên tác giải quyết tài sản của vợ chồng khi ly hôn như sau:

1. Trong trường hợp chế độ tài sản của vợ chồng theo luật định thì việc giải quyết tài sản do các bên thỏa thuận; nếu không thỏa thuận được thì theo yêu cầu của vợ, chồng hoặc của hai vợ chồng, Tòa án giải quyết theo quy định tại các khoản 2, 3, 4 và 5 Điều này và tại các điều 60, 61, 62, 63 và 64 của Luật này.

Trong trường hợp chế độ tài sản của vợ chồng theo thỏa thuận thì việc giải quyết tài sản khi ly hôn được áp dụng theo thỏa thuận đó; nếu thỏa thuận không đầy đủ, rõ ràng thì áp dụng quy định tương ứng tại các khoản 2, 3, 4 và 5 Điều này và tại các điều 60, 61, 62, 63 và 64 của Luật này để giải quyết.

2. Tài sản chung của vợ chồng được chia đôi nhưng có tính đến các yếu tố sau đây:

a) Hoàn cảnh của gia đình và của vợ, chồng;

b) Công sức đóng góp của vợ, chồng vào việc tạo lập, duy trì và phát triển khối tài sản chung. Lao động của vợ, chồng trong gia đình được coi như lao động có thu nhập;

c) Bảo vệ lợi ích chính đáng của mỗi bên trong sản xuất, kinh doanh và nghề nghiệp để các bên có điều kiện tiếp tục lao động tạo thu nhập;

d) Lỗi của mỗi bên trong vi phạm quyền, nghĩa vụ của vợ chồng.

3. Tài sản chung của vợ chồng được chia bằng hiện vật, nếu không chia được bằng hiện vật thì chia theo giá trị; bên nào nhận phần tài sản bằng hiện vật có giá trị lớn hơn phần mình được hưởng thì phải thanh toán cho bên kia phần chênh lệch.

4. Tài sản riêng của vợ, chồng thuộc quyền sở hữu của người đó, trừ trường hợp tài sản riêng đã nhập vào tài sản chung theo quy định của Luật này.

Trong trường hợp có sự sáp nhập, trộn lẫn giữa tài sản riêng với tài sản chung mà vợ, chồng có yêu cầu về chia tài sản thì được thanh toán phần giá trị tài sản của mình đóng góp vào khối tài sản đó, trừ trường hợp vợ chồng có thỏa thuận khác.

Trường hợp của bạn, bạn không nêu rõ về thông tin tài sản chung là căn nhà của hai vợ chồng anh trai bạn cũng như hình thức phân chia tài sản chung của Tòa án áp dụng cho vợ chồng anh trai bạn là chia hiện vật hay chia theo giá trị tài sản. Tuy nhiên từ những thông tin bạn cung cấp, mặc dù Tòa án đã phân chia tài sản chung là chia đôi, nhưng trên thực tế hai người vẫn chưa phân chia, người đang sử dụng trực tiếp với tài sản chung này là chị dâu bạn nên tài sản này trên thực tế đang là tài sản chung theo phần của hai người mà mỗi người có quyền sở hữu một nửa với tài sản này.

Điều 218 Bộ luật Dân sự 2015 quy định về quyền định đoạt đối với tài sản chung và phân chia tài sản chung như sau:

1. Mỗi chủ sở hữu chung theo phần có quyền định đoạt phần quyền sở hữu của mình.

2. Việc định đoạt tài sản chung hợp nhất được thực hiện theo thỏa thuận của các chủ sở hữu chung hoặc theo quy định của pháp luật.

3. Trường hợp một chủ sở hữu chung theo phần bán phần quyền sở hữu của mình thì chủ sở hữu chung khác được quyền ưu tiên mua.

Trong thời hạn 03 tháng đối với tài sản chung là bất động sản, 01 tháng đối với tài sản chung là động sản, kể từ ngày các chủ sở hữu chung khác nhận được thông báo về việc bán và các điều kiện bán mà không có chủ sở hữu chung nào mua thì chủ sở hữu đó được quyền bán cho người khác. Việc thông báo phải được thể hiện bằng văn bản và các điều kiện bán cho chủ sở hữu chung khác phải giống như điều kiện bán cho người không phải là chủ sở hữu chung.

Trường hợp bán phần quyền sở hữu mà có sự vi phạm về quyền ưu tiên mua thì trong thời hạn 03 tháng, kể từ ngày phát hiện có sự vi phạm về quyền ưu tiên mua, chủ sở hữu chung theo phần trong số các chủ sở hữu chung có quyền yêu cầu Tòa án chuyển sang cho mình quyền và nghĩa vụ của người mua; bên có lỗi gây thiệt hại phải bồi thường thiệt hại.

4. Trường hợp một trong các chủ sở hữu chung đối với bất động sản từ bỏ phần quyền sở hữu của mình hoặc khi người này chết mà không có người thừa kế thì phần quyền sở hữu đó thuộc về Nhà nước, trừ trường hợp sở hữu chung của cộng đồng thì thuộc sở hữu chung của các chủ sở hữu chung còn lại.

Như vậy, khi anh trai bạn có nhu cầu muốn bán nhà thì anh trai bạn có quyền định đoạt đối với một nửa căn nhà tuy nhiên phải ưu tiên cho chị dâu bạn có quyền mua lại, sau thời gian 3 tháng thông báo có nhu cầu bán mà chị dâu bạn không mua thì anh trai bạn có quyền bán cho người khác. Tuy nhiên căn nhà chỉ có thể bán cho người khác được khi nó đủ điều kiện để phân tách. Nếu căn nhà không đủ điều kiện để phân chia thì căn cứ vào Khoản 1 Điều 219 Bộ luật dân sự 2015 thì phải chia căn nhà ra giá trị tiền để hoàn trả cho bên không nhận nhà. Nếu hai anh chị bạn không thể tự thỏa thuận được cách chia căn nhà và định đoạt nhà thì có thể khởi kiện ra Tòa án để xác định hình thức phân chia lại tài sản chung này.

Trên đây là tư vấn của Ban biên tập Thư Ký Luật về giải quyết yêu cầu xác định giá trị tài sản chung để chia khi ly hôn. Bạn nên tham khảo chi tiết Luật Hôn nhân và gia đình 2014 để nắm rõ quy định này.

Trân trọng!",,,,,,,,,
"Bạn N.T.D - Email: dungn2425@xxx trình bày: Tôi và chồng đã kết hôn được 10 năm và có 2 miếng đất, chúng tôi không hợp nhau và đã ly thân hơn 1 năm nay và tính ly hôn nhưng không muốn đưa tài sản ra toà mà tự thương lượng với nhau. Chồng tôi cần tiền và tôi lấy đất thì cần làm thủ tục như thế nào để 2 miếng đất đó thuộc tài sản của tôi?","Nếu các bạn chưa tiến hành thủ tục ly hôn, thì hai bên có thể  lập văn bản thỏa thuận phân chia tài sản chung vợ chồng trong thời kỳ hôn nhân theo quy định tại Điều 38 Luật Hôn nhân và Gia đình 2014. Thỏa thuận này sẽ có hiệu lực, trừ trường hợp gây anh hưởng nghiêm trọng đến lợi ích của gia đình; quyền, lợi ích hợp pháp của con chưa thành niên, con đã thành niên mất năng lực hành vi dân sự hoặc không có khả năng lao động và không có tài sản để tự nuôi mình hoặc nhằm để  trốn tránh thực hiện các nghĩa vụ sau đây: Nghĩa vụ nuôi dưỡng, cấp dưỡng; Nghĩa vụ bồi thường thiệt hại; Nghĩa vụ thanh toán khi bị Tòa án tuyên bố phá sản; Nghĩa vụ trả nợ cho cá nhân, tổ chức;  Nghĩa vụ nộp thuế hoặc nghĩa vụ tài chính khác đối với Nhà nước.

Ngay cả trong quá trình ly hôn, các bạn cũng có thể thỏa thuận về việc phân chia tài sản, trường hợp không thỏa thuận được thì tòa án mới phán quyết. Khi thỏa thuận được các bạn nên làm ký thỏa thuận nhượng quyền sử dụng đất tại Văn phòng công chứng sau đó đi làm thủ tục sang tên  chuyển nhượng quyền sử dụng mảnh đất đó.",,,,,,,,,
"Vụ án ly hôn, tranh chấp về nuôi con, chia tài sản khi ly hôn mà nguyên đơn và bị đơn đều cư trú ở hai nơi khác nhau, tài sản là bất động sản lại ở nơi khác thì Tòa án nào có thẩm quyền giải quyết?","Vụ án ly hôn, tranh chấp về nuôi con, chia tài sản khi ly hôn mà có tranh chấp về bất động sản thì thẩm quyền giải quyết của Tòa án được xác định theo quy định tại điểm a, b khoản 1 Điều 39 Bộ luật tố tụng dân sự năm 2015; cụ thể là Tòa án nơi bị đơn cư trú, làm việc. Trường hợp các đương sự thỏa thuận với nhau bằng văn bản yêu cầu Tòa án nơi cư trú, làm việc của nguyên đơn thì Tòa án nơi cư trú, làm việc của nguyên đơn có thẩm quyền giải quyết.

Trên đây là giải đáp của Tòa án nhân dân tối cao tại Khoản 1 Phần IV. Về tố tụng dân sự, thi hành án dân sự tại Văn bản 01/2017/GĐ-TANDTC giải đáp vấn đề nghiệp vụ do Tòa án nhân dân tối cao ban hành.

Trân trọng!",,,,,,,,,
"Khi cưới nhau, cha mẹ 2 bên mừng quà cưới cho cô dâu một số dây chuyền, nhẫn, lắc vàng…. Đến khi vợ chồng ly hôn, mẹ chồng đòi lại những thứ đã tặng con dâu, nếu cô dâu không trả lại thì có vi phạm pháp luật không?","Theo thông tin bạn cung cấp, chúng tôi xin đưa ra ý kiến như sau:

Thứ nhất, pháp luật quy định về tài sản

Theo quy định tại Điều 105 Bộ luật Dân sự 2015, tài sản gồm có:

“Điều 105. Tài sản

1. Tài sản là vật, tiền, giấy tờ có giá và quyền tài sản.

2. Tài sản bao gồm bất động sản và động sản. Bất động sản và động sản có thể là tài sản hiện có và tài sản hình thành trong tương lai”.

Do đó, dây chuyền, nhẫn, lắc vàng… là tài sản không phải đăng ký quyền sở hữu.

Như vậy, khi cô dâu được tặng cho tài sản mà nhận tài sản của mẹ chồng thì việc tặng cho đã hoàn tất, quyền sở hữu tài sản đã được chuyển dịch từ người tặng cho sang người được tặng cho.

Thứ hai, quà cưới cũng được coi là một loại hợp đồng tặng cho tài sản

Theo quy định tại Điều 457 Bộ luật Dân sự 2015 về hợp đồng tặng cho tài sản:

“Điều 457. Hợp đồng tặng cho tài sản

Hợp đồng tặng cho tài sản là sự thỏa thuận giữa các bên, theo đó bên tặng cho giao tài sản của mình và chuyển quyền sở hữu cho bên được tặng cho mà không yêu cầu đền bù, bên được tặng cho đồng ý nhận.”

Và căn cứ khoản 1 Điều 458 Bộ luật Dân sự 2015 quy định thì:

“Điều 458. Tặng cho động sản

1. Hợp đồng tặng cho động sản có hiệu lực kể từ thời điểm bên được tặng cho nhận tài sản, trừ trường hợp có thỏa thuận khác.”

Trong trường hợp này, việc mẹ chồng tặng dây chuyền, nhẫn, lắc vàng cho cô dâu trong lễ cưới mà không kèm bất kỳ điều kiện nào và nếu cô dâu cũng đồng ý nhận thì số nữ trang đó đã thuộc sở hữu của cô dâu.

Do vậy, trường hợp hai vợ chồng ly hôn mà mẹ chồng đòi lại những thứ đã tặng cho con dâu là không có căn cứ, và việc cô dâu không trả lại thì không được coi là vi phạm pháp luật.",,,,,,,,,
Bạn P.V.D - Email: dien14.dcn401@xxx trình bày: Tôi có 1 mảnh đất được cậu trao tặng trong thời kỳ hôn nhân và có tên vợ trong đồng sở hữu. Nay tôi làm sổ đỏ đứng tên tôi thì phần tài sản đó được coi là của chung hay riêng khi vợ chồng tôi ly dị?,"Theo thông tin bạn cung cấp chúng tôi tư vấn trường hợp của bạn như sau:

Theo quy định tại Điều 33 Luật Hôn nhân gia đình 2014 thì quyền sử dụng đất mà vợ, chồng bạn có được sau khi kết hôn là tài sản chung của vợ chồng, trừ trường hợp vợ hoặc chồng được tặng cho riêng.

Quyền sử dụng đất là tài sản chung của vợ chồng mà pháp luật quy định phải đăng ký sở hữu, nhưng trong giấy chứng nhận quyền sử dụng đất chỉ ghi tên của vợ hoặc chồng, nếu không có tranh chấp thì đó là tài sản chung của vợ chồng.

Nếu có tranh chấp thì đó là tài sản riêng,  người có tên trong giấy chứng nhận quyền sử dụng đất phải chứng minh. Trong trường hợp không có căn cứ để chứng minh tài sản mà vợ, chồng đang có tranh chấp là tài sản riêng của mỗi bên thì tài sản đó được coi là tài sản chung (Khoản 3 Điều 33 Luật Hôn nhân và gia đình).",,,,,,,,,
"Tôi và chồng ly thân từ năm 2013 song con còn nhỏ nên chưa muốn làm thủ tục xin ly hôn. Vì việc làm ăn của mỗi người, giờ chúng tôi muốn chia tài sản.
Khi ly hôn có được chia tài sản đứng tên bố chồng?
Tôi xin hỏi khi chưa làm thủ tục ly hôn, vợ chồng có được thỏa thuận để chia tài sản chung không?","Về trường hợp của vợ chồng bạn, dù đã ly thân từ năm 2013 nhưng chưa làm thủ tục ly hôn theo quy định của pháp luật nên quan hệ vợ chồng vẫn tồn tại. Việc chia tài sản sẽ thực hiện theo thủ tục chia tài sản trong thời kỳ hôn nhân được quy định tại Điều 38 Luật hôn nhân và gia đình 2014 như sau:

- Trong thời kỳ hôn nhân, vợ chồng có quyền thỏa thuận chia một phần hoặc toàn bộ tài sản chung, trừ trường hợp:

+ Việc chia tài sản ảnh hưởng nghiêm trọng đến lợi ích của gia đình; quyền, lợi ích hợp pháp của con chưa thành niên, con đã thành niên mất năng lực hành vi dân sự hoặc không có khả năng lao động và không có tài sản để tự nuôi mình.

+ Việc chia tài nhằm trốn tránh thực hiện các nghĩa vụ sau đây: (1) Nghĩa vụ nuôi dưỡng, cấp dưỡng; (2) Nghĩa vụ bồi thường thiệt hại; (3) Nghĩa vụ thanh toán khi bị Tòa án tuyên bố phá sản; (4) Nghĩa vụ trả nợ cho cá nhân, tổ chức; (5) Nghĩa vụ nộp thuế hoặc nghĩa vụ tài chính khác đối với Nhà nước; (6) Nghĩa vụ khác về tài sản theo quy định của Luật này, Bộ luật dân sự và quy định khác của pháp luật có liên quan.

- Thỏa thuận về việc chia tài sản chung phải lập thành văn bản. Văn bản này được công chứng theo yêu cầu của vợ chồng hoặc theo quy định của pháp luật.

- Trong trường hợp vợ, chồng có yêu cầu thì tòa án giải quyết việc chia tài sản chung của vợ chồng theo quy định tại Điều 59 của Luật này.

Như vậy, nếu không thuộc các trường hợp không được phép chia tài sản chung trong thời kì hôn nhân theo quy định của pháp luật, vợ chồng bạn có quyền thỏa thuận về việc chia tài sản. Nội dung của văn bản thỏa thuận bao gồm các thông tin cơ bản như: tên, tuổi, nơi ở của 2 vợ chồng, tài sản được chia, thỏa thuận chia, quyền và nghĩa vụ của các bên, thời điểm việc chia tài sản có hiệu lực, các thỏa thuận khác và phải có chữ ký của hai vợ chồng…Việc chia tài sản phải lập thành văn bản phải được công chứng theo quy định của pháp luật.

Trong trường hợp hai vợ chồng bạn không thỏa thuận được về việc chia tài sản chung, bạn có thể làm đơn yêu cầu phân chia tài sản chung gửi đến tòa án cấp huyện nơi vợ chồng đang cư trú để giải quyết việc phân chia tài sản theo đúng quy định pháp luật.",,,,,,,,,
"Tài sản vợ hoặc chồng được tặng cho riêng, hoa lợi (lợi nhuận) phát sinh từ tài sản được tặng cho trong thời gian vợ chồng ly thân thì khi ly hôn có phải chia cho chồng hoặc vợ không?","Vợ chồng có tài sản chung và có quyền có tài sản riêng cũng như có nhập hoặc không nhập tài sản riêng vào khối tài sản chung của vợ chồng. Khi ly hôn, tài sản riêng của vợ hoặc chồng vẫn thuộc quyền sở hữu của người có tài sản đó bao gồm các quyền đối với hoa lợi phát sinh từ tài sản riêng và đương nhiên sẽ không bị chia khi vợ chồng ly hôn nếu vợ chồng không có thỏa thuận chia tài sản riêng của vợ hoặc chồng.",,,,,,,,,
"Em với chồng đã ly hôn cách đây 02 năm, vợ chồng em thuận tình ly hôn, nên tài sản chung và các khoản nợ chung chúng em không đưa vào đơn ly hôn. Mà tự thỏa thuận, có Biên bản thỏa thuận chia tài sản chung, hai bên tự ký, không có xác nhận của chính quyền địa phương và cơ quan nơi hai vợ chồng đang công tác. Theo thỏa thuận của chồng trong đơn và theo yêu cầu của em là sau ly hôn 3 tháng, chồng sẽ đưa đủ số tiền 150 triệu đồng cho em, để em ổn định nhà cửa, nuôi con. Nhưng đến nay, đã hơn 2 năm, mà chồng em vẫn chưa đưa được đồng nào cho mẹ con em cả. Hiện nay chồng em lại sửa sang nhà cửa, để lấy vợ mới. Mẹ con em thì ở ngoài trọ, em muốn hỏi là bây giờ e khởi kiện thì có muộn không ạ? Mong nhận được tư vấn của Ban biên tập Thư Ký Luật. Chân thành cảm ơn!","Theo Điều 59 Luật Hôn nhân và Gia đình 2014 quy định:

1. Trong trường hợp chế độ tài sản của vợ chồng theo luật định thì việc giải quyết tài sản do các bên thỏa thuận; nếu không thỏa thuận được thì theo yêu cầu của vợ, chồng hoặc của hai vợ chồng, Tòa án giải quyết theo quy định tại các khoản 2, 3, 4 và 5 Điều này và tại các điều 60, 61, 62, 63 và 64 của Luật này.

Trong trường hợp chế độ tài sản của vợ chồng theo thỏa thuận thì việc giải quyết tài sản khi ly hôn được áp dụng theo thỏa thuận đó; nếu thỏa thuận không đầy đủ, rõ ràng thì áp dụng quy định tương ứng tại các khoản 2, 3, 4 và 5 Điều này và tại các điều 60, 61, 62, 63 và 64 của Luật này để giải quyết.

2. Tài sản chung của vợ chồng được chia đôi nhưng có tính đến các yếu tố sau đây:

a) Hoàn cảnh của gia đình và của vợ, chồng;

b) Công sức đóng góp của vợ, chồng vào việc tạo lập, duy trì và phát triển khối tài sản chung. Lao động của vợ, chồng trong gia đình được coi như lao động có thu nhập;

c) Bảo vệ lợi ích chính đáng của mỗi bên trong sản xuất, kinh doanh và nghề nghiệp để các bên có điều kiện tiếp tục lao động tạo thu nhập;

d) Lỗi của mỗi bên trong vi phạm quyền, nghĩa vụ của vợ chồng.

3. Tài sản chung của vợ chồng được chia bằng hiện vật, nếu không chia được bằng hiện vật thì chia theo giá trị; bên nào nhận phần tài sản bằng hiện vật có giá trị lớn hơn phần mình được hưởng thì phải thanh toán cho bên kia phần chênh lệch.

4. Tài sản riêng của vợ, chồng thuộc quyền sở hữu của người đó, trừ trường hợp tài sản riêng đã nhập vào tài sản chung theo quy định của Luật này.

Trong trường hợp có sự sáp nhập, trộn lẫn giữa tài sản riêng với tài sản chung mà vợ, chồng có yêu cầu về chia tài sản thì được thanh toán phần giá trị tài sản của mình đóng góp vào khối tài sản đó, trừ trường hợp vợ chồng có thỏa thuận khác.

5. Bảo vệ quyền, lợi ích hợp pháp của vợ, con chưa thành niên, con đã thành niên mất năng lực hành vi dân sự hoặc không có khả năng lao động và không có tài sản để tự nuôi mình.

6. Tòa án nhân dân tối cao chủ trì phối hợp với Viện kiểm sát nhân dân tối cao và Bộ Tư pháp hướng dẫn Điều này.""

Chiếu theo quy định trên, trước hết việc chia tài sản chung sẽ do 2 vợ chồng thỏa thuận. Về nguyên tắc tài sản chung vợ chồng sẽ được chia đôi có tính đến công sức đóng góp của mỗi bên. Nếu không thỏa thuận được thì khi có yêu cầu TAND sẽ giải quyết việc phân chia dựa trên các yếu tố như hoàn cảnh của hai bên, công sức đóng góp của hai bên, lỗi của các bên trong việc vi phạm…

Với trường hợp của bạn khi thuận tình ly hôn vợ chồng bạn sẽ tự thỏa thuận giải quyết về các vấn đề con cái, tài sản, nợ chung… Tuy nhiên hiện nay đối với phần tài sản, chồng bạn không thực hiện theo thỏa thuận của hai bên. Theo đó, bạn có thể khởi kiện đến Tòa án nhân dân để yêu cầu chồng cũ của mình thực hiện đúng nghĩa vụ đã cam kết trong thỏa thuận. Văn bản thỏa thuận phân chia tài sản chung vợ chồng sau khi ly hôn không buộc phải công chứng, chứng thực. Do đó văn bản này hoàn toàn có giá trí pháp lý. Dựa vào văn bản này và các giấy tờ chứng minh tài sản khác bạn có thể cung cấp cho Tòa án để làm cơ sở giải quyết yêu cầu khởi kiện của mình.

Trên đây là tư vấn của Ban biên tập Thư Ký Luật về khởi kiện yêu cầu thực hiện văn bản thỏa thuận chia tài sản sau ly hôn. Bạn nên tham khảo chi tiết Luật Hôn nhân và Gia đình 2014 để nắm rõ quy định này.

Trân trọng!",,,,,,,,,
Nguyên tắc chia tài sản khi ly hôn được thực hiện như thế nào?,"1. Việc chia tài sản khi ly hôn do các bên thỏa thuận; nếu không thỏa thuận được thì yêu cầu Tòa án giải quyết. Tài sản riêng của bên nào thì thuộc quyền sở hữu của bên đó. 2. Việc chia tài sản chung được giải quyết theo các nguyên tắc sau đây: a) Tài sản chung của vợ chồng về nguyên tắc được chia đôi, nhưng có xem xét hoàn cảnh của mỗi bên, tình trạng tài sản, công sức đóng góp của mỗi bên vào việc tạo lập, duy trì, phát triển tài sản này. Lao động của vợ, chồng trong gia đình được coi như lao động có thu nhập; b) Bảo vệ quyền, lợi ích hợp pháp của vợ, con chưa thành niên hoặc đã thành niên bị tàn tật, mất năng lực hành vi dân sự, không có khả năng lao động và không có tài sản để tự nuôi mình; c) Bảo vệ lợi ích chính đáng của mỗi bên trong sản xuất, kinh doanh và nghề nghiệp để các bên có điều kiện tiếp tục lao động tạo thu nhập; d) Tài sản chung của vợ chồng được chia bằng hiện vật hoặc theo giá trị; bên nào nhận phần tài sản bằng hiện vật có giá trị lớn hơn phần mình được hưởng thì phải thanh toán cho bên kia phần giá trị chênh lệch. 3. Việc thanh toán nghĩa vụ chung về tài sản của vợ, chồng do vợ, chồng thỏa thuận; nếu không thỏa thuận được thì yêu cầu Tòa án giải quyết.",,,,,,,,,
"Tôi kết hôn cách đây gần 10 năm, hiện tôi đang sống chung với gia đình nhà chồng. Trong thời gian chung sống, vợ chồng tôi cùng quản lí, điều hành cửa hàng kinh doanh của gia đình thay cho bố mẹ chồng. Nhờ làm ăn thuận lợi, vợ chồng tôi xây dựng được ngôi nhà mới khang trang, mua sắm nhiều vật dụng, tiện nghi cũng đắt tiền. Gần đây, do việc làm ăn thua lỗ, vợ chồng tôi có nảy sinh nhiều mâu thuẫn nên chúng tôi quyết định làm thủ tục ly hôn. Tôi rất băn khoăn bởi chưa biết tòa án sẽ giải quyết phần tài sản như thế nào khi bố mẹ chồng cho rằng, khi lấy nhau chúng tôi không có bất kỳ tài sản gì nên khi ly hôn cũng không được mang theo tài sản?","Qua thông tin mà bạn cung cấp cho chúng tôi, chúng tôi xin được đưa ra quan điểm tư vấn như sau: Trong khoản 1, Điều 33 Luật Hôn nhân và Gia đình năm 2014 đã quy định về tài sản chung của vợ chồng là: “Tài sản chung của vợ chồng gồm có tài sản do người vợ, chồng tạo ra, thu nhập do lao động, hoạt động sản xuất, kinh doanh, hoa lợi, lợi tức phát sinh từ những tài sản riêng và thu nhập hợp pháp khác trong thời kỳ hôn nhân...”. Do vậy, với trường hợp của chị, vợ chồng chị đã làm ăn kinh doanh và xây dựng được 1 ngôi nhà mới khang trang, mua sắm nhiều vật dụng, tiện nghi đắt tiền như thế tài sản đó là tài sản chung do công sức của cả hai vợ chồng chị trong thời kỳ hôn nhân. Mặt khác, chị lấy chồng và sống chung với gia đình chồng nên việc phân chia tài sản khi ly hôn được quy định trong Điều 61 Luật Hôn nhân và Gia đình năm 2014: 1. Đối với trường hợp vợ chồng sống chung với gia đình mà ly hôn, nếu tài sản của hai vợ chồng trong khối tài sản chung của gia đình không xác định được thì vợ/ chồng được chia 1 phần trong khối tài sản chung của gia đình căn cứ vào công sức đóng góp của hai vợ chồng vào việc tạo lập, duy trì, phát triển khối tài sản chung và vào đời sống chung của gia đình. Việc chia 1 phần trong khối tài sản chung do vợ chồng thỏa thuận với gia đình; trường hợp không thỏa thuận được thì yêu cầu tòa án nhân dân giải quyết. 2. Đối với trường hợp vợ chồng sống chung với gia đình mà khối tài sản của vợ chồng trong khối tài sản chung của gia đình có thể xác định được theo từng phần thì khi ly hôn, phần tài sản của vợ chồng được trích ra từ khối tài sản chung để chia theo quy định trong Điều 59 của Luật này. Như vậy, chị muốn làm thủ tục ly hôn và chia tài sản trong thời kỳ hôn nhân, nếu không thỏa thuận được với phía gia đình nhà chồng thì chị yêu cầu tòa án nhân dân giải quyết. Trong trường hợp vợ chồng chị sống chung với gia đình mà ly hôn, tài sản của vợ chồng trong khối tài sản chung của gia đình mà không xác định được thì chị sẽ được 1 phần trong khối tài sản chung của gia đình căn cứ vào công sức đóng góp trong việc tạo lập, duy trì và phát triển khối tài sản chung đó. Trong trường hợp vợ chồng chị sống chung với gia đình mà tài sản của vợ chồng mà trong khối tài sản chung của gia đình có thể xác định được theo phần thì khi ly hôn phần tài sản của hai vợ chồng chị sẽ được trích ra từ khối tài sản chung đó để chia.",,,,,,,,,
"Cháu chào luật sư Xin luật sư giải đáp thắc mắc cho cháu với về vấn đề chia tài sản khi ly hôn: Cụ thể như sau  Bạn cháu trước khi kết hôn có một sở hữu một mảnh đất mang tên bạn cháu, sau khi kết hôn thì hai vợ chồng bạn ấy xây một ngôi nhà ba tầng lên mảnh đất đó. Nhưng giờ đây hai vợ chồng bạn ấy làm thủ tục ly hôn. Vậy thì số tài sản gồm có mảnh đất và ngôi nhà đó sẽ được tòa xét xử như thế nào nếu hai bên không thỏa thuận được ạ. Cháu mong luật sư sớm hồi âm Cháu xin chân thành cảm ơn","Về câu hỏi của bạn có thể hiểu đại ý như sau:

Mảnh đất này là tài sản có trước khi ly hôn, nếu bạn của ban không nhập tài sản này chung với chồng/vợ thì được hiểu là tài sản riêng có trước khi kết hôn.

Về ngôi nhà xây trên đất là tiền chung của vợ chồng trong thời kỳ hôn nhân do đó được chia nguyên tắc là đều nhau, vậy cần xác định, định giá trị ngôi nhà này để xác định được khoản tiền chung của ngôi nhà.

Nếu không thỏa thuận được thì việc chia tài sản là ngôi nhà sẽ được chia đôi theo giá trị, bạn của bạn có đất sẽ được chia phần hiện vật là ngôi nhà và đất riêng của mình, đồng thời phải thanh toán cho bên kia khoảng ½ giá trị ngôi nhà bằng tiền mặt.",,,,,,,,,
"Khoảng năm 2009 mẹ đẻ của em có bỏ nhà đi và cầm theo khoảng 300 triệu đồng, trước đó bà có vay nợ vài nơi. Hiện tại, bố em muốn làm thủ tục ly hôn với mẹ em, 2 người có tài sản chung là 1 ngôi nhà 3 tầng, nhưng được xây dựng trên lô đất do bà nội em đứng tên (hiện tại bà vẫn sống và chưa giao quyền sử dụng đất cho ai). Khi mẹ em đi em và em trai ở cùng bố, hiện tại em đã lấy chồng và có gia đình riêng. Qua bố em, em có được biết tòa có tư vấn cho bố em là: Tính từ khoảng thời gian mẹ em bỏ đi đó đến nay, chuyện công nơ, nuôi dạy con cái sẽ chia đôi trách nhiệm cho 2 bên. Và những khoản nợ bố em đã thanh toán có giấy nhận của người cho vay thì sẽ chia đôi, kể cả tiền nuôi dạy con cái ... nên nếu tính giá trị tài sản hiện tài thì bố em ko cần thanh toán 1 khoản nào cho mẹ em để giữ lại ngôi nhà cho em trai em.   Nhưng mẹ em có quen biết 1 người làm ở tòa án lại được họ tư vấn như sau: nếu ra tòa quyền lợi của người vợ sẽ luôn được tòa bênh vực hơn. Nếu ra tòa ko giải quyết được theo hướng tình cảm thì tòa có thể quyết định tổng số tài sản, rồi chia đôi cho cả 2 bên. Theo như em dc biết thì bác này có tư vấn cho mẹ em về lô đất trên có giá khoảng gần 2 tỷ đồng, nếu ra tòa mẹ em sẽ được hưởng nửa giá trị tài sản trên. Em muốn hỏi là nếu ra tòa thì quyền lợi của mẹ em sẽ được tòa giải quyết như thế nào? và nếu 2 bên giải quyết tình cảm tức là, mẹ em viết đơn ly hôn mà ko nhận tài sản (thực tế, là bố em sẽ cho mẹ em 1 khoản tiền để giữ lại ngôi nhà cho em trai em)  thì có mất án phi không và án phí là bao nhiêu phần trăm trên giá trị tài sản?","Luật hôn nhân và gia đình năm 2014 quy định như sau:

""Điều 33. Tài sản chung của vợ chồng

1. Tài sản chung của vợ chồng gồm tài sản do vợ, chồng tạo ra, thu nhập do lao động, hoạt động sản xuất, kinh doanh, hoa lợi, lợi tức phát sinh từ tài sản riêng và thu nhập hợp pháp khác trong thời kỳ hôn nhân, trừ trường hợp được quy định tại khoản 1 Điều 40 của Luật này; tài sản mà vợ chồng được thừa kế chung hoặc được tặng cho chung và tài sản khác mà vợ chồng thỏa thuận là tài sản chung.

Quyền sử dụng đất mà vợ, chồng có được sau khi kết hôn là tài sản chung của vợ chồng, trừ trường hợp vợ hoặc chồng được thừa kế riêng, được tặng cho riêng hoặc có được thông qua giao dịch bằng tài sản riêng.

2. Tài sản chung của vợ chồng thuộc sở hữu chung hợp nhất, được dùng để bảo đảm nhu cầu của gia đình, thực hiện nghĩa vụ chung của vợ chồng.

3. Trong trường hợp không có căn cứ để chứng minh tài sản mà vợ, chồng đang có tranh chấp là tài sản riêng của mỗi bên thì tài sản đó được coi là tài sản chung.

Điều 59. Nguyên tắc giải quyết tài sản của vợ chồng khi ly hôn

1. Trong trường hợp chế độ tài sản của vợ chồng theo luật định thì việc giải quyết tài sản do các bên thỏa thuận; nếu không thỏa thuận được thì theo yêu cầu của vợ, chồng hoặc của hai vợ chồng, Tòa án giải quyết theo quy định tại các khoản 2, 3, 4 và 5 Điều này và tại các điều 60, 61, 62, 63 và 64 của Luật này.

Trong trường hợp chế độ tài sản của vợ chồng theo thỏa thuận thì việc giải quyết tài sản khi ly hôn được áp dụng theo thỏa thuận đó; nếu thỏa thuận không đầy đủ, rõ ràng thì áp dụng quy định tương ứng tại các khoản 2, 3, 4 và 5 Điều này và tại các điều 60, 61, 62, 63 và 64 của Luật này để giải quyết.

2. Tài sản chung của vợ chồng được chia đôi nhưng có tính đến các yếu tố sau đây:

a) Hoàn cảnh của gia đình và của vợ, chồng;

b) Công sức đóng góp của vợ, chồng vào việc tạo lập, duy trì và phát triển khối tài sản chung. Lao động của vợ, chồng trong gia đình được coi như lao động có thu nhập;

c) Bảo vệ lợi ích chính đáng của mỗi bên trong sản xuất, kinh doanh và nghề nghiệp để các bên có điều kiện tiếp tục lao động tạo thu nhập;

d) Lỗi của mỗi bên trong vi phạm quyền, nghĩa vụ của vợ chồng.

3. Tài sản chung của vợ chồng được chia bằng hiện vật, nếu không chia được bằng hiện vật thì chia theo giá trị; bên nào nhận phần tài sản bằng hiện vật có giá trị lớn hơn phần mình được hưởng thì phải thanh toán cho bên kia phần chênh lệch.

4. Tài sản riêng của vợ, chồng thuộc quyền sở hữu của người đó, trừ trường hợp tài sản riêng đã nhập vào tài sản chung theo quy định của Luật này.

Trong trường hợp có sự sáp nhập, trộn lẫn giữa tài sản riêng với tài sản chung mà vợ, chồng có yêu cầu về chia tài sản thì được thanh toán phần giá trị tài sản của mình đóng góp vào khối tài sản đó, trừ trường hợp vợ chồng có thỏa thuận khác.

5. Bảo vệ quyền, lợi ích hợp pháp của vợ, con chưa thành niên, con đã thành niên mất năng lực hành vi dân sự hoặc không có khả năng lao động và không có tài sản để tự nuôi mình.

6. Tòa án nhân dân tối cao chủ trì phối hợp với Viện kiểm sát nhân dân tối cao và Bộ Tư pháp hướng dẫn Điều này.

Điều 60. Giải quyết quyền, nghĩa vụ tài sản của vợ chồng đối với người thứ ba khi ly hôn

1. Quyền, nghĩa vụ tài sản của vợ chồng đối với người thứ ba vẫn có hiệu lực sau khi ly hôn, trừ trường hợp vợ chồng và người thứ ba có thỏa thuận khác.

2. Trong trường hợp có tranh chấp về quyền, nghĩa vụ tài sản thì áp dụng quy định tại các điều 27, 37 và 45 của Luật này và quy định của Bộ luật dân sự để giải quyết.

Điều 61. Chia tài sản trong trường hợp vợ chồng sống chung với gia đình

1. Trong trường hợp vợ chồng sống chung với gia đình mà ly hôn, nếu tài sản của vợ chồng trong khối tài sản chung của gia đình không xác định được thì vợ hoặc chồng được chia một phần trong khối tài sản chung của gia đình căn cứ vào công sức đóng góp của vợ chồng vào việc tạo lập, duy trì, phát triển khối tài sản chung cũng như vào đời sống chung của gia đình. Việc chia một phần trong khối tài sản chung do vợ chồng thỏa thuận với gia đình; nếu không thỏa thuận được thì yêu cầu Tòa án giải quyết.

2. Trong trường hợp vợ chồng sống chung với gia đình mà tài sản của vợ chồng trong khối tài sản chung của gia đình có thể xác định được theo phần thì khi ly hôn, phần tài sản của vợ chồng được trích ra từ khối tài sản chung đó để chia theo quy định tại Điều 59 của Luật này.

Điều 62. Chia quyền sử dụng đất của vợ chồng khi ly hôn

1. Quyền sử dụng đất là tài sản riêng của bên nào thì khi ly hôn vẫn thuộc về bên đó.

2. Việc chia quyền sử dụng đất là tài sản chung của vợ chồng khi ly hôn được thực hiện như sau:

a) Đối với đất nông nghiệp trồng cây hàng năm, nuôi trồng thủy sản, nếu cả hai bên đều có nhu cầu và có điều kiện trực tiếp sử dụng đất thì được chia theo thỏa thuận của hai bên; nếu không thỏa thuận được thì yêu cầu Tòa án giải quyết theo quy định tại Điều 59 của Luật này.

Trong trường hợp chỉ một bên có nhu cầu và có điều kiện trực tiếp sử dụng đất thì bên đó được tiếp tục sử dụng nhưng phải thanh toán cho bên kia phần giá trị quyền sử dụng đất mà họ được hưởng;

b) Trong trường hợp vợ chồng có quyền sử dụng đất nông nghiệp trồng cây hàng năm, nuôi trồng thủy sản chung với hộ gia đình thì khi ly hôn phần quyền sử dụng đất của vợ chồng được tách ra và chia theo quy định tại điểm a khoản này;

c) Đối với đất nông nghiệp trồng cây lâu năm, đất lâm nghiệp để trồng rừng, đất ở thì được chia theo quy định tại Điều 59 của Luật này;

d) Đối với loại đất khác thì được chia theo quy định của pháp luật về đất đai.

3. Trong trường hợp vợ chồng sống chung với gia đình mà không có quyền sử dụng đất chung với hộ gia đình thì khi ly hôn quyền lợi của bên không có quyền sử dụng đất và không tiếp tục sống chung với gia đình được giải quyết theo quy định tại Điều 61 của Luật này.""

Như vậy, với những tài sản chung của cha mẹ bạn theo quy định tại Điều 33 luật hôn nhân và gia đình thì sẽ được chia đôi, có căn cứ vào nguồn gốc tài sản và công sức của các bên, trên cơ sở bảo vệ quyền lợi của phụ nữ, trẻ em.

Những tài sản được chia khi ly hôn là những tài sản hiện có (với những tài sản đã bán, định đoạt trước đây sẽ không được tòa án xem xét); Trách nhiệm, nghĩa vụ nuôi dưỡng con, tiền cấp dưỡng cho con chỉ đặt ra khi ly hôn con chưa đủ 18 tuổi. Nếu con đã thành niên thì vấn đề cấp dưỡng cho con không được xem xét, không coi đó là một khoản nợ để buộc phải thanh toán cho nhau như bạn nghĩ.",,,,,,,,,
"Chị Q kết hôn với anh H đã gần 10 năm, sống chung với gia đình chồng. Trong thời gian chung sống, anh chị đã cùng quản lý, điều hành cửa hàng kinh doanh của gia đình thay cho cha mẹ chồng. Nhờ sự nhanh nhẹn, tháo vát của chị mà công việc kinh doanh khá phát đạt, anh chị đã xây dựng được ngôi nhà mới khang trang, mua sắm nhiều vật dụng, tiện nghi đắt tiền. Gần đây do việc làm ăn thua lỗ, giữa hai vợ chồng nảy sinh nhiều mâu thuẫn, bất đồng gay gắt nên anh chị quyết định ly hôn. Tuy nhiên chị còn băn khoăn vì chưa biết Toà án sẽ giải quyết phần tài sản như thế nào vì bố mẹ chồng chị cho rằng khi lấy anh chị không có bất kỳ tài sản nào thì khi ly hôn cũng không được mang theo bất kỳ tài sản nào. Pháp luật hôn nhân và gia đình của nước ta quy định về vấn đề này như thế nào?","Để bảo vệ quyền lợi cho vợ, chồng khi sống chung với gia đình mà ly hôn, có tính đến công sức đóng góp thực tế của vợ, chồng, Điều 96 Luật Hôn nhân và Gia đình năm 2000 đã quy định về việc chia tài sản trong trường hợp này như sau: - Trong trường hợp vợ, chồng sống chung với gia đình mà ly hôn, nếu tài sản của vợ chồng trong khối tài sản chung của gia đình không xác định được thì vợ hoặc chồng được chia một phần trong khối tài sản chung của gia đình căn cứ vào công sức đóng góp của vợ chồng vào việc tạo lập, duy trì phát triển khối tài sản chung cũng như vào đời sống chung của gia đình. Việc chia một phần trong khối tài sản chung cũng như vào đời sống chung của gia đình. Việc chia một phần trong khối tài sản chung do vợ chồng thoả thuận với gia đình; nếu không thoả thuận được thì yêu cầu Toà án giải quyết. - Trong trường hợp vợ chồng sống chung với gia đình mà tài sản của vợ chồng trong khối tài sản chung của gia đình có thể xác định được theo phần thì khi ly hôn, phần tài sản của vợ chồng được trích ra từ khối tài sản chung đó để chia. Như vậy, theo quy định của pháp luật, chị Q sẽ được hưởng tài sản trong khối tài sản của gia đình. Tuy nhiên, mức tài sản cụ thể là bao nhiêu còn tuỳ thuộc vào thoả thuận giữa chị và gia đình chồng hoặc quyết định của Toà án.",,,,,,,,,
"Yêu cầu xác định giá trị tài sản chung để chia khi ly hôn được giải quyết như thế nào? Năm 1998 anh tôi kết hôn cùng chị dâu Họ được ông nội tôi cho một căn nhà và giao quyền sở hữu cho 2 vợ chồng cùng đứng tên. Hai vợ chồng có với nhau được 2 người con. Đến năm 2013, tôi bị tai biến, mất hết sức lao động, từ đó mâu thuẫn gia đình nảy sinh, anh tôi về nhà cha mẹ ruột ở đến năm 2015 thì hai vợ chồng chính thức ly hôn. Khi tòa xử cho hai vợ chồng ly hôn thì tài sản chung là căn nhà được chia đôi, do anh tôi mất hết sức lao động nên 2 con do chị dâu nuôi dưỡng. Đến nay anh tôi muốn bán căn nhà để lấy tiền trị bệnh thì chị dâu có hành vi cản trở là ra giá căn nhà cao hơn giá thực tế rất nhiều để không ai mua nhằm chiếm hữu ngôi nhà. Hỏi chị tôi có vi phạm pháp luật không, anh tôi phải làm thế nào để lấy được phần tài sản của mình? Mong nhận được tư vấn của Ban biên tập Thư Ký Luật. Chân thành cảm ơn!","Điều 59 Luật Hôn nhân và gia đình 2014 quy định về Nguyên tác giải quyết tài sản của vợ chồng khi ly hôn như sau:

1. Trong trường hợp chế độ tài sản của vợ chồng theo luật định thì việc giải quyết tài sản do các bên thỏa thuận; nếu không thỏa thuận được thì theo yêu cầu của vợ, chồng hoặc của hai vợ chồng, Tòa án giải quyết theo quy định tại các khoản 2, 3, 4 và 5 Điều này và tại các điều 60, 61, 62, 63 và 64 của Luật này.

Trong trường hợp chế độ tài sản của vợ chồng theo thỏa thuận thì việc giải quyết tài sản khi ly hôn được áp dụng theo thỏa thuận đó; nếu thỏa thuận không đầy đủ, rõ ràng thì áp dụng quy định tương ứng tại các khoản 2, 3, 4 và 5 Điều này và tại các điều 60, 61, 62, 63 và 64 của Luật này để giải quyết.

2. Tài sản chung của vợ chồng được chia đôi nhưng có tính đến các yếu tố sau đây:

a) Hoàn cảnh của gia đình và của vợ, chồng;

b) Công sức đóng góp của vợ, chồng vào việc tạo lập, duy trì và phát triển khối tài sản chung. Lao động của vợ, chồng trong gia đình được coi như lao động có thu nhập;

c) Bảo vệ lợi ích chính đáng của mỗi bên trong sản xuất, kinh doanh và nghề nghiệp để các bên có điều kiện tiếp tục lao động tạo thu nhập;

d) Lỗi của mỗi bên trong vi phạm quyền, nghĩa vụ của vợ chồng.

3. Tài sản chung của vợ chồng được chia bằng hiện vật, nếu không chia được bằng hiện vật thì chia theo giá trị; bên nào nhận phần tài sản bằng hiện vật có giá trị lớn hơn phần mình được hưởng thì phải thanh toán cho bên kia phần chênh lệch.

4. Tài sản riêng của vợ, chồng thuộc quyền sở hữu của người đó, trừ trường hợp tài sản riêng đã nhập vào tài sản chung theo quy định của Luật này.

Trong trường hợp có sự sáp nhập, trộn lẫn giữa tài sản riêng với tài sản chung mà vợ, chồng có yêu cầu về chia tài sản thì được thanh toán phần giá trị tài sản của mình đóng góp vào khối tài sản đó, trừ trường hợp vợ chồng có thỏa thuận khác.

Trường hợp của bạn, bạn không nêu rõ về thông tin tài sản chung là căn nhà của hai vợ chồng anh trai bạn cũng như hình thức phân chia tài sản chung của Tòa án áp dụng cho vợ chồng anh trai bạn là chia hiện vật hay chia theo giá trị tài sản. Tuy nhiên từ những thông tin bạn cung cấp, mặc dù Tòa án đã phân chia tài sản chung là chia đôi, nhưng trên thực tế hai người vẫn chưa phân chia, người đang sử dụng trực tiếp với tài sản chung này là chị dâu bạn nên tài sản này trên thực tế đang là tài sản chung theo phần của hai người mà mỗi người có quyền sở hữu một nửa với tài sản này.

Điều 223 Bộ luật Dân sự 2005 quy định về quyền định đoạt đối với tài sản chung và phân chia tài sản chung như sau:

1. Mỗi chủ sở hữu chung theo phần có quyền định đoạt phần quyền sở hữu của mình theo thoả thuận hoặc theo quy định của pháp luật.

2. Việc định đoạt tài sản chung hợp nhất được thực hiện theo thoả thuận của các chủ sở hữu chung hoặc theo quy định của pháp luật.

3. Trong trường hợp một chủ sở hữu chung bán phần quyền sở hữu của mình thì chủ sở hữu chung khác được quyền ưu tiên mua. Trong thời hạn ba tháng đối với tài sản chung là bất động sản, một tháng đối với tài sản chung là động sản, kể từ ngày các chủ sở hữu chung khác nhận được thông báo về việc bán và các điều kiện bán mà không có chủ sở hữu chung nào mua thì chủ sở hữu đó được quyền bán cho người khác.

Trong trường hợp bán phần quyền sở hữu mà có sự vi phạm về quyền ưu tiên mua thì trong thời hạn ba tháng, kể từ ngày phát hiện có sự vi phạm về quyền ưu tiên mua, chủ sở hữu chung theo phần trong số các chủ sở hữu chung có quyền yêu cầu Toà án chuyển sang cho mình quyền và nghĩa vụ của người mua; bên có lỗi gây thiệt hại phải bồi thường thiệt hại.

4. Trong trường hợp một trong các chủ sở hữu chung từ bỏ phần quyền sở hữu của mình hoặc khi người này chết mà không có người thừa kế thì phần quyền sở hữu đó thuộc Nhà nước, trừ trường hợp sở hữu chung của cộng đồng thì thuộc sở hữu chung của các chủ sở hữu chung còn lại.

Như vậy, khi anh trai bạn có nhu cầu muốn bán nhà thì anh trai bạn có quyền định đoạt đối với một nửa căn nhà tuy nhiên phải ưu tiên cho chị dâu bạn có quyền mua lại, sau thời gian 3 tháng thông báo có nhu cầu bán mà chị dâu bạn không mua thì anh trai bạn có quyền bán cho người khác. Tuy nhiên căn nhà chỉ có thể bán cho người khác được khi nó đủ điều kiện để phân tách. Nếu căn nhà không đủ điều kiện để phân tích thì căn cứ vào Khoản 1 Điều 224 nêu trên thì phải chia căn nhà ra giá trị tiền để hoàn trả cho bên không nhận nhà. Nếu hai anh chị bạn không thể tự thỏa thuận được cách chia căn nhà và định đoạt nhà thì có thể khởi kiện ra Tòa án để xác định hình thức phân chia lại tài sản chung này.

Trên đây là tư vấn của Ban biên tập Thư Ký Luật về giải quyết yêu cầu xác định giá trị tài sản chung để chia khi ly hôn. Bạn nên tham khảo chi tiết Luật Hôn nhân và gia đình 2014 để nắm rõ quy định này.

Trân trọng!",,,,,,,,,
"Tôi có cha mẹ đã li hôn. Tòa đã phán quyết tài sản thỏa thuận. Nhưng dạo gần đây cha mẹ tôi có quay lại sống chung với nhau và mẹ tôi có đi chơi đánh bài và gây nợ. tôi chỉ là 1 nhân viên bình thường và còn 1 người em năm nay chỉ mới 10 tuổi. Nhưng mẹ tôi lại không giúp mà còn gây nợ và phải để tôi trả nợ và hơn nữa còn chửi mắng gia đình. Vì vậy tôi và cha tôi nhắm rằng không còn khả năng chi trả nợ và sống chung được nữa. Nhưng em tôi lại không muốn ở với mẹ. Nhà tôi còn tài sản là 1 miếng đất đang trong quy hoạch, khi tôi yêu cầu mẹ chia tài sản để tôi có cơ sở để lo cho em vì tôi không có bất cứ tài sản nào, phải chịu nợ cho mẹ và ba tôi cũng không còn khả năng làm việc thì mẹ tôi lại nói là không cho gì hết vì đó là tài sản đứng tên mẹ (miếng đất là tài sản sau khi kết hôn mà có). Cho tôi hỏi trong trường hợp này thì tôi có thể khởi kiện lên tòa để phân chia tài sản không hay phải là ba tôi khởi kiện. Nếu khởi kiện thì phải bắt đầu từ đâu và án phí là bao nhiêu vì tình hình thực tế của tôi hiện giờ rất khó khăn. Phải chịu khoản nợ của mẹ và lương chỉ đủ chi thu cho gia đình mà không có chỗ ở ổn định. Cảm ơn.","Trước hết cảm ơn bạn tin tưởng và đã gửi câu hỏi về cho chuyên mục Tư vấn pháp luật

Trường hợp của bạn chúng tôi xin trả lời như sau:

Nếu bố mẹ bạn đã ly hôn, tài sản chia theo thỏa thuận và phán quyết vụ án ly hôn của Tòa án đã có hiệu lực pháp luật thì bố mẹ bạn đã chấm dứt quan hệ hôn nhân và không có liên quan về mặt tài sản.

Thời gian gần đây mẹ bạn có quay lại sống chung với bố bạn nhưng nếu hai người không đi đăng kí kết hôn lại thì cũng không được pháp luật công nhận quan hệ vợ chồng.

Do đó, khi hai cá nhân không có quan hệ vợ chồng được pháp luật công nhận, sống cùng nhau nhưng không phát sinh tài sản thì về nguyên tắc tài sản riêng của ai thuộc về người đó và nghĩa vụ trả nợ do ai vay nợ sẽ thuộc về trách nhiệm của người đó. Nếu bố mẹ bạn chưa đăng kí kết hôn lại, việc mẹ bạn vay tiền đánh bạc là trách nhiệm cá nhân của mẹ bạn, hay nói cách khác bố con bạn không có nghĩa vụ trả nợ thay cho mẹ bạn trong trường hợp này.

Thứ hai, về việc phân chia tài sản, mảnh đất đó nếu khi ly hôn đã thỏa thuận là tài sản của mẹ bạn và được Tòa án công nhận thì đó là tài sản riêng của mẹ bạn. Các con hoàn toàn không có quyền kiện đòi tài sản đó vì nó thuộc sở hữu riêng của mẹ bạn và được Tòa án công nhận quyền sở hữu này.

Bạn chỉ có quyền kiện đòi phân chia di sản thừa kế với tư cách là người thừa kế theo luật trong trường hợp sau này mẹ bạn qua đời mà không để lại di chúc.

Còn khi mẹ bạn còn sống với tư cách là chủ sở hữu riêng tài sản đã được Tòa án phân chia mẹ bạn hoàn toàn có quyền định đoạt đối với tài sản trong đó có quyền tặng cho bất kì ai, các con không có quyền kiện đòi tài sản.

Bố bạn cũng không có quyền khởi kiện đòi phân chia lại mảnh đất đó nếu trước đó chính bố mẹ bạn đã thỏa thuận phân chia tài sản khi ly hôn và phán quyết ly hôn của Tòa án đã có hiệu lực pháp luật, tài sản đã phân chia cho mỗi người theo sự thỏa thuận giữa hai bên.

Nguồn: Công ty Luật Vinabiz/ Nguoiduatin.vn",,,,,,,,,
"Em là Nam, em muốn nhờ các anh chị tư vấn giúp em về ly hôn không chia tài sản. Bố mẹ em ly thân từ năm 1986 đến nay. Hiện gia đình em có một nhà ở quê do ông bà nội cho và 1 nhà khác ở thành phố Việt Trì. Thời gian mua mảnh đất trên khoảng năm 1984-1985. Năm 2003 bố em đã nộp đơn ly dị với mẹ em và chia tài sản là bố em phân chia nhà ở quê thuộc mẹ em. Giá trị khoảng 100 triệu; nhà ở thành phố thuộc bố em giá trị khoảng 1200 triệu. Nhưng khi mẹ em đòi chia đôi tài sản chung thì bố em không chịu và rút đơn. Bây giờ 2013 bố em lại nộp đơn ly dị với mẹ em. Trước giờ em biết là khi ly hôn thì tài sản chung của 2 vợ chồng đều chia đôi. Nhưng hôm vừa rồi, tòa án gọi điện cho em và trao đổi nói là bố em muốn ly hôn mà không chia tài sản chung của 2 người. Em đọc nhưng chưa thấy bài viết nào nói về trường hợp này nên em mong muốn nhận được sự tư vấn giúp đỡ của các anh chị về trường hợp này và khi ra tòa ly hôn bình thường thì mẹ em được hưởng những quyền lợi gì. Em rất mong nhận được sự giúp đỡ của anh chị. Em xin cảm ơn!","Trong quan hệ ly hôn tòa án sẽ giải quyết các vấn đề sau:

1- Quan hệ Tình cảm

2- Về con chung

3- Tài sản chung

4- các khoản nợ chung ( nếu có) hoặc người khác nợ 2 vợ chồng.

Trong quan hệ hôn nhân của bố mẹ bạn, nếu bố bạn không yêu cầu tòa xử lý về tài sản chung hôn nhân thì mẹ bạn- với tư cách bị đơn có quyền yêu cầu chia và tòa sẽ gộp nọi dung này vào để giải quyết trong cùng một vụ kiện và nếu chứng minh các tài sản chung và có yêu cầu - nộp án phí có giá ngạch tòa án sẽ chia theo quy định của pháp luật.",,,,,,,,,
"Chia nhà khi ly hôn có phải đóng thuế không? Tôi và người chồng cũ đã thỏa thuận việc phân chia tài sản chung sau ly hôn là một căn nhà xây 03 tầng. Theo đó, tôi được sở hữu một nửa căn nhà và anh ấy sẽ tặng cho tôi nửa căn nhà trên. Vậy tôi xin hỏi, trong trường hợp này, tôi có phải nộp thuế thu nhập cá nhân hay không? Mong nhận được tư vấn của Ban biên tập Thư Ký Luật. Chân thành cảm ơn!","Theo Điều 4 Luật Thuế thu nhập cá nhân 2007 thì các trường hợp được miễn thuế TNCN gồm:

1. Thu nhập từ chuyển nhượng bất động sản giữa vợ với chồng; cha đẻ, mẹ đẻ với con đẻ; cha nuôi, mẹ nuôi với con nuôi; cha chồng, mẹ chồng với con dâu; cha vợ, mẹ vợ với con rể; ông nội, bà nội với cháu nội; ông ngoại, bà ngoại với cháu ngoại; anh, chị, em ruột với nhau.

2. Thu nhập từ chuyển nhượng nhà ở, quyền sử dụng đất ở và tài sản gắn liền với đất ở của cá nhân trong trường hợp cá nhân chỉ có một nhà ở, đất ở duy nhất.

3. Thu nhập từ giá trị quyền sử dụng đất của cá nhân được Nhà nước giao đất.

4. Thu nhập từ nhận thừa kế, quà tặng là bất động sản giữa vợ với chồng; cha đẻ, mẹ đẻ với con đẻ; cha nuôi, mẹ nuôi với con nuôi; cha chồng, mẹ chồng với con dâu; cha vợ, mẹ vợ với con rể; ông nội, bà nội với cháu nội; ông ngoại, bà ngoại với cháu ngoại; anh, chị, em ruột với nhau.

5. Thu nhập của hộ gia đình, cá nhân trực tiếp sản xuất nông nghiệp, lâm nghiệp, làm muối, nuôi trồng, đánh bắt thuỷ sản chưa qua chế biến thành các sản phẩm khác hoặc chỉ qua sơ chế thông thường.

6. Thu nhập từ chuyển đổi đất nông nghiệp của hộ gia đình, cá nhân được Nhà nước giao để sản xuất.

7. Thu nhập từ lãi tiền gửi tại tổ chức tín dụng, lãi từ hợp đồng bảo hiểm nhân thọ.

8. Thu nhập từ kiều hối.

9. Phần tiền lương làm việc ban đêm, làm thêm giờ được trả cao hơn so với tiền lương làm việc ban ngày, làm trong giờ theo quy định của pháp luật.

10. Tiền lương hưu do Bảo hiểm xã hội chi trả.

11. Thu nhập từ học bổng, bao gồm:

a) Học bổng nhận được từ ngân sách nhà nước;

b) Học bổng nhận được từ tổ chức trong nước và ngoài nước theo chương trình hỗ trợ khuyến học của tổ chức đó.

12. Thu nhập từ bồi thường hợp đồng bảo hiểm nhân thọ, phi nhân thọ, tiền bồi thường tai nạn lao động, khoản bồi thường nhà nước và các khoản bồi thường khác theo quy định của pháp luật.

13. Thu nhập nhận được từ quỹ từ thiện được cơ quan nhà nước có thẩm quyền cho phép thành lập hoặc công nhận, hoạt động vì mục đích từ thiện, nhân đạo, không nhằm mục đích lợi nhuận.

14. Thu nhập nhận được từ nguồn viện trợ nước ngoài vì mục đích từ thiện, nhân đạo dưới hình thức chính phủ và phi chính phủ được cơ quan nhà nước có thẩm quyền phê duyệt.

Như vậy, trường hợp của bạn khi chia tài sản ly hôn sẽ không phải đóng thuế TNCN.

Trên đây là tư vấn của Ban biên tập Thư Ký Luật về đóng thuế khi chia nhà ly hôn. Bạn nên tham khảo chi tiết Luật Thuế thu nhập cá nhân 2007 để nắm rõ quy định này.

Trân trọng!",,,,,,,,,
Ngoại tình dẫn đến ly hôn có được chia tài sản không? Chồng tôi làm đơn xin ly hôn tôi với lý do tôi ngoại tình và tuyên bố tôi sẽ không được chia tài sản trong khối tài sản chung của vợ chồng. Tôi xin hỏi luật pháp quy định như thế nào trong trường hợp này? Mong nhận được tư vấn của Ban biên tập Thư Ký Luật. Chân thành cảm ơn!,"Theo Khoản 1 Điều 56 Luật hôn nhân và gia đình 2014 thì:

Khi vợ hoặc chồng yêu cầu ly hôn mà hòa giải tại Tòa án không thành thì Tòa án giải quyết cho ly hôn nếu có căn cứ về việc vợ, chồng có hành vi bạo lực gia đình hoặc vi phạm nghiêm trọng quyền, nghĩa vụ của vợ, chồng làm cho hôn nhân lâm vào tình trạng trầm trọng, đời sống chung không thể kéo dài, mục đích của hôn nhân không đạt được.

Pháp luật hiện hành không quy định việc ngoại tình sẽ ảnh hưởng đến việc chia tài sản khi ly hôn.

Trên đây là tư vấn của Ban biên tập Thư Ký Luật về chia tài sản cho người ngoại tình. Bạn nên tham khảo chi tiết Luật hôn nhân và gia đình 2014 để nắm rõ quy định này.

Trân trọng!",,,,,,,,,
"Hiện nay, Luật Hôn nhân và gia đình 2014 có quy định gì về nguyên tắc giải quyết tài sản của vợ chồng khi ly hôn?","Luật Hôn nhân gia đình số 52/2014/QH13 ban hành ngày 19/06/2014 có hiệu lực kể từ ngày 01/01/2015 quy định về bảo vệ chế độ hôn nhân và gia đình tại Điều 59 như sau:

“1. Trong trường hợp chế độ tài sản của vợ chồng theo luật định thì việc giải quyết tài sản do các bên thỏa thuận; nếu không thỏa thuận được thì theo yêu cầu của vợ, chồng hoặc của hai vợ chồng, Tòa án giải quyết theo quy định tại các khoản 2, 3, 4 và 5 Điều này và tại các điều 60, 61, 62, 63 và 64 của Luật này.

Trong trường hợp chế độ tài sản của vợ chồng theo thỏa thuận thì việc giải quyết tài sản khi ly hôn được áp dụng theo thỏa thuận đó; nếu thỏa thuận không đầy đủ, rõ ràng thì áp dụng quy định tương ứng tại các khoản 2, 3, 4 và 5 Điều này và tại các điều 60, 61, 62, 63 và 64 của Luật này để giải quyết.

2. Tài sản chung của vợ chồng được chia đôi nhưng có tính đến các yếu tố sau đây:

a) Hoàn cảnh của gia đình và của vợ, chồng;

b) Công sức đóng góp của vợ, chồng vào việc tạo lập, duy trì và phát triển khối tài sản chung. Lao động của vợ, chồng trong gia đình được coi như lao động có thu nhập;

c) Bảo vệ lợi ích chính đáng của mỗi bên trong sản xuất, kinh doanh và nghề nghiệp để các bên có điều kiện tiếp tục lao động tạo thu nhập;

d) Lỗi của mỗi bên trong vi phạm quyền, nghĩa vụ của vợ chồng.

3. Tài sản chung của vợ chồng được chia bằng hiện vật, nếu không chia được bằng hiện vật thì chia theo giá trị; bên nào nhận phần tài sản bằng hiện vật có giá trị lớn hơn phần mình được hưởng thì phải thanh toán cho bên kia phần chênh lệch.

4. Tài sản riêng của vợ, chồng thuộc quyền sở hữu của người đó, trừ trường hợp tài sản riêng đã nhập vào tài sản chung theo quy định của Luật này.

Trong trường hợp có sự sáp nhập, trộn lẫn giữa tài sản riêng với tài sản chung mà vợ, chồng có yêu cầu về chia tài sản thì được thanh toán phần giá trị tài sản của mình đóng góp vào khối tài sản đó, trừ trường hợp vợ chồng có thỏa thuận khác.

5. Bảo vệ quyền, lợi ích hợp pháp của vợ, con chưa thành niên, con đã thành niên mất năng lực hành vi dân sự hoặc không có khả năng lao động và không có tài sản để tự nuôi mình.

6. Tòa án nhân dân tối cao chủ trì phối hợp với Viện kiểm sát nhân dân tối cao và Bộ Tư pháp hướng dẫn Điều này.”",,,,,,,,,
"Chuyển nhượng tài sản của vợ chồng sau khi ly hôn như thế nào? Tôi kết hôn tháng 11 năm 2003, năm 2009 tôi có mua 1 mảnh đất đứng tên riêng tôi, năm 2012 chúng tôi li hôn và đã trả tiền cho cô ấy trị giá nủa mảnh đất, Hiện giờ cô ấy đang sống ở Thụy Sỹ chưa thể về được. Giờ tôi muốn bán lô đất này thì phải có chữ ký của cô ấy hoặc giấy ủy quyền. Xin hỏi có cách nào khác hay hơn không? Mong nhận được tư vấn của Ban biên tập Thư Ký Luật. Chân thành cảm ơn!","Tại Khoản 1 Điều 59 Luật hôn nhân và gia đình 2014 quy định về chia tài sản chung như sau:

Trong trường hợp chế độ tài sản của vợ chồng theo luật định thì việc giải quyết tài sản do các bên thỏa thuận; nếu không thỏa thuận được thì theo yêu cầu của vợ, chồng hoặc của hai vợ chồng, Tòa án giải quyết theo quy định tại các khoản 2, 3, 4 và 5 Điều này và tại các điều 60, 61, 62, 63 và 64 của Luật này.

Trong trường hợp chế độ tài sản của vợ chồng theo thỏa thuận thì việc giải quyết tài sản khi ly hôn được áp dụng theo thỏa thuận đó; nếu thỏa thuận không đầy đủ, rõ ràng thì áp dụng quy định tương ứng tại các khoản 2, 3, 4 và 5 Điều này và tại các điều 60, 61, 62, 63 và 64 của Luật này để giải quyết

Căn cứ vào quy định của Luật hôn nhân và gia đình 2014 thì khi ly hôn vợ chồng có thể tự thỏa thuận với nhau về việc phân chia tài sản.

Tại Điều 35 Luật hôn nhân và gia đình 2014 quy định về việc định đoạt tài sản chung của vợ chồng như sau:

1. Việc chiếm hữu, sử dụng, định đoạt tài sản chung do vợ chồng thỏa thuận.

2. Việc định đoạt tài sản chung phải có sự thỏa thuận bằng văn bản của vợ chồng trong những trường hợp sau đây:

a) Bất động sản;

b) Động sản mà theo quy định của pháp luật phải đăng ký quyền sở hữu;

c) Tài sản đang là nguồn tạo ra thu nhập chủ yếu của gia đình

Căn cứ vào quy định này thì việc định đoạt tài sản chung phải có sự thỏa thuận bằng văn bản của vợ chồng trong trường hợp tài sản là bất động sản; động sản mà theo quy định của pháp luật phải đăng ký quyền sở hữu; tài sản đang là nguồn tạo ra thu nhập chủ yếu của gia đình.

Như vậy, đối với trường hợp của bạn. Vợ chồng bạn đã ly hôn và có quyền tự vợ chồng thỏa thuận về việc phân chia tài sản chung khi ly hôn. Tuy nhiên, việc thỏa thuận này phải được lập thành văn bản, đối với đất đai thì thỏa thuận bằng văn bản phải được công chứng hoặc chứng thực.

Trong trường hợp của bạn, bạn kết hôn tháng 11 năm 2003, năm 2009 bạn có mua 1 mảnh đất đứng tên riêng bạn và nếu như không có bất kỳ thỏa thuận nào bằng văn bản thì mảnh đất này sẽ được xác định là tài sản chung của vợ chồng bạn, năm 2012 vợ chồng bạn  li hôn và đã trả tiền cho vợ bạn trị giá nửa mảnh đất theo thỏa thuận, nhưng nếu như thỏa thuận này chỉ bằng miệng, không có văn bản thỏa thuận được công chứng, chứng thực thì nếu như hiện giờ bạn bán mảnh đất này phải có chữ ký của vợ bạn hoặc giấy ủy quyền của vợ bạn.

Trên đây là tư vấn của Ban biên tập Thư Ký Luật về chuyển nhượng tài sản của vợ chồng sau khi ly hôn. Bạn nên tham khảo chi tiết Luật hôn nhân và gia đình 2014 để nắm rõ quy định này.

Trân trọng!",,,,,,,,,
"Xin chào LS. Xin LS tư vấn cho em trường hợp này. - Bạn em bị bệnh tật bẩm sinh từ nhỏ nên không có khả năng lao động. Trước khi lấy vợ, bạn được gia đình cho 500 triệu đồng gởi tiết kiệm. Sau này lấy vợ về, bạn không đi làm được mà chỉ ở nhà như nội trợ, tiền lãi tiết kiệm bạn mang về đóng góp chung với lương của vợ để sinh sống. Nhưng bây giờ, đã được 3 năm, vợ bạn yêu cầu ly dị và bạn cũng đồng ý, 2 bên cùng ký đơn. Khi làm thủ tục hòa giải, chia tài sản thì cô vợ yêu cầu chồng chia đôi tiền trong sổ tiết kiệm 500 triệu đó. Trước đến giờ sổ đó chỉ vẫn đứng tên mình bạn em. Vì sổ tiết kiệm gởi kỳ hạn 6 tháng nên đã qua nhiều lần tái tục nên người vợ bảo sổ tiết kiệm bây giờ, và mấy lần tước đó, có ngày gởi trong thời gian còn vợ chồng nên nó là tài sản chung của vợ chồng, và chị bảo chồng đã từng nói  ""tiền đó của anh nhưng vợ chồng mình anh cũng xem như là của cả 2"". Tòa hỏi lại có giấy viết tay gì thể hiện câu nói đó không thì cả 2 thừa nhận chỉ nói chứ ko viết giấy gì cả. Vậy thưa LS, cô vợ của bạn em có được chia đôi sổ tiết kiệm đó không ạ.  - Câu hỏi thứ 2 là LS cho em biết phí thuê LS có được quy định không ạ. Bạn em có ý định thuê LS nên từ huyện miền núi xuống đồng bằng tìm LS để thuê. Nhưng LS đòi phí rất cao, nói là nếu giữ đc sổ tiết kiệm không phải chia thì phí LS là 10% giá trị sổ. Còn nếu không giữ được thì phí là 20 triệu. Bạn em là nhà nông không lao động được thấy cao quá nên chưa chấp nhận. Xin hỏi LS có quy định nào về phí thuê LS hay không, hay do 2 bên tự thỏa thuận như trong mua bán bình thường. Em xin cảm ơn LS. Mong được LS hồi đáp sớm.","- Số tiền 500tr của người chồng là tài sản có trước thời kỳ hôn nhân, nên sẽ là tài sản riêng, nếu không có thỏa thuận nhập vào khối tài sản chung vợ chồng thì vẫn là tài sản riêng của người chồng.

Trong quá trình chung sống, sổ tiết kiệm đáo hạn nhiều lần, tuy nhiên, số tiền gốc vẫn được giữ nguyên và không có thỏa thuận (thể hiện bằng văn bản) góp vào tài sản chung thì tài sản đó vẫn là tài sản riêng.

- Về thù lao luật sư trong vụ việc dân sự: Tùy từng luật sư, từng văn phòng mà họ có cách đánh giá và đưa ra các mức phí khác nhau. Mức phí và thu lao luật sư trong trường hợp này do các bên tự thỏa thuận.",,,,,,,,,
"Kính chào Luật Sư! Tôi đã có quyết định ly hôn vào cuối năm 2013. Trong quyết định bản án kết luận là Tài sản chung của vợ chồng sẽ do hai bên thỏa thuận và nuôi dưỡng con cái sẽ do 1 bên trợ cấp nuôi con. Nhưng đến nay, sau khi có bản án bên kia không cho tôi gặp con vì tôi không thể gặp mặt và liên hệ qua điện thọai được nên không thể thỏa thuận hình thức gửi tiền trợ cấp nuôi dưỡng con. Luật sư cho Tôi hỏi: 1.Khi tôi không thỏa thuận được phân chia tài sản thì nộp đơn nhờ tòa giải quyết xét xử vụ án trong thời gian bao lâu và phân chia như thế nào về tài sản chung (Giá trị tài sản khỏang hơn 1 tỷ đồng). Tôi và bên kia đều đứng đồng sở hữu tài sản nhà và đất. 2. Tôi không thể gặp con để thăm nom và nắm tình hình nuôi dưỡng con cái được đảm bảo hay không thì thôi phải làm thế nào? Bên kia lấy lý do tôi không nộp tiền trợ cấp để thưa ra tòa vậy vụ án đòi tiền trợ cấp nuôi con có liên quan gì với vụ án phân chia tài sản không? Tôi có quyền đề nghị thay đổi quyền nuôi con thì phải liên hệ ở đâu? Rất mong Luật sự hồi âm sớm. Trân trọng cảm ơn.","Việc phân chia tài sản các bạn có thể tự thỏa thuận, nếu không thỏa thuận bạn khởi kiện ra tòa án, vụ án sơ thẩm theo quy định là 4 tháng kể từ ngày thụ lý.

Về việc thăm nuôi con, bạn tập hợp những chứng cứ chứng minh cho việc ngăn cản quyền thăm nuôi con để làm cơ sở nếu sau này bạn muốn thay đổi người trực tiếp nuôi con, tuy nhiên bạn phải hoàn thành nghĩa vụ cấp dưỡng, bạn phải gửi tiền cấp dưỡng, có thể đóng học cho con hay chuyển vào tài khoản của người đang trực tiếp nuôi con.",,,,,,,,,
"Chúng tôi kết hôn năm 1992 và có 2 con chung. Trước khi kết hôn, chồng tôi được công ty phân cho 1 mảnh đất thanh lý có diện tích 37m2, đứng tên chồng tôi và xây nhà trên đó. Sau khi kết hôn, do nhà xuống cấp nên vào năm 2010, hai vợ chồng đã góp tiền cải tạo và cơi nới nhà cửa. Hiện tại, nhà tôi có diện tích 46m2. Do có mâu thuẫn nhiều năm không giải quyết được nên vào năm 2012 chúng tôi đã thoả thuận ly hôn. Chồng tôi nói sẽ đền bù cho tôi nên tôi không nhờ toà chia tài sản. Nhưng tính đến thời điểm hiện tại, chồng tôi không có động thái gì, khi tôi hỏi thì chồng tôi nói không đền bù nữa và dùng lời lẽ cay nghiệt mạt sát tôi. Trong khoảng thời gian gần đây chồng tôi có đưa một người phụ nữ về, giới thiệu là vợ sắp cưới và đuổi tôi ra khỏi nhà. Tôi muốn đòi lại phần tài sản của tôi khi ly hôn thì phải làm thế nào?","Theo chị trình bày thì hai vợ chồng chị thuộc trường hợp thuận tình ly hôn và Tòa án sẽ ra quyết định công nhận thuận tình ly hôn. Theo quy định tại Điều 188 Bộ luật tố tụng dân sự năm thì quyết định công nhận sự thoả thuận của các đương sự sẽ có hiệu lực pháp luật ngay sau khi được ban hành và không bị kháng cáo, kháng nghị theo thủ tục phúc thẩm. Trong trường hợp chị chứng minh được thỏa thuận về tài sản khi ly hôn có sự lừa dối từ phía chồng chị thì quyết định trên có thể bị kháng nghị theo thủ tục giám đốc thẩm.

Nếu không chứng minh được thì để đòi lại phần tài sản của mình, chị chỉ còn cách gửi đơn khởi kiện chia tài sản chung. Tuy nhiên, nếu khởi kiện, chị cần lưu ý đến quy định về nghĩa vụ nộp án phí. Theo quy định tại khoản 9 Điều 27 Pháp lệnh số 10/2009/UBTVQH12 về án phí, lệ phí tòa án thì các đương sự trong vụ án hôn nhân và gia đình có tranh chấp về việc chia tài sản chung của vợ chồng thì ngoài việc chịu án phí dân sự sơ thẩm quy định tại điểm a khoản 1 Điều 24 của Pháp lệnh này, còn phải chịu án phí đối với phần tài sản có tranh chấp như đối với vụ án dân sự có giá ngạch tương ứng với giá trị phần tài sản mà họ được chia.",,,,,,,,,
"Vợ chồng tôi có hai con chung 17 tuổi và 4 tuổi, có tài sản chung là một ngôi nhà và hai mảnh đất. Nay chúng tôi muốn ly hôn nhưng chồng tôi liên tục nói rằng nếu ra tòa thì chi phí xét xử, định giá tài sản rất cao, tài sản của chúng tôi cũng sẽ bị chia nhỏ và trích phần trăm cho tòa án. Vậy xin hỏi việc chia tài sản sẽ thực hiện như thế nào theo pháp luật?","Đầu tiên bạn cần nắm được khái niệm tài sản chung của vợ chồng, theo quy định tại Điều 33 Luật hôn nhân gia đình 2014: “Tài sản chung của vợ chồng gồm tài sản do vợ, chồng tạo ra, thu nhập do lao động, hoạt động sản xuất, kinh doanh, hoa lợi, lợi tức phát sinh từ tài sản riêng và thu nhập hợp pháp khác trong thời kỳ hôn nhân (trừ khi có thỏa thuận khác), tài sản mà vợ chồng được thừa kế chung hoặc được tặng cho chung và tài sản khác mà vợ chồng thỏa thuận là tài sản chung.

Quyền sử dụng đất mà vợ, chồng có được sau khi kết hôn là tài sản chung của vợ chồng, trừ trường hợp vợ hoặc chồng được thừa kế riêng, được tặng cho riêng hoặc có được thông qua giao dịch bằng tài sản riêng.”

Khi ly hôn, việc phân chia tài sản chung do các bên thỏa thuận, trong trường hợp không thỏa thuận được thì theo yêu cầu của vợ, chồng hoặc của hai vợ chồng, Tòa án sẽ giải quyết theo quy định pháp luật. Trong trường hợp tự thỏa thuận, vợ và chồng có thể tiến hành thỏa thuận phân chia tài sản chung ngay trong thời kỳ hôn nhân (trước khi ly hôn) hoặc khi ly hôn.

Thỏa thuận phân chia tài sản chung vợ chồng bạn có thể tham khảo các nguyên tắc quy định tại Điều 59 – Luật hôn nhân và gia đình như sau: 1. Tài sản chung được chia đôi nhưng có tính đến các yếu tố như hoàn cảnh gia đình mỗi bên, công sức đóng góp của mỗi bên, bảo vệ lợi ích chính đáng của mỗi bên trong sản xuất kinh doanh và nghề nghiệp để các bên có điều kiện tiếp tục lao động tạo thu nhập và tạo điều kiện đảm bảo tốt cho việc nuôi con thành niên.

2. Tài sản chung của vợ chồng được chia bằng hiện vật, nếu không chia được bằng hiện vật thì chia theo giá trị. Bên nào nhận phần tài sản bằng hiện vật có giá trị lớn hơn phần mình được hưởng thì phải thanh toán cho bên kia phần chênh lệch.

Như vậy, một bên có thể nhận đất hoặc nhà và thanh toán cho bên kia một khoản tiền căn cứ trên giá trị đất hoặc nhà. Thỏa thuận về việc chia tài sản chung phải lập thành văn bản. Văn bản này được công chứng theo yêu cầu của vợ chồng hoặc theo quy định của pháp luật.Trong trường hợp không thể tự thỏa thuận, mỗi bên có quyền yêu cầu Tòa án giải quyết.

Nguyên tắc phân chia tài sản chung tại Tòa án cũng được áp dụng các nguyên tắc quy định tại Điều 59 – Luật Hôn nhân và gia đình, tuy nhiên Tòa án còn xem xét đến yếu tố lỗi khi phân chia tài sản chung sau ly hôn. Lỗi ở đây là những hành vi vi phạm quyền, nghĩa vụ của vợ chồng như: ng oại tình, bạo lực gia đình, bỏ bê chăm sóc gia đình, con cái,… dẫn đến tình trạng hôn nhân đổ vỡ, việc phân chia tài sản chung cũng cần tránh làm mất đi công dụng và giá trị của tài sản.

Ví dụ: phá hỏng máy móc, tháo dỡ nhà cửa.Án phí và chi phí định giá được xác định căn cứ trên giá trị tài sản chung được vợ, chồng yêu cầu Tòa án giải quyết. Ví dụ, vợ chồng bạn chỉ yêu cầu Tòa án phân chia 01 mảnh đất thì án phí được xác định theo giá trị mảnh đất đó. Án phí sẽ dao động từ 4-5% giá trị tài sản (căn cứ theo kết quả định giá).

Bạn lưu ý, pháp luật về dân sự luôn ưu tiên việc tự thỏa thuận. Vợ chồng có thể tự thỏa thuận việc phân chia tài sản chung vào bất cứ giai đoạn nào từ khi chưa ly hôn, khi ly hôn hoặc tại Tòa án. Vợ chồng nên tự thỏa thuận xác định giá trị tài sản chung và đưa ra các phương án phân chia dựa trên các nguyên tắc đã nêu ở trên để tự đi đến thống nhất, tránh việc kiện tụng gây mất nhiều thời gian và chi phí.",,,,,,,,,
"Nhận tài sản được phân chia sau khi ly hôn như thế nào? Trường hợp tôi ly hôn và tòa án xử chia đôi tài sản. Tôi lấy 1/2 tài sản trị giá bằng tiền nhưng bên lấy tài sản họ lại không trả, thời hạn thi hành án đã hết. Vậy tôi còn được quyền lấy lại 1/2 tài sản không? Mong nhận được tư vấn của Ban biên tập Thư Ký Luật. Chân thành cảm ơn!","- Căn cứ Điều 31 Luật Thi hành án dân sự sửa đổi 2014 quy định về việc tiếp nhận, từ chối yêu cầu thi hành án như sau: 1. Đương sự tự mình hoặc ủy quyền cho người khác yêu cầu thi hành án bằng hình thức trực tiếp nộp đơn hoặc trình bày bằng lời nói hoặc gửi đơn qua bưu điện. Người yêu cầu phải nộp bản án, quyết định, tài liệu khác có liên quan. Ngày yêu cầu thi hành án được tính từ ngày người yêu cầu nộp đơn hoặc trình bày trực tiếp hoặc ngày có dấu bưu điện nơi gửi. 2. Đơn yêu cầu phải có các nội dung sau đây: a) Tên, địa chỉ của người yêu cầu; b) Tên cơ quan thi hành án dân sự nơi yêu cầu; c) Tên, địa chỉ của người được thi hành án; người phải thi hành án; d) Nội dung yêu cầu thi hành án; đ) Thông tin về tài sản, điều kiện thi hành án của người phải thi hành án, nếu có; e) Ngày, tháng, năm làm đơn; g) Chữ ký hoặc điểm chỉ của người làm đơn; trường hợp là pháp nhân thì phải có chữ ký của người đại diện hợp pháp và đóng dấu của pháp nhân, nếu có. 3. Trường hợp người yêu cầu trực tiếp trình bày bằng lời nói thì cơ quan thi hành án dân sự phải lập biên bản có các nội dung quy định tại khoản 2 Điều này, có chữ ký của người lập biên bản; biên bản này có giá trị như đơn yêu cầu. 4. Khi tiếp nhận yêu cầu thi hành án, cơ quan thi hành án dân sự phải kiểm tra nội dung yêu cầu và các tài liệu kèm theo, vào sổ nhận yêu cầu thi hành án và thông báo bằng văn bản cho người yêu cầu. 5. Cơ quan thi hành án dân sự từ chối yêu cầu thi hành án và phải thông báo bằng văn bản cho người yêu cầu trong thời hạn 05 ngày làm việc, kể từ ngày nhận được yêu cầu thi hành án trong các trường hợp sau đây: a) Người yêu cầu không có quyền yêu cầu thi hành án hoặc nội dung yêu cầu không liên quan đến nội dung của bản án, quyết định; bản án, quyết định không làm phát sinh quyền, nghĩa vụ của các đương sự theo quy định của Luật này; b) Cơ quan thi hành án dân sự được yêu cầu không có thẩm quyền thi hành án; c) Hết thời hiệu yêu cầu thi hành án.

Căn cứ Điều 30 Luật Thi hành án dân sự 2008 quy định về thời hiệu yêu cầu thi hành án như sau:

1. Trong thời hạn 05 năm, kể từ ngày bản án, quyết định có hiệu lực pháp luật, người được thi hành án, người phải thi hành án có quyền yêu cầu cơ quan thi hành án dân sự có thẩm quyền ra quyết định thi hành án.

Trường hợp thời hạn thực hiện nghĩa vụ được ấn định trong bản án, quyết định thì thời hạn 05 năm được tính từ ngày nghĩa vụ đến hạn.

Đối với bản án, quyết định thi hành theo định kỳ thì thời hạn 05 năm được áp dụng cho từng định kỳ, kể từ ngày nghĩa vụ đến hạn.

2. Đối với các trường hợp hoãn, tạm đình chỉ thi hành án theo quy định của Luật này thì thời gian hoãn, tạm đình chỉ không tính vào thời hiệu yêu cầu thi hành án, trừ trường hợp người được thi hành án đồng ý cho người phải thi hành án hoãn thi hành án.

3. Trường hợp người yêu cầu thi hành án chứng minh được do trở ngại khách quan hoặc do sự kiện bất khả kháng mà không thể yêu cầu thi hành án đúng thời hạn thì thời gian có trở ngại khách quan hoặc sự kiện bất khả kháng không tính vào thời hiệu yêu cầu thi hành án.

Trong trường hợp người có nghĩa vụ thực hiện bản án, quyết định của toà án mà không thực hiện thì đương sự khác có quyền và nghĩa vụ liên quan có quyền làm đơn yêu cầu thi hành án theo quy định tại Điều 31 Luật Thi hành án dân sự sửa đổi 2014 quy định về việc tiếp nhận, từ chối yêu cầu thi hành án nêu trên. Thời gian yêu cầu thi hành án là 5 năm, như vậy trong thời gian 5 năm kể từ ngày có quyết định, bản án có hiệu lực của Toà án, bạn có quyền làm đơn yêu cầu giải quyết thi hành án.

Trên đây là tư vấn của Ban biên tập Thư Ký Luật về nhận tài sản được phân chia sau khi ly hôn. Bạn nên tham khảo chi tiết Luật Thi hành án dân sự sửa đổi 2014 để nắm rõ quy định này.

Trân trọng!",,,,,,,,,
"Vợ chồng tôi có hai con chung và tài sản chung là một căn nhà. Căn nhà này được xây trên mảnh đất của bố mẹ chồng tôi cho sau khi vợ chồng tôi kết hôn. Xin hỏi nay chúng tôi muốn ly hôn thì phần tài sản này sẽ được chia như thế nào? Nhiều người cho rằng đó là căn nhà được xây trên mảnh đất của bố mẹ chồng tôi nên tôi sẽ không được chia, vậy có đúng không?","Theo quy định tại Điều 33 Luật hôn nhân và gia đình 2014: “Tài sản chung của vợ chồng gồm tài sản do vợ, chồng tạo ra, thu nhập do lao động, hoạt động sản xuất, kinh doanh, hoa lợi, lợi tức phát sinh từ tài sản riêng và thu nhập hợp pháp khác trong thời kỳ hôn nhân; tài sản mà vợ chồng được thừa kế chung hoặc được tặng cho chung và tài sản khác mà vợ chồng thỏa thuận là tài sản chung (trừ trường hợp có thỏa thuận khác).

Quyền sử dụng đất mà vợ, chồng có được sau khi kết hôn là tài sản chung của vợ chồng, trừ trường hợp vợ hoặc chồng được thừa kế riêng, được tặng cho riêng hoặc có được thông qua giao dịch bằng tài sản riêng.”

Như vậy, theo thông tin bạn cung cấp, chúng tôi chưa xác định được quyền sử dụng đất của bố mẹ chồng bạn đã tặng cho riêng chồng bạn hay là tặng cho cả vợ chồng bạn.

Nếu tặng cho riêng thì đó là tài sản riêng của chồng bạn, khi ly hôn “quyền sử dụng đất là tài sản riêng của bên nào thì khi ly hôn vẫn thuộc về bên đó” (Khoản 1 – Điều 62 Luật Hôn nhân gia đình).

Nếu căn nhà do hai vợ chồng cùng xây dựng và tạo lập trong thời kỳ hôn nhân là tài sản chung của vợ chồng.

Căn nhà này thuộc sở hữu chung hợp nhất của hai vợ chồng, do vậy khi ly hôn nếu không thể tự thỏa thuận được việc phân chia căn nhà, mỗi bên có quyền yêu cầu Tòa án giải quyết, việc phân chia được áp dụng theo các nguyên tắc được quy định tại Khoản 2 và 3, Điều 59 - Luật hôn nhân gia đình như sau:

“2. Tài sản chung của vợ chồng được chia đôi nhưng có tính đến các yếu tố sau đây:

a) Hoàn cảnh của gia đình và của vợ, chồng;

b) Công sức đóng góp của vợ, chồng vào việc tạo lập, duy trì và phát triển khối tài sản chung. Lao động của vợ, chồng trong gia đình được coi như lao động có thu nhập;

c) Bảo vệ lợi ích chính đáng của mỗi bên trong sản xuất, kinh doanh và nghề nghiệp để các bên có điều kiện tiếp tục lao động tạo thu nhập;

d) Lỗi của mỗi bên trong vi phạm quyền, nghĩa vụ của vợ chồng.

3. Tài sản chung của vợ chồng được chia bằng hiện vật, nếu không chia được bằng hiện vật thì chia theo giá trị; bên nào nhận phần tài sản bằng hiện vật có giá trị lớn hơn phần mình được hưởng thì phải thanh toán cho bên kia phần chênh lệch.”

Nếu căn nhà được xây dựng trên đất không thuộc sở hữu chung của vợ chồng bạn (sở hữu riêng của chồng bạn) thì việc chia tài sản bằng hiện vật, nghĩa là chỉ cho mỗi người sở hữu một phần căn nhà hoặc tháo dỡ căn nhà để phân chia sẽ không thực hiện được.

Do vậy phải phân chia theo giá trị, nghĩa là bên chồng nếu nhận toàn bộ căn nhà thì phải thanh toán cho bện vợ một khoản tiền xác định theo giá trị thị trường của căn nhà theo nguyên tắc chia đôi và có xem xét đến các yếu tố quy định tại Khoản 2 – Điều 59 ở trên.

Do vậy, hai vợ chồng bạn nên thỏa thuận về giá trị ngôi nhà, xác định số tiền yêu cầu bên chồng thanh toán cho vợ khi ly hôn. Nếu không thể thỏa thuận được, bạn có thể yêu cầu Tòa án có thẩm quyền giải quyết việc phân chia căn nhà.",,,,,,,,,
"Bố tôi có con riêng 5 tuổi với người khác không giá thú. Mới đây bố mẹ tôi ly dị, vậy tài sản chung của bố mẹ tôi có phải chia cho người con ngoài giá thú kia không khi họ cũng không đòi hỏi?","Điều 33 Luật Hôn nhân Gia đình 2014 quy định về tài sản chung vợ chồng trong thời kỳ hôn nhân “gồm tài sản do vợ, chồng tạo ra, thu nhập do lao động, hoạt động sản xuất, kinh doanh, hoa lợi, lợi tức phát sinh từ tài sản riêng và thu nhập hợp pháp khác trong thời kỳ hôn nhân..., tài sản mà vợ chồng được thừa kế chung hoặc được tặng cho chung và tài sản khác mà vợ chồng thỏa thuận là tài sản chung”

Khi bố mẹ bạn ly hôn, tài sản chung của bố mẹ bạn sẽ chia theo thỏa thuận, trường hợp không có thỏa thuận sẽ được chia theo luật định (Theo Điều 7 Thông tư liên tịch số 01/2016/TTLT-TANDTC-VKSNDTC-BTP hướng dẫn thi hành một số quy định của Luật hôn nhân và gia đình số 52/2014/QH13).

Khoản 2 Điều 59 Luật Hôn nhân và gia đình 2014 quy định: “Tài sản chung của vợ chồng được chia đôi”. Như vậy, tài sản chung của bố mẹ bạn khi ly hôn sẽ chia cho bố mẹ bạn theo thỏa thuận hoặc nếu không theo thỏa thuận sẽ chia theo nguyên tắc của pháp luật là chia đôi. Ngoài ra, tòa án nhân dân còn dựa vào một số yếu tố sau để chia tài sản:

Hoàn cảnh của gia đình và của vợ, chồng;

Công sức đóng góp của vợ, chồng vào việc tạo lập, duy trì và phát triển khối tài sản chung. Lao động của vợ, chồng trong gia đình được coi như lao động có thu nhập;

Bảo vệ lợi ích chính đáng của mỗi bên trong sản xuất, kinh doanh và nghề nghiệp để các bên có điều kiện tiếp tục lao động tạo thu nhập;

Lỗi của mỗi bên trong vi phạm quyền, nghĩa vụ của vợ chồng.

Như vậy, về nguyên tắc của pháp luật hôn nhân gia đình, tài sản chung của bố mẹ bạn sẽ không phải chia cho con riêng ngoài giá thú của bố bạn. Nếu không có thỏa thuận gì, tòa án sẽ xác định tài sản chung của bố mẹ bạn và chia đôi số tài sản trên.",,,,,,,,,
"Trong đám cưới, mẹ chồng tặng tôi một bộ kiềng, lắc trị giá 3 cây vàng. Giờ khi chúng tôi ly hôn, bà đòi lại vì cho rằng ""không làm tròn bổn phận con dâu”. Việc làm này có trái quy định của pháp luật không? Hồng Liên","Theo Điều 457 Bộ luật Dân sự 2015, hợp đồng tặng cho tài sản là sự thỏa thuận giữa các bên. Theo đó, bên tặng cho giao tài sản của mình và chuyển quyền sở hữu cho bên được tặng cho mà không yêu cầu đền bù, bên được tặng cho đồng ý nhận.

Điều 458 quy định về thời điểm có hiệu lực của hợp đồng tặng cho tài sản. Theo đó, hợp đồng tặng cho động sản có hiệu lực kể từ thời điểm bên được tặng cho nhận tài sản, trừ trường hợp có thỏa thuận khác. Đối với động sản mà luật có quy định đăng ký quyền sở hữu thì hợp đồng tặng cho có hiệu lực kể từ thời điểm đăng ký.

Theo quy định của pháp luật, vàng bạc, đá quý… là tài sản không phải đăng ký quyền sở hữu. Do vậy, khi bên được tặng cho tài sản nhận tài sản thì việc tặng cho đã hoàn tất, quyền sở hữu tài sản đã được chuyển dịch từ người tặng cho sang người được tặng cho.

Đối chiếu với các quy định nói trên, việc mẹ chồng tặng nữ trang cho bạn trong lễ cưới mà không kèm bất kỳ điều kiện nào và bạn cũng đã đồng ý nhận thì số nữ trang đó đã thuộc sở hữu của bạn. Do vậy, việc mẹ chồng cho rằng bạn không làm tròn bổn phận con dâu trong gia đình để đòi nữ trang là không có căn cứ.",,,,,,,,,
"Tôi đang ly thân vợ, giờ định mua ôtô bằng tiền của riêng thì có bị coi là tài sản chung trong hôn nhân không?","Theo quy định tại khoản 13 Điều 3 Luật Hôn nhân và gia đình 2014: “Thời kỳ hôn nhân là khoảng thời gian tồn tại quan hệ vợ chồng, được tính từ ngày đăng ký kết hôn đến ngày chấm dứt hôn nhân”.

Điều 33 quy định tài sản chung của vợ chồng như sau:

“1. Tài sản chung của vợ chồng gồm tài sản do vợ, chồng tạo ra, thu nhập do lao động, hoạt động sản xuất, kinh doanh, hoa lợi, lợi tức phát sinh từ tài sản riêng và thu nhập hợp pháp khác trong thời kỳ hôn nhân, trừ trường hợp được quy định tại khoản 1 Điều 40 của Luật này; tài sản mà vợ chồng được thừa kế chung hoặc được tặng cho chung và tài sản khác mà vợ chồng thỏa thuận là tài sản chung.

Quyền sử dụng đất mà vợ, chồng có được sau khi kết hôn là tài sản chung của vợ chồng, trừ trường hợp vợ hoặc chồng được thừa kế riêng, được tặng cho riêng hoặc có được thông qua giao dịch bằng tài sản riêng.

2. Tài sản chung của vợ chồng thuộc sở hữu chung hợp nhất, được dùng để bảo đảm nhu cầu của gia đình, thực hiện nghĩa vụ chung của vợ chồng.

3. Trong trường hợp không có căn cứ để chứng minh tài sản mà vợ, chồng đang có tranh chấp là tài sản riêng của mỗi bên thì tài sản đó được coi là tài sản chung”.

Pháp luật hiện hành không có quy định về chế định “ly thân” nên với những quy định nêu trên, thời gian sống ly thân vẫn được coi là đang sống trong thời kỳ hôn nhân. Do đó khi bạn muốn mua ôtô bằng tiền của riêng bạn mà vợ chồng bạn không có văn bản thỏa thuận tài sản này là thuộc sở hữu riêng của bạn, tài sản đó vẫn được coi là chung của vợ chồng và khi ly hôn, vợ bạn có quyền yêu cầu tòa án chia theo quy định của pháp luật.",,,,,,,,,
"Thưa luật sư, vợ chồng tôi kết hôn năm 2014. Từ đó đến nay, tiền lương được công ty gửi hàng tháng tôi vẫn để trong thẻ ngân hàng không rút. Vậy số tiền này có phải tài sản riêng của tôi không? Nay chúng tôi ly hôn chồng tôi đòi chia số tiền này có đúng không?","Thứ nhất, tiền lương có được trong thời kì hôn nhân là tài sản chung vợ chồng Căn cứ quy định tại Điều 33 Luật Hôn nhân và gia đình 2014: “Điều 33. Tài sản chung của vợ chồng 1. Tài sản chung của vợ chồng gồm tài sản do vợ, chồng tạo ra, thu nhập do lao động, hoạt động sản xuất, kinh doanh, hoa lợi, lợi tức phát sinh từ tài sản riêng và thu nhập hợp pháp khác trong thời kỳ hôn nhân, trừ trường hợp được quy định tại khoản 1 Điều 40 của Luật này; tài sản mà vợ chồng được thừa kế chung hoặc được tặng cho chung và tài sản khác mà vợ chồng thỏa thuận là tài sản chung. Quyền sử dụng đất mà vợ, chồng có được sau khi kết hôn là tài sản chung của vợ chồng, trừ trường hợp vợ hoặc chồng được thừa kế riêng, được tặng cho riêng hoặc có được thông qua giao dịch bằng tài sản riêng. 2. Tài sản chung của vợ chồng thuộc sở hữu chung hợp nhất, được dùng để bảo đảm nhu cầu của gia đình, thực hiện nghĩa vụ chung của vợ chồng. 3. Trong trường hợp không có căn cứ để chứng minh tài sản mà vợ, chồng đang có tranh chấp là tài sản riêng của mỗi bên thì tài sản đó được coi là tài sản chung”. Như vậy, nếu không có thỏa thuận khác thì khoản tiền lương của bạn kể từ sau khi kết hôn là thu nhập do lao động trong thời kỳ hôn nhân mà có nên nó là tài sản chung của vợ chồng. Thứ hai, nguyên tắc giải quyết tài sản của vợ chồng khi ly hôn. Căn cứ quy định tại Điều 59 Luật Hôn nhân và gia đình 2014: “Điều 59. Nguyên tắc giải quyết tài sản của vợ chồng khi ly hôn 1. Trong trường hợp chế độ tài sản của vợ chồng theo luật định thì việc giải quyết tài sản do các bên thỏa thuận; nếu không thỏa thuận được thì theo yêu cầu của vợ, chồng hoặc của hai vợ chồng, Tòa án giải quyết theo quy định tại các khoản 2, 3, 4 và 5 Điều này và tại các điều 60, 61, 62, 63 và 64 của Luật này. Trong trường hợp chế độ tài sản của vợ chồng theo thỏa thuận thì việc giải quyết tài sản khi ly hôn được áp dụng theo thỏa thuận đó; nếu thỏa thuận không đầy đủ, rõ ràng thì áp dụng quy định tương ứng tại các khoản 2, 3, 4 và 5 Điều này và tại các điều 60, 61, 62, 63 và 64 của Luật này để giải quyết. 2. Tài sản chung của vợ chồng được chia đôi nhưng có tính đến các yếu tố sau đây: a) Hoàn cảnh của gia đình và của vợ, chồng; b) Công sức đóng góp của vợ, chồng vào việc tạo lập, duy trì và phát triển khối tài sản chung. Lao động của vợ, chồng trong gia đình được coi như lao động có thu nhập; c) Bảo vệ lợi ích chính đáng của mỗi bên trong sản xuất, kinh doanh và nghề nghiệp để các bên có điều kiện tiếp tục lao động tạo thu nhập; d) Lỗi của mỗi bên trong vi phạm quyền, nghĩa vụ của vợ chồng. 3. Tài sản chung của vợ chồng được chia bằng hiện vật, nếu không chia được bằng hiện vật thì chia theo giá trị; bên nào nhận phần tài sản bằng hiện vật có giá trị lớn hơn phần mình được hưởng thì phải thanh toán cho bên kia phần chênh lệch. 4. Tài sản riêng của vợ, chồng thuộc quyền sở hữu của người đó, trừ trường hợp tài sản riêng đã nhập vào tài sản chung theo quy định của Luật này. Trong trường hợp có sự sáp nhập, trộn lẫn giữa tài sản riêng với tài sản chung mà vợ, chồng có yêu cầu về chia tài sản thì được thanh toán phần giá trị tài sản của mình đóng góp vào khối tài sản đó, trừ trường hợp vợ chồng có thỏa thuận khác. 5. Bảo vệ quyền, lợi ích hợp pháp của vợ, con chưa thành niên, con đã thành niên mất năng lực hành vi dân sự hoặc không có khả năng lao động và không có tài sản để tự nuôi mình. 6. Tòa án nhân dân tối cao chủ trì phối hợp với Viện kiểm sát nhân dân tối cao và Bộ Tư pháp hướng dẫn Điều này”. Như vậy, nếu hai bạn không có thỏa thuận khác, số tiền lương trên sẽ được chia đôi có tính đến các yếu tố hoàn cảnh, công sức đóng góp căn cứ quy định tại Điều 59 Luật Hôn nhân và gia đình 2014.",,,,,,,,,
"Trong đám cưới, mẹ chồng tặng tôi một bộ kiềng, lắc trị giá 3 cây vàng. Giờ khi chúng tôi ly hôn, bà đòi lại vì cho rằng ""không làm tròn bổn phận con dâu”. Việc làm này có trái quy định của pháp luật không?","Theo Điều 457 Bộ luật Dân sự năm 2015, hợp đồng tặng cho tài sản là sự thỏa thuận giữa các bên. Theo đó, bên tặng cho giao tài sản của mình và chuyển quyền sở hữu cho bên được tặng cho mà không yêu cầu đền bù, bên được tặng cho đồng ý nhận.

Điều 458 quy định về thời điểm có hiệu lực của hợp đồng tặng cho tài sản. Theo đó, hợp đồng tặng cho động sản có hiệu lực kể từ thời điểm bên được tặng cho nhận tài sản, trừ trường hợp có thỏa thuận khác. Đối với động sản mà luật có quy định đăng ký quyền sở hữu thì hợp đồng tặng cho có hiệu lực kể từ thời điểm đăng ký.

Theo quy định của pháp luật, vàng bạc, đá quý… là tài sản không phải đăng ký quyền sở hữu. Do vậy, khi bên được tặng cho tài sản nhận tài sản thì thì việc tặng cho đã hoàn tất, quyền sử hữu tài sản đã được chuyển dịch từ người tặng cho sang người được tặng cho.

Đối chiếu với các quy định nói trên, việc mẹ chồng tặng nữ trang cho bạn trong lễ cưới mà không kèm bất kỳ điều kiện nào và bạn cũng đã đồng ý nhận thì số nữ trang đó đã thuộc sở hữu của bạn. Do vậy, việc mẹ chồng cho rằng bạn không làm tròn bổn phận con dâu trong gia đình để đòi nữ trang là không có căn cứ.",,,,,,,,,
"Thưa luật sư, con tôi năm nay đã 20 tuổi, nếu vợ chồng tôi ly hôn thì con tôi có được chia tài sản không? Và nếu con sống cùng tôi thì sau này có quyền thừa kế tài sản của chồng tôi không?","Căn cứ quy định tại Điều 59 Luật Hôn nhân và gia đình 2014 như sau:

1. Trong trường hợp chế độ tài sản của vợ chồng theo luật định thì việc giải quyết tài sản do các bên thỏa thuận; nếu không thỏa thuận được thì theo yêu cầu của vợ, chồng hoặc của hai vợ chồng, Tòa án giải quyết theo quy định tại các khoản 2, 3, 4 và 5 Điều này và tại các điều 60, 61, 62, 63 và 64 của Luật này. Trong trường hợp chế độ tài sản của vợ chồng theo thỏa thuận thì việc giải quyết tài sản khi ly hôn được áp dụng theo thỏa thuận đó; nếu thỏa thuận không đầy đủ, rõ ràng thì áp dụng quy định tương ứng tại các khoản 2, 3, 4 và 5 Điều này và tại các điều 60, 61, 62, 63 và 64 của Luật này để giải quyết.

2. Tài sản chung của vợ chồng được chia đôi nhưng có tính đến các yếu tố sau đây:

a) Hoàn cảnh của gia đình và của vợ, chồng;

b) Công sức đóng góp của vợ, chồng vào việc tạo lập, duy trì và phát triển khối tài sản chung. Lao động của vợ, chồng trong gia đình được coi như lao động có thu nhập;

c) Bảo vệ lợi ích chính đáng của mỗi bên trong sản xuất, kinh doanh và nghề nghiệp để các bên có điều kiện tiếp tục lao động tạo thu nhập;

d) Lỗi của mỗi bên trong vi phạm quyền, nghĩa vụ của vợ chồng.

3. Tài sản chung của vợ chồng được chia bằng hiện vật, nếu không chia được bằng hiện vật thì chia theo giá trị; bên nào nhận phần tài sản bằng hiện vật có giá trị lớn hơn phần mình được hưởng thì phải thanh toán cho bên kia phần chênh lệch.

4. Tài sản riêng của vợ, chồng thuộc quyền sở hữu của người đó, trừ trường hợp tài sản riêng đã nhập vào tài sản chung theo quy định của Luật này. Trong trường hợp có sự sáp nhập, trộn lẫn giữa tài sản riêng với tài sản chung mà vợ, chồng có yêu cầu về chia tài sản thì được thanh toán phần giá trị tài sản của mình đóng góp vào khối tài sản đó, trừ trường hợp vợ chồng có thỏa thuận khác.

5. Bảo vệ quyền, lợi ích hợp pháp của vợ, con chưa thành niên, con đã thành niên mất năng lực hành vi dân sự hoặc không có khả năng lao động và không có tài sản để tự nuôi mình.

6. Tòa án nhân dân tối cao chủ trì phối hợp với Viện kiểm sát nhân dân tối cao và Bộ Tư pháp hướng dẫn Điều này”.

Như vậy, về việc chia tài sản khi ly hôn chỉ đặt ra giữa vợ và chồng theo nguyên tắc tài sản chung của vợ, chồng sẽ được chia đôi (có xét tới một số yếu tố như hoàn cảnh 2 bên, công sức đóng góp tạo lập tài sản…) còn tài sản riêng của ai thì người đó sở hữu.

Về vấn đề thừa kế, theo quy định tại Điều 676 Bộ luật dân sự 2005 thì hàng thừa kế thứ nhất bao gồm: vợ, chồng, cha đẻ, mẹ đẻ, cha nuôi, mẹ nuôi, con đẻ, con nuôi của người chết. Do đó, khi chồng bạn mất con của bạn có quyền được thừa kế di sản thừa kế (trừ trường hợp chồng bạn có để lại di chúc và truất quyền thừa kế của con bạn) theo quy định của pháp luật.",,,,,,,,,
"Năm 1998 anh tôi kết hôn cùng chị dâu Họ được ông nội tôi cho một căn nhà và giao quyền sở hữu cho 2 vợ chồng cùng đứng tên. Hai vợ chồng có với nhau được 2 người con. Đến năm 2013, tôi bị tai biến, mất hết sức lao động, từ đó mâu thuẫn gia đình nảy sinh, anh tôi về nhà cha mẹ ruột ở đến năm 2015 thì hai vợ chồng chính thức ly hôn. Khi tòa xử cho hai vợ chồng ly hôn thì tài sản chung là căn nhà được chia đôi, do anh tôi mất hết sức lao động nên 2 con do chị dâu nuôi dưỡng. Đến nay anh tôi muốn bán căn nhà để lấy tiền trị bệnh thì chị dâu có hành vi cản trở là ra giá căn nhà cao hơn giá thực tế rất nhiều để không ai mua nhằm chiếm hữu ngôi nhà. Hỏi chị tôi có vi phạm pháp luật không, anh tôi phải làm thế nào để lấy được phần tài sản của mình? Mong nhận được tư vấn của Ban biên tập Thư Ký Luật. Chân thành cảm ơn!","Điều 59 Luật Hôn nhân và gia đình 2014 quy định về Nguyên tác giải quyết tài sản của vợ chồng khi ly hôn như sau:

1. Trong trường hợp chế độ tài sản của vợ chồng theo luật định thì việc giải quyết tài sản do các bên thỏa thuận; nếu không thỏa thuận được thì theo yêu cầu của vợ, chồng hoặc của hai vợ chồng, Tòa án giải quyết theo quy định tại các khoản 2, 3, 4 và 5 Điều này và tại các điều 60, 61, 62, 63 và 64 của Luật này.

Trong trường hợp chế độ tài sản của vợ chồng theo thỏa thuận thì việc giải quyết tài sản khi ly hôn được áp dụng theo thỏa thuận đó; nếu thỏa thuận không đầy đủ, rõ ràng thì áp dụng quy định tương ứng tại các khoản 2, 3, 4 và 5 Điều này và tại các điều 60, 61, 62, 63 và 64 của Luật này để giải quyết.

2. Tài sản chung của vợ chồng được chia đôi nhưng có tính đến các yếu tố sau đây:

a) Hoàn cảnh của gia đình và của vợ, chồng;

b) Công sức đóng góp của vợ, chồng vào việc tạo lập, duy trì và phát triển khối tài sản chung. Lao động của vợ, chồng trong gia đình được coi như lao động có thu nhập;

c) Bảo vệ lợi ích chính đáng của mỗi bên trong sản xuất, kinh doanh và nghề nghiệp để các bên có điều kiện tiếp tục lao động tạo thu nhập;

d) Lỗi của mỗi bên trong vi phạm quyền, nghĩa vụ của vợ chồng.

3. Tài sản chung của vợ chồng được chia bằng hiện vật, nếu không chia được bằng hiện vật thì chia theo giá trị; bên nào nhận phần tài sản bằng hiện vật có giá trị lớn hơn phần mình được hưởng thì phải thanh toán cho bên kia phần chênh lệch.

4. Tài sản riêng của vợ, chồng thuộc quyền sở hữu của người đó, trừ trường hợp tài sản riêng đã nhập vào tài sản chung theo quy định của Luật này.

Trong trường hợp có sự sáp nhập, trộn lẫn giữa tài sản riêng với tài sản chung mà vợ, chồng có yêu cầu về chia tài sản thì được thanh toán phần giá trị tài sản của mình đóng góp vào khối tài sản đó, trừ trường hợp vợ chồng có thỏa thuận khác.""

Trường hợp của bạn, bạn không nêu rõ về thông tin tài sản chung là căn nhà của hai vợ chồng anh trai bạn cũng như hình thức phân chia tài sản chung của Tòa án áp dụng cho vợ chồng anh trai bạn là chia hiện vật hay chia theo giá trị tài sản. Tuy nhiên từ những thông tin bạn cung cấp, mặc dù Tòa án đã phân chia tài sản chung là chia đôi, nhưng trên thực tế hai người vẫn chưa phân chia, người đang sử dụng trực tiếp với tài sản chung này là chị dâu bạn nên tài sản này trên thực tế đang là tài sản chung theo phần của hai người mà mỗi người có quyền sở hữu một nửa với tài sản này.

Trên đây là tư vấn của Ban biên tập Thư Ký Luật về yêu cầu xác định giá trị tài sản chung để chia khi ly hôn. Bạn nên tham khảo chi tiết Luật Hôn nhân và gia đình 2014 để nắm rõ quy định này.

Trân trọng!",,,,,,,,,
"Hai vợ chồng tôi đã ly hôn được 5 tháng, thỏa thuận xong phân chia tài sản và được Tòa án ghi nhận trong Quyết định công nhận thuận tình ly hôn. Tôi nhận chiếc ôtô và 150 triệu đồng, còn anh ấy lấy căn nhà. Tuy nhiên, bố mẹ chồng cho rằng chiếc xe là do con họ mua nên không chịu giao tài sản đó cho tôi. Vậy tôi cần làm gì? Hạnh Ly","Theo luật, đó là tài sản của vợ chồng bạn, nên nếu ông bà có hành vi chiếm giữ thì tùy từng mức độ sẽ bị xử lý vi phạm hành chính hoặc truy cứu trách nhiệm hình sự.

Về góc độ hành chính: Nghị định 167/2013/NĐ-CP Quy định xử phạt vi phạm hành chính trong lĩnh vực an ninh trật tự, an toàn xã hội, phòng cháy chữa cháy quy định:  Phạt tiền từ 2.000.000 đồng đến 5.000.000 đồng đối với hành vi ""chiếm giữ trái phép tài sản của người khác”.

Để giải quyết theo phương thức này, bạn có quyền gửi đơn đề nghị trực tiếp đến Chủ tịch Ủy ban nhân dân xã (phường) nơi bố mẹ chồng bạn cư trú để yêu cầu xử lý.

Về góc độ hình sự: Bộ luật hình sự năm 1999 sửa đổi bổ sung năm 2009 quy định: Người nào cố tình không trả lại cho chủ sở hữu, người quản lý hợp pháp hoặc không giao nộp cho cơ quan có trách nhiệm tài sản có giá trị từ mười triệu đồng đến dưới hai trăm triệu đồng, cổ vật hoặc vật có giá trị lịch sử, văn hoá bị giao nhầm hoặc do mình tìm được, bắt được, sau khi chủ sở hữu, người quản lý hợp pháp hoặc cơ quan có trách nhiệm yêu cầu được nhận lại tài sản đó theo quy định của pháp luật, thì bị phạt cải tạo không giam giữ đến ba năm hoặc phạt tù từ ba tháng đến hai năm... Phạm tội chiếm giữ tài sản có giá trị từ hai trăm triệu đồng trở lên hoặc cổ vật, vật có giá trị lịch sử, văn hoá có giá trị đặc biệt, thì bị phạt tù từ một năm đến 5 năm.

Để giải quyết theo phương thức này, bạn làm đơn tố cáo gửi đến Công an quận (huyện) nơi ông bà cư trú để giải quyết.

Như vậy, căn cứ vào giá trị của tài sản, bạn có quyền lựa chọn phương thức xử lý phù hợp.",,,,,,,,,
Ly hôn có được yêu cầu chia đất mà bố chồng đứng tên mua bán không? Khi tôi cưới nhau được một năm thì bố đẻ tôi có mua cho tôi một mảnh đất để vợ chồng tôi làm nhà nhưng đất hiện nay vẫn mang tên người bán mà giấy tờ chuyển nhượng tên bố tôi. Bây giờ vợ chồng tôi ly hôn mảnh đất đó có bị chia cho vợ tôi không? Mong nhận được tư vấn của Ban biên tập Thư Ký Luật. Chân thành cảm ơn!,"Tại Điều 33 Luật hôn nhân và gia đình 2014 quy định về tài sản chung của vợ chồng như sau:

+ Tài sản chung của vợ chồng gồm tài sản do vợ, chồng tạo ra, thu nhập do lao động, hoạt động sản xuất, kinh doanh, hoa lợi, lợi tức phát sinh từ tài sản riêng và thu nhập hợp pháp khác trong thời kỳ hôn nhân, trừ trường hợp được quy định tại khoản 1 Điều 40 của Luật hôn nhân và gia đình năm 2014; tài sản mà vợ chồng được thừa kế chung hoặc được tặng cho chung và tài sản khác mà vợ chồng thỏa thuận là tài sản chung.

Quyền sử dụng đất mà vợ, chồng có được sau khi kết hôn là tài sản chung của vợ chồng, trừ trường hợp vợ hoặc chồng được thừa kế riêng, được tặng cho riêng hoặc có được thông qua giao dịch bằng tài sản riêng.

+ Tài sản chung của vợ chồng thuộc sở hữu chung hợp nhất, được dùng để bảo đảm nhu cầu của gia đình, thực hiện nghĩa vụ chung của vợ chồng.

+ Trong trường hợp không có căn cứ để chứng minh tài sản mà vợ, chồng đang có tranh chấp là tài sản riêng của mỗi bên thì tài sản đó được coi là tài sản chung.

Tại Điều 34 Luật hôn nhân và gia đình năm 2014 quy định về đăng ký quyền sở hữu, quyền sử dụng đối với tài sản chung của vợ chồng như sau:

+ Trong trường hợp tài sản thuộc sở hữu chung của vợ chồng mà pháp luật quy định phải đăng ký quyền sở hữu, quyền sử dụng thì giấy chứng nhận quyền sở hữu, giấy chứng nhận quyền sử dụng phải ghi tên cả hai vợ chồng, trừ trường hợp vợ chồng có thỏa thuận khác;

+ Trong trường hợp giấy chứng nhận quyền sở hữu, giấy chứng nhận quyền sử dụng tài sản chỉ ghi tên một bên vợ hoặc chồng thì giao dịch liên quan đến tài sản này được thực hiện theo quy định tại Điều 26 của Luật hôn nhân và gia đình 2014; nếu có tranh chấp về tài sản đó thì được giải quyết theo quy định tại khoản 3 Điều 33 Luật hôn nhân và gia đình 2014.

Khoản 1 Điều 95 Luật đất đai 2013 có quy định về đăng ký đất đai, nhà ở và tài sản khác gắn liền với đất như sau: Đăng ký đất đai là bắt buộc đối với người sử dụng đất và người được giao đất để quản lý; đăng ký quyền sở hữu nhà ở và tài sản khác gắn liền với đất thực hiện theo yêu cầu của chủ sở hữu. Để được công nhận quyền sở hữu đất đai thì phải tiến hành đăng ký quyền sở hữu đất đai.

Như vậy, xét vào trường hợp của bạn, vợ chồng bạn cưới nhau được một năm thì bố đẻ bạn có mua cho tôi một mảnh đất để vợ chồng bạn làm nhà nhưng đất hiện nay vẫn mang tên người bán mà giấy tờ chuyển nhượng tên bố bạn thì sẽ không được xác định là tài sản chung của vợ chồng bạn, nên khi vợ chồng bạn ly hôn thì tài sản này sẽ không được phân chia.

Trên đây là tư vấn của Ban biên tập Thư Ký Luật về chia đất mà bố chồng đứng tên khi ly hôn. Bạn nên tham khảo chi tiết Luật hôn nhân và gia đình 2014 để nắm rõ quy định này.

Trân trọng!",,,,,,,,,
"Vợ chồng tôi kết hôn được 11 năm. Trong thời gian kết hôn, chồng tôi đi xuất khẩu lao động 6,5 năm. Tôi ở nhà đi dạy học, cấy lúa và nuôi 2 con. Chúng tôi có tài sản là nhà 2 tầng 160 mét vuông, đất 2900 mét vuông (ông nội cho đã sang tên cho vợ chồng), vườn chúng tôi mua 1800 mét vuông. Xin hỏi nếu ly hôn thì tài sản chia như thế nào? Mong nhận được tư vấn của Ban biên tập Thư Ký Luật. Chân thành cảm ơn!","Nguyên tắc giải quyết tài sản của vợ chồng khi ly hôn được quy định tại Điều 59 Luật Hôn nhân và gia đình 2014 như sau:

1. Trong trường hợp chế độ tài sản của vợ chồng theo luật định thì việc giải quyết tài sản do các bên thỏa thuận; nếu không thỏa thuận được thì theo yêu cầu của vợ, chồng hoặc của hai vợ chồng, Tòa án giải quyết theo quy định tại các khoản 2, 3, 4 và 5 Điều này và tại các điều 60, 61, 62, 63 và 64 của Luật này.

Trong trường hợp chế độ tài sản của vợ chồng theo thỏa thuận thì việc giải quyết tài sản khi ly hôn được áp dụng theo thỏa thuận đó; nếu thỏa thuận không đầy đủ, rõ ràng thì áp dụng quy định tương ứng tại các khoản 2, 3, 4 và 5 Điều này và tại các điều 60, 61, 62, 63 và 64 của Luật này để giải quyết.

2. Tài sản chung của vợ chồng được chia đôi nhưng có tính đến các yếu tố sau đây:

a) Hoàn cảnh của gia đình và của vợ, chồng;

b) Công sức đóng góp của vợ, chồng vào việc tạo lập, duy trì và phát triển khối tài sản chung. Lao động của vợ, chồng trong gia đình được coi như lao động có thu nhập;

c) Bảo vệ lợi ích chính đáng của mỗi bên trong sản xuất, kinh doanh và nghề nghiệp để các bên có điều kiện tiếp tục lao động tạo thu nhập;

d) Lỗi của mỗi bên trong vi phạm quyền, nghĩa vụ của vợ chồng.

3. Tài sản chung của vợ chồng được chia bằng hiện vật, nếu không chia được bằng hiện vật thì chia theo giá trị; bên nào nhận phần tài sản bằng hiện vật có giá trị lớn hơn phần mình được hưởng thì phải thanh toán cho bên kia phần chênh lệch.

4. Tài sản riêng của vợ, chồng thuộc quyền sở hữu của người đó, trừ trường hợp tài sản riêng đã nhập vào tài sản chung theo quy định của Luật này.

Trong trường hợp có sự sáp nhập, trộn lẫn giữa tài sản riêng với tài sản chung mà vợ, chồng có yêu cầu về chia tài sản thì được thanh toán phần giá trị tài sản của mình đóng góp vào khối tài sản đó, trừ trường hợp vợ chồng có thỏa thuận khác.""

Như vậy, nếu bạn và chồng ly hôn, việc phân chia tài sản chung được pháp luật quy định ưu tiên quyền tự thỏa thuận của các bên. Trong trường hợp không thỏa thuận được về việc phân chia tài sản chung được chi theo quy định tại khoản 2, khoản 3, khoản 4 nêu trên. Cụ thể trong trường hợp của bạn cùng các thông tin bạn cung cấp, tài sản được xác định và chia như sau:

- Bạn chỉ liệt kê các tài sản chung bao gồm: Nhà 2 tầng 120 m2, đất 2900 m2 (ông nội chia cho hai vợ chồng), đất vườn 1800m2 (hai vợ chồng mua).

- Tài sản chung của vợ chồng được chia theo nguyên tắc chia đôi, tức một phần đất này được chia đôi: mỗi người được hưởng đất ở 60m2, 1450 m2 đất nhận từ ông nội, 900m2 đất vườn do hai vợ chồng mua. Tuy nhiên, bạn cần tham khảo lại quy định của UBND cấp tỉnh nơi có đất quy định về hạn mức tách thửa đối với từng loại đất để xác định đất của hai vợ chồng bạn có thể tách để từng người đứng tên sau khi phân chia tài sản chung không?

- Trong trường hợp đất không có đủ điều kiện để chia tách thửa thì căn cứ vào khoản 3 nêu trên quy định: ""Tài sản chung của vợ chồng được chia bằng hiện vật, nếu không chia được bằng hiện vật thì chia theo giá trị; bên nào nhận phần tài sản bằng hiện vật có giá trị lớn hơn phần mình được hưởng thì phải thanh toán cho bên kia phần chênh lệch.""  Khi đó, một trong hai bên sẽ nhận tài sản và thanh toán cho bên còn lại phần giá trị chênh lệnh cho bên không nhận tài sản.

Trên đây là tư vấn của Ban biên tập Thư Ký Luật về chia tài sản chung vợ chồng khi yêu cầu giải quyết ly hôn. Bạn nên tham khảo chi tiết Luật Hôn nhân và gia đình 2014 để nắm rõ quy định này.

Trân trọng!",,,,,,,,,
"Hiện nay cha mẹ em đang giải quyết tranh chấp tài sản khi ly hôn, hiện vẫn đang chờ phòng tài nguyên môi trường ra bản vẽ để xét xử. Mẹ em vì bị cha đánh đập nên không còn ở chung nhà, trong khi đó đất đai đang trong thời gian tranh chấp mà cha em muốn chiếm hữu tự ý đem cho người khác thuê với giá trị gần 100 triệu không chịu chia cho mẹ em. Còn mẹ em đang chờ toà án phân chia nên hiện tại phải ăn nhờ ở đậu, không có tiền và tài sản để làm ăn sinh sống, mà thời gian giải quyết thi kéo dài. Cho em hỏi tài sản đang tranh chấp như vậy thì cha em có được phép cho người khác thuê lấy tiền 1 mình hoặc cha em sử dụng riêng hay không? Để bảo vệ quyền lợi của mình thì mẹ em phải làm như thế nào? Trong trường hợp như vậy mẹ em có thể làm gì? Mong nhận được tư vấn của Ban biên tập Thư Ký Luật. Chân thành cảm ơn!","Theo quy định tại Khoản 3 Điều 39 Luật Hôn nhân và Gia đình 2014 quy định:  “Trong trường hợp Tòa án chia tài sản chung của vợ chồng thì việc chia tài sản chung có hiệu lực kể từ ngày bản án, quyết định của Tòa án có hiệu lực pháp luật.”

Chiếu theo quy định trên, việc chia tài sản chung khi ly hôn chỉ có hiệu lực khi Bản án, Quyết định của TAND có hiệu lực pháp luật. Vậy trong trường hợp của bạn hiện nay vẫn đang trong thời gian TAND giải quyết và chưa có 1 bản án, quyết định nào thì tài sản chung vẫn sẽ là tài sản chung của 2 vợ chồng, và các lợi ích phát sinh từ các tài sản chung đó vẫn sẽ là tài sản chung của vợ chồng.

Để đảm bảo quyền lợi cho mình, trước tiên mẹ bạn cần phải có chứng cứ về việc hiện nay bố bạn đang cho thuê căn nhà đó và số tiền thu được từ việc cho thuê căn nhà và yêu cầu TAND thực hiện việc phân chia số lợi tức phát sinh từ tài sản này.

Ngoài ra bố bạn có các hành vi bạo lực gia đình cũng là một trong những yếu tố để tính và thực hiện chia tài sản chung theo quy định tại Điều 59 Luật Hôn nhân và Gia đình 2014, vậy mẹ bạn có thể trình bày thêm hành vi trên của bố bạn để xem xét giải quyết đến nguyên tắc phân chia di sản.

Tài sản chung của vợ chồng được chia đôi nhưng có tính đến các yếu tố sau đây:

a) Hoàn cảnh của gia đình và của vợ, chồng;

b) Công sức đóng góp của vợ, chồng vào việc tạo lập, duy trì và phát triển khối tài sản chung. Lao động của vợ, chồng trong gia đình được coi như lao động có thu nhập;

c) Bảo vệ lợi ích chính đáng của mỗi bên trong sản xuất, kinh doanh và nghề nghiệp để các bên có điều kiện tiếp tục lao động tạo thu nhập;

d) Lỗi của mỗi bên trong vi phạm quyền, nghĩa vụ của vợ chồng.

Trên đây là tư vấn của Ban biên tập Thư Ký Luật về việc bán tài sản đang tranh chấp khi ly hôn. Bạn nên tham khảo chi tiết Luật Hôn nhân và Gia đình 2014 để nắm rõ quy định này.

Trân trọng!",,,,,,,,,
"Tôi được mẹ đẻ tặng cho mảnh đất 500m2 và đã sang tên trong sổ đỏ. Trong quá trình sang tên tôi đã sửa lại quyền sở hữu mảnh đất là của hai vợ chồng. Tuy nhiên, tôi và chồng đang ly hôn, anh ta đòi chia mảnh đất mẹ tôi đã cho. Trong trường hợp này, liệu tôi có phải chia cho chồng mảnh đất của mẹ tôi đã cho không?","Các thông tin nêu trên mà bạn cung cấp vẫn chưa rõ là thời điểm mà mẹ đẻ bạn tặng cho bạn mảnh đất 500m2 là trước hay sau khi vợ chồng bạn đăng ký kết hôn.

Theo quy định tại Điều 33 Luật Hôn nhân gia đình 2014 về tài sản chung của vợ chồng thì : “Tài sản chung của vợ chồng gồm tài sản do vợ, chồng tạo ra, thu nhập do lao động, hoạt động sản xuất, kinh doanh, hoa lợi, lợi tức phát sinh từ tài sản riêng và thu nhập hợp pháp khác trong thời kỳ hôn nhân, trừ trường hợp được quy định tại khoản 1 Điều 40 của Luật này; tài sản mà vợ chồng được thừa kế chung hoặc được tặng cho chung và tài sản khác mà vợ chồng thỏa thuận là tài sản chung”.

Theo quy định trên đây, bất kể mẹ đẻ bạn tặng cho bạn mảnh đất vào thời điểm nào, nhưng giữa bạn và chồng đã có hành vi sửa lại quyền sở hữu mảnh đất là của hai vợ chồng thì có thể coi là đã có sự thỏa thuận rằng, mảnh đất này là tài sản chung, do đó, mảnh đất sẽ được coi là tài sản chung của hai vợ chồng.

Do mảnh đất mà mẹ người vợ cho đã được xác lập là tài sản chung của hai vợ chồng nên khi ly hôn, chồng bạn yêu cầu chia để được hưởng một phần trong đó là hoàn toàn có cơ sở pháp lý.

Theo quy định tại Điều 59 Luật Hôn nhân gia đình 2014 về nguyên tắc giải quyết tài sản của vợ chồng khi ly hôn như sau:

Trong trường hợp chế độ tài sản của vợ chồng theo luật định thì việc giải quyết tài sản do các bên thỏa thuận; nếu không thỏa thuận được thì theo yêu cầu của vợ, chồng hoặc của hai vợ chồng, Tòa án giải quyết theo quy định tại các khoản 2, 3, 4 và 5 Điều này và tại các điều 60, 61, 62, 63 và 64 của Luật này.

Trong trường hợp chế độ tài sản của vợ chồng theo thỏa thuận thì việc giải quyết tài sản khi ly hôn được áp dụng theo thỏa thuận đó; nếu thỏa thuận không đầy đủ, rõ ràng thì áp dụng quy định tương ứng tại các khoản 2, 3, 4 và 5 Điều này và tại các điều 60, 61, 62, 63 và 64 của Luật này để giải quyết.

2. Tài sản chung của vợ chồng được chia đôi nhưng có tính đến các yếu tố sau đây:

a) Hoàn cảnh của gia đình và của vợ, chồng;

b) Công sức đóng góp của vợ, chồng vào việc tạo lập, duy trì và phát triển khối tài sản chung. Lao động của vợ, chồng trong gia đình được coi như lao động có thu nhập;

c) Bảo vệ lợi ích chính đáng của mỗi bên trong sản xuất, kinh doanh và nghề nghiệp để các bên có điều kiện tiếp tục lao động tạo thu nhập;

d) Lỗi của mỗi bên trong vi phạm quyền, nghĩa vụ của vợ chồng”.

Phán quyết cuối cùng về việc chấp nhận hay từ chối yêu cầu chia mảnh đất 500m2 là thuộc về Tòa án, trừ trường hợp hai vợ chồng bạn tự thỏa thuận được với nhau. Để xem xét yêu cầu đòi chia tài sản chung, Tòa án sẽ phải xem xét và dựa trên nhiều yếu tố để quyết định.",,,,,,,,,
"Em lập gia đình 10 năm, 3 năm đầu ở nhà mang thai và sinh con chồng nuôi. Khi con em 3 tuổi gởi đi học thì em đi làm với mức lương hơn 3 triệu/tháng. Từ lúc em đi làm, mọi chi phí ăn học của con và tiền điện nước 1 mình em lo nên không có dư, anh ấy không đưa tiền cho em, chỉ đóng tiền thuê nhà 1 triệu/tháng và mua bảo hiểm cho con 7triệu/năm (lương+thu nhập thêm của anh cao gấp đôi em). Cưới nhau 4 năm anh ấy dành dụm mua miếng đất 150 triệu và đứng tên 1 mình không cho em đứng tên chung. Hiện tại anh ấy đang cất nhà hơn 600 triệu và bảo rằng em không có đóng góp gì cả. Vậy em xin hỏi luật sư, với sự đóng góp của em, khi ly hôn em có được chia tài sản không? Mong nhận được tư vấn của Ban biên tập Thư Ký Luật. Chân thành cảm ơn!","Chắc chắn, khi ly hôn bạn vẫn được chia tài sản mặc dù công việc của bạn chỉ là nội trợ trong gia đình.

Tại Điều 33 Luật Hôn nhân và gia đình năm 2014 có quy định tài sản chung của vợ chồng như sau:

Điều 33. Tài sản chung của vợ chồng

1. Tài sản chung của vợ chồng gồm tài sản do vợ, chồng tạo ra, thu nhập do lao động, hoạt động sản xuất, kinh doanh, hoa lợi, lợi tức phát sinh từ tài sản riêng và thu nhập hợp pháp khác trong thời kỳ hôn nhân, trừ trường hợp được quy định tại khoản 1 Điều 40 của Luật này; tài sản mà vợ chồng được thừa kế chung hoặc được tặng cho chung và tài sản khác mà vợ chồng thỏa thuận là tài sản chung.

Quyền sử dụng đất mà vợ, chồng có được sau khi kết hôn là tài sản chung của vợ chồng, trừ trường hợp vợ hoặc chồng được thừa kế riêng, được tặng cho riêng hoặc có được thông qua giao dịch bằng tài sản riêng.

2. Tài sản chung của vợ chồng thuộc sở hữu chung hợp nhất, được dùng để bảo đảm nhu cầu của gia đình, thực hiện nghĩa vụ chung của vợ chồng.

3. Trong trường hợp không có căn cứ để chứng minh tài sản mà vợ, chồng đang có tranh chấp là tài sản riêng của mỗi bên thì tài sản đó được coi là tài sản chung.

Tại Điều 59 Luật Hôn nhân và gia đình năm 2014 có quy định nguyên tắc giải quyết tài sản của vợ chồng khi ly hôn như sau:

Điều 59. Nguyên tắc giải quyết tài sản của vợ chồng khi ly hôn

1. Trong trường hợp chế độ tài sản của vợ chồng theo luật định thì việc giải quyết tài sản do các bên thỏa thuận; nếu không thỏa thuận được thì theo yêu cầu của vợ, chồng hoặc của hai vợ chồng, Tòa án giải quyết theo quy định tại các khoản 2, 3, 4 và 5 Điều này và tại các điều 60, 61, 62, 63 và 64 của Luật này.

Trong trường hợp chế độ tài sản của vợ chồng theo thỏa thuận thì việc giải quyết tài sản khi ly hôn được áp dụng theo thỏa thuận đó; nếu thỏa thuận không đầy đủ, rõ ràng thì áp dụng quy định tương ứng tại các khoản 2, 3, 4 và 5 Điều này và tại các điều 60, 61, 62, 63 và 64 của Luật này để giải quyết.

Căn cứ theo quy định trên thì khi ly hôn bạn sẽ được chia tài sản hình thành trong thời kỳ hôn nhân, việc chia tài sản chung được xác định theo sự thỏa thuận của vợ chồng bạn, trong trường hợp vợ chồng bạn không thỏa thuận được thì bạn làm đơn yêu cầu Tòa án chia tài sản chung, tài sản chung (bao gồm: nhà và đất mang tên chồng của bạn) sẽ được chia đôi nhưng có tính đến các yếu tố sau:

+ Hoàn cảnh của gia đình và của vợ, chồng;

+ Công sức đóng góp của vợ, chồng vào việc tạo lập, duy trì và phát triển khối tài sản chung. Lao động của vợ, chồng trong gia đình được coi như lao động có thu nhập;

+ Bảo vệ lợi ích chính đáng của mỗi bên trong sản xuất, kinh doanh và nghề nghiệp để các bên có điều kiện tiếp tục lao động tạo thu nhập;

+ Lỗi của mỗi bên trong vi phạm quyền, nghĩa vụ của vợ chồng.

+ Bảo vệ quyền, lợi ích hợp pháp của vợ, con chưa thành niên, con đã thành niên mất năng lực hành vi dân sự hoặc không có khả năng lao động và không có tài sản để tự nuôi mình.

Trên đây là tư vấn của Ban biên tập Thư Ký Luật về việc chia tài sản cho người chỉ ở nhà nội trợ khi ly hôn. Bạn nên tham khảo chi tiết Luật Hôn nhân và gia đình năm 2014 để nắm rõ quy định này.

Trân trọng!",,,,,,,,,
Em có một em gái hiện nay 2 vợ chồng sống ly thân vậy nếu 2 người ly dị thì em gái em có được chia tài sản của chồng không tài sản của chồng em gái gồm có 3 sào đất chồng em được cha mẹ cho lúc cưới em gái em được 3 năm mẹ chồng em có làm giấy chia tài sản cho các con nhưng đứng tên chồng nó. Vây thì em gái em có được chia không,"Theo quy định của luật HNGĐ thì khi ly hôn tài sản chung vợ chồng sẽ phân chia theo nguyên tắc chia đôi có xem xét công sức đóng góp của các bên trong việc hình thành nên khối tài sản đó. Đối với tài sản hình thành trong thời kỳ hôn nhân nhưng là tài sản được tặng cho riêng, thừa kế riêng thì vẫn thuộc của người được thừa kế, tặng cho đó, trừ trường hợp vợ chồng đồng ý nhập vào khối tài sản chung của vợ chồng. Bạn trình bày chưa rõ ràng về việc chồng của em gái bạn được tặng cho riêng hay là được cha mẹ chồng tặng cho chung vợ chồng vì thế bạn có thể căn cứ nội dung tư vấn ở trên để biết quyền lợi của em gái bạn khi ly hôn.",,,,,,,,,
"Xin Luật Sư cho em hỏi Anh hai em được mai mối và đi đến đám cưới, nhưng sau buổi đám cưới thì chị dâu em hành hung anh hai em và không cho động phòng, với lý do chị hai không thương anh hai và nói gia đình ép buộc. Ba ngày sau đám cưới chị hai bõ về nhà ba mẹ ruột mình, và đòi ly dị anh hai em, mặc dù cha mẹ em và anh hai đã cố gắng hết sức để thuyết phục chị dâu về sống chung với gia đình nhưng chị dâu từ chối với lý do chị dâu có người yêu rồi, và đòi sẽ tự tử nếu cứ ép buộc chị. Thấy thế gia đình em đã họp mặt và đi đến quyết định cuối cùng là sẽ trả tự do cho chị hai, với điều kiện là gia đình bên chị dâu sẽ phải bồi thường số tiền nạp tài là 45 triệu đồng và số vàng xính lễ là 86 triệu đồng (có bằng chứng hoá đơn và phim quay), nhưng bên gia đình chị dâu em không đồng ý. Vậy để giải quyết tranh chấp trên theo luật sư gia đình em nên làm gì? P/s: Anh hai và chị dâu đám cưới nhưng chưa có giấy đăng ký kết hôn.","1. Quan hệ hôn nhân giữa anh hai bạn với chị kia là không hợp pháp vì chưa đăng ký kết hôn. Do vậy, không thể giải quyết vụ việc theo Luật hôn nhân và gia đình.

2. Đối với yêu cầu bồi thường thiệt hại (ngoài hợp đồng): Việc cưới hỏi của anh hai bạn không phải là giao dịch dân sự nên chỉ có thể áp dụng quy định về bồi thường thiệt hại ngoài hợp đồng theo quy định của Bộ luật dân sự (nếu có).

Ðiều 604 Bộ luật dân sự quy định:

"" Căn cứ phát sinh trách nhiệm bồi thường thiệt hại

1. Người nào do lỗi cố ý hoặc lỗi vô ý xâm phạm tính mạng, sức khỏe, danh dự, nhân phẩm, uy tín, tài sản, quyền, lợi ích hợp pháp khác của cá nhân, xâm phạm danh dự, uy tín, tài sản của pháp nhân hoặc chủ thể khác mà gây thiệt hại thì phải bồi thường.

2. Trong trường hợp pháp luật quy định người gây thiệt hại phải bồi thường cả trong trường hợp không có lỗi thì áp dụng quy định đó. ""

Gia đình bạn chỉ có thể được bồi thường thiệt hại nếu có chứng cứ chứng minh là gia đình nhà gái có lỗi, gây thiệt hại tới tài sản của gia đình bạn. Trong trường hợp bạn nêu là quan hệ hôn nhân không thành..  Luật hôn nhân không có quy định về chi phí làm đám cưới, đám hỏi, cũng không quy định về thủ tục cưới hỏi và chi phí cưới hỏi. Do vậy không có căn cứ để xác định quyền và nghĩa vụ của các bên trong một cuộc hôn lễ. Việc tổ chức hôn lễ theo phong tục địa phương và khả năng, hoàn cảnh của từng gia đình.

Trong cuộc hôn nhân đổ vỡ như bạn nêu trên thì gia đình nhà gái cũng phải mất thời gian, chi phí, tiền bạc.. (thậm chí có thể chi phí lớn hơn họ nhà trai). Pháp luật cũng không có quy định cụ thể về sự việc của gia đình bạn (Bộ luật dân sự và Luật hôn nhân và gia đình), Kể cả trong phần những quy định chung và phần các trường hợp cụ thể của Chương XXI Bộ luật dân sự cũng không có điều luật nào quy định về trường hợp của bạn. Do vậy, nếu khởi kiện để xác định bên nào phải bồi thường bên nào thì nguyên đơn rất dễ thua kiện.",,,,,,,,,
"mong luạt sư tư vấn giúp . vợ chồng tôi cưới năm 1995 đến năm 1997 mới đăng ký kết hôn và sống chung với mẹ chồng (vì chồng tôi là con trai 1 và 4 chị gai) đên năm 2001 nhà mẹ chồng tôi phải quy hoach giải tỏa theo quy định .mọi viecj trong nhà xưa nay do chồng tôi quyết định ,nên số tiền đền bù giải tỏa chồng tôi xây 1 ngôi nhà cấp 4 cho mẹ chồng đứng tên .và mua miếng đất khác đứng tên vợ chồng tôi để xây nhà ở và dãy phòng cho thuê trọ cũng bằng số tiền giải tỏa đó .nhà của mẹ chồng tôi cho thuê để có tiền phòng thân nên từ đó đến nay mẹ chồng vẩn sống chung với vợ chồng tôi. đến nay do cuộc sống vợ chồng quá nhiều mau thuẩn không thể tiếp tục nên tôi đả đơn phương xin li hôn .việc li hôn thì không có gì phải nói ,nhưng phần tài sản thì chồng tôi nhat định không đồng ý phân chia vì cho rằng là tài sản của cha mẹ .tòa án đòi giấy tờ chứng minh tài sản riêng nhưng không có .thời gian này dang chờ đợi tòa án quyết định . nhửng phiên tòa trước chồng tôi có luật sư riêng va bây giờ tôi nghe tin anh đang chạy chọt với tòa án ,chồng tôi tuyen bố tài sản chung của vợ chồng là 4 đứa con nên sẻ chia cho tôi 2 đứa ,nếu tôi không nuôi nổi thì để hết lại và đi ra trắng tay . hiện tại tôi rất hoan mang không biết phải làm sao .làm sao tôi bỏ con tôi lại được . tôi muốn biết với số tài sản nêu trên tôi có quyền hạn gì không ?và tôi phải làm gì để bảo vệ quyền lợi của mẹ con tôi . xin giúp đở","Tài sản đăng ký tên chung vợ chồng thì theo quy định pháp luật, đó là tài sản chung của hai người và đây là một chứng cứ rất quan trọng trong giải quyết vụ việc. Tuy nhiên, trong quá trình tố tụng, nếu bên kia chứng minh được đó là tài sản riêng thì tòa án cũng có thể tuyên theo hướng này. Nếu là tài sản riêng thì bạn không được chia, còn là tài sản chung thì về nguyên tắc, bạn được hưởng 50%. Như vậy, khi bên kia chứng minh tài sản riêng thì bạn phải có căn cứ để phản bác.",,,,,,,,,
"chào luật sư. xin luật sư giải đáp cho cháu về vấn đề chia tài sản khi ly hôn. bố cháu mất từ năm 1994, đến năm 2000 mẹ cháu  tái hôn sau đó 2 năm mẹ cháu bán mảnh đất trước đó mà mẹ cháu và cháu đã ở. đến năm 2008 cháu đang học lớp 12 mẹ cháu có mua 1 mảnh đất khác  và đứng tên cháu. do thời gian chung sống của dượng và mẹ cháu không hòa hợp mẹ cháu đã quyết định ly hôn và khi ra tòa dượng cháu đòi chia phần đất đang đứng tên cháu. hiện nay dượng cháu đang giữ giấy giao tiền khi mua đất (người giao tiền mang tên mẹ cháu). như vậy thì khi ly hôn mảnh đất đó có phải chia cho dượng cháu? cháu rất mong nhận được sự tư vấn của các luật sư.","Tài sản tạo lập trong thời kỳ hôn nhân là tài sản chung, trừ tài sản riêng của mỗi người và khi ly hôn, về nguyên tắc, tài sản chung được chia đôi. Theo bạn kể thì tài sản bạn đứng tên do mẹ bạn tạo lập trong thời kỳ hôn nhân. Như vậy, kết quả giải quyết tranh chấp tùy thuộc vào việc các bên chứng minh đó là tài sản chung của mẹ và dượng bạn hay đó là tài sản riêng của bạn hoặc mẹ bạn.",,,,,,,,,
"""hiện e đang có ý định ly hôn với chồng vì tụi em không thể hòa hợp được nữa cho em hỏi một chút về phân chia tài sản sau, sau kết hôn vợ chồng em có mua được 1 mảnh đất. sau này bố chồng em có vay ngân hàng xây nhà nhưng em không đồng ý và chồng em vẫn cứ xây vậy khi ly hôn phần tài sản đó được phần chia thế nào. hãy trả lời giúp e, e cảm ơn ah""","Tại khoản 5, Điều 59 Luật hôn nhân và gia đình 2014 có quy định rõ về một trong những nguyên tắc giải quyết tài sản của vợ chồng khi ly hôn là phải “Bảo vệ quyền, lợi ích hợp pháp của vợ, con chưa thành niên, con đã thành niên mất năng lực hành vi dân sự hoặc không có khả năng lao động và không có tài sản để tự nuôi mình”. Do vậy, khi ly hôn, bạn yên tâm vì bạn là người luôn được Tòa án quan tâm bảo vệ quyền và lợi ích. Cũng tại khoản 1 Điều 33 Luật hôn nhân và gia đình 2014 có quy định về tài sản chung của vợ chồng như sau: “Tài sản chung của vợ chồng gồm tài sản do vợ, chồng tạo ra, thu nhập do lao động, hoạt động sản xuất, kinh doanh, hoa lợi, lợi tức phát sinh từ tài sản riêng và thu nhập hợp pháp khác trong thời kỳ hôn nhân, trừ trường hợp được quy định tại khoản 1 Điều 40 của Luật này; tài sản mà vợ chồng được thừa kế chung hoặc được tặng cho chung và tài sản khác mà vợ chồng thỏa thuận là tài sản chung. Quyền sử dụng đất mà vợ, chồng có được sau khi kết hôn là tài sản chung của vợ chồng, trừ trường hợp vợ hoặc chồng được thừa kế riêng, được tặng cho riêng hoặc có được thông qua giao dịch bằng tài sản riêng” Như vậy, mảnh đất mà 2 vợ chồng bạn mua sau kết hôn, nếu mang tên cả 2 vợ chồng  thì mảnh đất này là tài sản chung của 2 vợ chồng bạn. Khi ly hôn và chia tài sản sau khi ly hôn thì có thể căn cứ vào thỏa thuận của 2 bên vợ chồng hoặc theo quyết định của Tòa án trên cơ sở các quy định của pháp luật. Việc này được quy định rõ trong Điều 59 Luật hôn nhân và gia đình 2014 và Bộ luật dân sự 2005 như sau: Điều 59 Luật hôn nhân và gia đình 2014 “1. Trong trường hợp chế độ tài sản của vợ chồng theo luật định thì việc giải quyết tài sản do các bên thỏa thuận; nếu không thỏa thuận được thì theo yêu cầu của vợ, chồng hoặc của hai vợ chồng, Tòa án giải quyết theo quy định tại các khoản 2, 3, 4 và 5 Điều này và tại các điều 60, 61, 62, 63 và 64 của Luật này. 2. Tài sản chung của vợ chồng được chia đôi nhưng có tính đến các yếu tố sau: a, Hoàn cảnh của gia đình và của vợ, chồng; b, Công sức đóng góp của vợ, chồng vào việc tạo lập, duy trì và phát triển khối tài sản chung. Lao động của vợ, chồng trong gia đình được coi như lao động có thu nhập; c, Bảo vệ lợi ích chính đáng của mỗi bên trong sản xuất, kinh doanh và nghề nghiệp để các bên có điều kiện tiếp tục lao động tạo thu nhập; d, Lỗi của mỗi bên trong vi phạm quyền, nghĩa vụ của vợ, chồng. 3. Tài sản chung của vợ chồng được chia bằng hiện vật, nếu không chia được bằng hiện vật thì chia theo giá trị; bên nào nhận phần tài sản bằng hiện vật có giá trị lớn hơn phần mình được hưởng thì phải thanh toán cho bên kia phần chênh lệch....” Khoản 2, 4 Điều 219 Bộ luật dân sự 2005 ”2. Vợ chồng cùng nhau tạo lập, phát triển khối tài sản chung bằng công sức của mỗi người; có quyền ngang nhau trong việc chiếm hữu, sử dụng, định đoạt tài sản chung. 4. Tài sản chung của vợ chồng có thể phân chia theo thoả thuận hoặc theo quyết định của Toà án” Theo đó, trong trường hợp của bạn nếu 2 vợ chồng không có thỏa thuận gì thì Tòa án sẽ căn cứ vào những quy định nói trên để giải quyết chia tài sản đặc biệt là căn cứ tại khoản 2 Điều 59 Luật hôn nhân và gia đình 2014.",,,,,,,,,
"Thân chào các anh chị luật su!       Em tên Hoàng Anh, có một số vấn đề về nhà đất và gia đình mong các anh chị giúp đỡ. 1. Hiện giờ bố và mẹ em sắp li hôn. Ngôi nhà và đất sử dụng hiện tại chủ sở hữu là mẹ em, trước đây bố và mẹ đã li thân rồi, tài sản ngày xưa là ngôi nhà đã được bán và chia đều cho hai bố mẹ, không có giấy tờ cụ thể nhưng có người làm chứng. Mẹ dùng tiền để mua nhà, còn bố sau tiêu sài xong thì lại quay về nhà của mẹ để sống(vì lí do nào đó mẹ em chấp nhận) và sổ hộ khẩu nhà em làm mới lại từ năm ngoái là có tên của bố. Vậy cho em hỏi, sắp tới ly hôn thì bố em có được hưởng lợi từ ngôi nhà không(có phải phân chia tài sản không). 2. Hiện tại đất đai của mẹ em chưa có sổ đỏ. Trong trường hợp làm sổ đỏ do người khác đứng tên (sẽ là cô của em), thì khi bố mẹ ly hôn chắc chắn bố em sẽ không được hưởng lợi từ ngôi nhà có đúng không. 3. Chủ hộ khẩu tại ngôi nhà là mẹ em, sẽ làm sổ đỏ mang tên cô của em, điều đó có liên quan và gặp vướng mắc gì không? 4. Trong quá trình làm sổ đỏ, hàng xóm không tạo điều kiện (không kí vào giấy tờ giáp ranh) với lý do ngày xa xưa nhà em lấn đất của họ 10m2(chỉ là lý do mồm và không có trên giấy tờ và không người làm chứng) để gây khó khăn. gia đình em sẽ nhờ chính quyền giải quyết. Anh chị cho em hỏi là thủ tục sẽ như thế nào. và sẽ gặp khó khăn gì. Ở đay sơ đồ địa chính đã được đo đạc lại và hiển nhiên trên giấy tờ là không có sự lấn đất.                  Hiện tại nhà đang rất khó khăn về tài chính và tinh thần, kính mong các anh chị giúp đỡ và cho lời khuyên thích hợp. Nêu được cho em xin số điện thoại để em trực tiếp liên hệ. Mong các anh chị trả lời sớm. chúc các anh chị luôn mạnh khỏe. PS: trong trường hợp bán ngôi nhà và dùng tiền để mua nhà khác đứng tên em thì bố em có quyền kiện để đòi quyền lợi của ngôi nhà sau khi ly hôn không","1. Xác định ngôi nhà mà mẹ bạn đang ở là tài sản chung của cha mẹ bạn hay là tài sản riêng của mẹ bạn căn cứ vào các quy định của Luật hôn nhân và gia đình sau đây: ""Điều  32. Tài sản riêng của vợ, chồng

1. Vợ, chồng có quyền có tài sản riêng.

Tài sản riêng của vợ, chồng gồm tài sản mà mỗi người có trước khi kết hôn; tài sản được thừa kế riêng, được tặng cho riêng trong thời kỳ hôn nhân; tài sản được chia riêng cho vợ, chồng theo quy định tại khoản 1 Điều 29 và Điều 30 của Luật này; đồ dùng, tư trang cá nhân.

2. Vợ, chồng có quyền nhập hoặc không nhập tài sản riêng vào khối tài sản chung.

Điều  [Anchor] 29. Chia tài sản chung trong thời kỳ hôn nhân

1. Khi hôn nhân tồn tại, trong trường hợp vợ chồng đầu tư kinh doanh riêng, thực hiện nghĩa vụ dân sự riêng hoặc có lý do chính đáng khác thì vợ chồng có thể thỏa thuận chia tài sản chung; việc chia tài sản chung phải lập thành văn bản; nếu không thỏa thuận được thì có quyền yêu cầu Tòa án giải quyết.

2. Việc chia tài sản chung của vợ chồng nhằm trốn tránh thực hiện nghĩa vụ về tài sản không được pháp luật công nhận."" Như vậy, nếu trước đây cha mẹ bạn lập văn bản chia tài sản chung vợ chồng trong thời kỳ hôn nhân. Mẹ bạn chứng minh được là số tiền chia đó dùng vào mua ngôi nhà hiện nay thì Tòa án sẽ xác định ngôi nhà này là tài sản riêng của mẹ bạn. Nếu việc chia tài sản chung trong thời kỳ hôn nhân không được lập thành văn bản, đến nay cha bạn không thừa nhận việc chia tài sản chung đó thì có thể ngôi nhà đó vẫn được xác định là tài sản chung vợ chồng của cha mẹ bạn. 2. Nếu nhà đất đừng tên người khác mà cha bạn không chứng minh được việc tẩu tán tài sản trước khi ly hôn của mẹ bạn thì ngôi nhà đó sẽ không được chia khi ly hôn. Tuy nhiên, nếu sợ chia tài sản chung mà nhờ người khác đứng tên thì có thể sau này mẹ bạn sẽ làm một vụ kiện nữa để đòi nhà và cơ hội đòi lại sẽ không cao! 3. Gia đình bạn đã có hộ khẩu nên việc cấp GCN QSD đất đứng tên người khác cũng không ảnh hưởng đến hộ khẩu của gia đình bạn. 4. Nếu gia đình bạn có tranh chấp mốc giới đất với gia đình hàng xóm thì thửa đất đó phải giải quyết xong tranh chấp thì mới được cấp GCN QSD đất. Nếu đất của gia đình bạn đã có một trong các loại giấy tờ về quyền sử dụng đất theo quy định tại Điều 50 Luật đất đai thì thẩm quyền giải quyết tranh chấp đất đai thuộc về tòa án., Nếu không có giấy tờ về QSD đất theo Điều 50 LĐĐ thì thẩm quyền thuộc về UBND cấp huyện theo quy định tại  Điều 136 Luật đất đai. Trước khi yêu cầu cơ quan có thẩm quyền giải quyết thì gia đình bạn cần làm đơn đề nghị hòa giải gửi UBND cấp xã để được hòa giải theo quy định của pháp luật.",,,,,,,,,
"Chị tôi ly hôn với chồng. Hai vợ chồng có một khoản tiền mặt. Trong đó có một khoản tiền là mẹ tôi cho hai cháu với hình thức đưa chị tôi lo cho hai cháu. So với thu nhập của hai vợ chồng thì không thể có được khoản tiền đó. Vậy chị tôi phải chia cho chồng khoản tiền đó không và làm thế nào để chứng minh tiền là của hai cháu, không phải tiền chung?","Khoản 1 (Điều 43, Luật Hôn nhân và Gia đình năm 2014) quy định về tài sản riêng của vợ, chồng như sau: “Tài sản riêng của vợ, chồng gồm tài sản mà mỗi người có trước khi kết hôn; tài sản được thừa kế riêng, được tặng cho riêng trong thời kỳ hôn nhân; tài sản được chia riêng cho vợ, chồng theo quy định tại các điều 38, 39 và 40 của Luật này; tài sản phục vụ nhu cầu thiết yếu của vợ, chồng và tài sản khác mà theo quy định của pháp luật thuộc sở hữu riêng của vợ, chồng”.

Đối chiếu quy định trên đây với trường hợp ly hôn bạn hỏi thì nguyên tắc chia tài sản khi ly hôn được căn cứ vào Khoản 4 (Điều 59, Luật Hôn nhân và Gia đình năm 2014). Tuy nhiên, trong trường hợp này gia đình bạn mà cụ thể ở đây là mẹ và chị gái bạn phải chứng minh được khoản tiền đó là do bà ngoại cho hai cháu để lo chi phí học tập, tạo dựng sự nghiệp…

Các chứng cứ thu thập để chứng minh tại tòa án có thể là: Giấy tờ chứng minh nguồn gốc tiền của bà ngoại, việc chuyển dịch số tiền từ bà sang cho hai cháu, thời gian, nội dung, không gian, những người biết được việc tặng cho số tiền này và các chứng cứ liên quan, khách quan và hợp pháp khác. Để bảo đảm quyền lợi hợp pháp của hai cháu, bạn nên yêu cầu sự trợ giúp pháp lý của chuyên gia luật gia đình trong quá trình thu thập, đánh giá và chứng minh chứng cứ tại tòa án.",,,,,,,,,
Luật Hôn nhân và gia đình 2014 quy định như thế nào về nguyên tắc giải quyết tài sản của vợ chồng khi ly hôn?,"Luật Hôn nhân và gia đình số 52/2014/QH13 ban hành ngày 19/06/2014 có hiệu lực kể từ ngày 01/01/2015 quy định nguyên tắc giải quyết tài sản của vợ chồng khi ly hôn:

“1. Trong trường hợp chế độ tài sản của vợ chồng theo luật định thì việc giải quyết tài sản do các bên thỏa thuận; nếu không thỏa thuận được thì theo yêu cầu của vợ, chồng hoặc của hai vợ chồng, Tòa án giải quyết theo quy định tại các khoản 2, 3, 4 và 5 Điều này và tại các điều 60, 61, 62, 63 và 64 của Luật này.

Trong trường hợp chế độ tài sản của vợ chồng theo thỏa thuận thì việc giải quyết tài sản khi ly hôn được áp dụng theo thỏa thuận đó; nếu thỏa thuận không đầy đủ, rõ ràng thì áp dụng quy định tương ứng tại các khoản 2, 3, 4 và 5 Điều này và tại các điều 60, 61, 62, 63 và 64 của Luật này để giải quyết.

2. Tài sản chung của vợ chồng được chia đôi nhưng có tính đến các yếu tố sau đây:

a) Hoàn cảnh của gia đình và của vợ, chồng;

b) Công sức đóng góp của vợ, chồng vào việc tạo lập, duy trì và phát triển khối tài sản chung. Lao động của vợ, chồng trong gia đình được coi như lao động có thu nhập;

c) Bảo vệ lợi ích chính đáng của mỗi bên trong sản xuất, kinh doanh và nghề nghiệp để các bên có điều kiện tiếp tục lao động tạo thu nhập;

d) Lỗi của mỗi bên trong vi phạm quyền, nghĩa vụ của vợ chồng.

3. Tài sản chung của vợ chồng được chia bằng hiện vật, nếu không chia được bằng hiện vật thì chia theo giá trị; bên nào nhận phần tài sản bằng hiện vật có giá trị lớn hơn phần mình được hưởng thì phải thanh toán cho bên kia phần chênh lệch.

4. Tài sản riêng của vợ, chồng thuộc quyền sở hữu của người đó, trừ trường hợp tài sản riêng đã nhập vào tài sản chung theo quy định của Luật này.

Trong trường hợp có sự sáp nhập, trộn lẫn giữa tài sản riêng với tài sản chung mà vợ, chồng có yêu cầu về chia tài sản thì được thanh toán phần giá trị tài sản của mình đóng góp vào khối tài sản đó, trừ trường hợp vợ chồng có thỏa thuận khác.

5. Bảo vệ quyền, lợi ích hợp pháp của vợ, con chưa thành niên, con đã thành niên mất năng lực hành vi dân sự hoặc không có khả năng lao động và không có tài sản để tự nuôi mình.

6. Tòa án nhân dân tối cao chủ trì phối hợp với Viện kiểm sát nhân dân tối cao và Bộ Tư pháp hướng dẫn Điều này.”

Bạn có thể tham khảo thêm các quy định của Luật Hôn nhân và gia đình số 52/2014/QH13 để biết thêm chi tiết.",,,,,,,,,
"Trước khi vợ chồng tôi ly hôn, tôi có làm giấy cho con gái tôi một mảnh đất mang tên tôi. Nay vợ chồng tôi ly hôn, tòa phán xét mảnh đất đó là tài sản chung của vợ chồng tôi chưa phân chia. Việc phân chia mảnh đất này khi ly hôn được giải quyết như thế nào?","Điều 27 Luật Hôn nhân và Gia đình năm 2000 quy định, tài sản chung của vợ chồng gồm tài sản do vợ, chồng tạo ra, thu nhập do lao động, hoạt động sản xuất, kinh doanh và những thu nhập hợp pháp khác của vợ chồng trong thời kỳ hôn nhân; tài sản mà vợ chồng được thừa kế chung hoặc được tặng cho chung và những tài sản khác mà vợ chồng thoả thuận là tài sản chung.

Quyền sử dụng đất mà vợ chồng có được sau khi kết hôn là tài sản chung của vợ chồng. Quyền sử dụng đất mà vợ hoặc chồng có được trước khi kết hôn, được thừa kế riêng chỉ là tài sản chung khi vợ chồng có thoả thuận.”

Điều 95 Luật Hôn nhân và gia đình năm 2000 quy định về nguyên tắc chia tài sản khi ly hôn như sau: “Việc chia tài sản khi ly hôn do các bên thỏa thuận; nếu không thỏa thuận được thì yêu cầu Tòa án giải quyết. Tài sản riêng của bên nào thì thuộc quyền sở hữu của bên đó”.

Điều 23 Nghị định số 70/2001/NĐ-CP  ngày 03/10/ 2001 quy định chi tiết thi hành Luật Hôn nhân và gia đình quy định về quyền sử dụng đất là tài sản riêng của vợ, chồng như sau: “Khi ly hôn, quyền sử dụng đất mà mỗi bên có được trước khi kết hôn do được chuyển nhượng, chuyển đổi, thừa kế, nhận thế chấp hoặc quyền sử dụng đất mà mỗi bên được nhà nước giao, được cho thuê trước khi kết hôn vẫn là tài sản riêng của mỗi bên; quyền sử dụng đất của bên nào vẫn thuộc về bên đó, trừ trường hợp có thoả thuận khác.”

Khoản 3 Điều 5 Nghị định số 70/2001/NĐ-CP quy định: “Trong trường hợp tài sản thuộc sở hữu chung của vợ chồng đã đăng ký quyền sở hữu trước ngày Nghị định này có hiệu lực mà chỉ ghi tên của một bên vợ hoặc chồng, thì vợ chồng có thể yêu cầu cơ quan nhà nước có thẩm quyền cấp lại giấy tờ đăng ký quyền sở hữu tài sản đó để ghi tên của cả vợ và chồng; nếu vợ chồng không yêu cầu cấp lại giấy tờ đăng ký quyền sở hữu tài sản, thì tài sản đó vẫn thuộc sở hữu chung của vợ chồng; nếu có tranh chấp, bên nào cho đó là tài sản thuộc sở hữu riêng của mình, thì có nghĩa vụ chứng minh”.

Đồng thời, Điểm B, Mục 3 Nghị quyết số 02/2000/NĐ-HĐTP ngày 23/12/2000 của Hội đồng thẩm phán Tòa án nhân dân tối cao hướng dẫn áp dụng khoản 2 Điều 27 Luật Luật Hôn nhân và gia đình như sau: “Để bảo vệ quyền lợi chính đáng của các bên, trong trường hợp tài sản do vợ, chồng có được trong thời kỳ hôn nhân mà pháp luật quy định phải đăng ký quyền sở hữu, nhưng trong giấy chứng nhận quyền sở hữu chỉ ghi tên của vợ hoặc chồng, nếu không có tranh chấp thì đó là tài sản chung của vợ chồng; nếu có tranh chấp là tài sản riêng thì người có tên trong giấy chứng nhận quyền sở hữu phải chứng minh được tài sản này do được thừa kế riêng, được tặng riêng trong thời kỳ hôn nhân hoặc tài sản này có được từ nguồn tài sản riêng. Trong trường hợp không chứng minh được tài sản đang có tranh chấp này là tài sản riêng thì tài sản đó là tài sản chung của vợ chồng.

Như vậy, nội dung anh hỏi có 2 trường hợp xảy ra:

Một là: Mảnh đất anh đứng tên cho con gái là tài sản mà anh có được trước khi kết hôn do được chuyển nhượng, chuyển đổi, thừa kế, nhận thế chấp hoặc quyền sử dụng đất mà anh được nhà nước giao, được cho thuê thì mảnh đất đó là tài sản riêng của anh.

Hai là: Nếu mảnh đất đó mà vợ chồng anh có được trong thời kỳ hôn nhân, nếu có tranh chấp là tài sản riêng của anh thì anh phải chứng minh được tài sản này do anh được thừa kế riêng, được tặng cho riêng trong thời kỳ hôn nhân hoặc tài sản này có được từ nguồn tài sản riêng của anh. Trường hợp anh không chứng minh được tài sản đang có tranh chấp này là tài sản riêng, thì tài sản đó là tài sản chung của vợ chồng.

Điều 95 Luật Hôn nhân và gia đình năm 2000 quy định về nguyên tắc chia tài sản khi ly hôn như sau:

“1. Việc chia tài sản khi ly hôn do các bên thỏa thuận; nếu không thỏa thuận được thì yêu cầu Tòa án giải quyết. Tài sản riêng của bên nào thì thuộc quyền sở hữu của bên đó.

…

3. Việc thanh toán nghĩa vụ chung về tài sản của vợ, chồng do vợ, chồng thỏa thuận; nếu không thỏa thuận được thì yêu cầu Tòa án giải quyết”.

Việc chia tài sản chung của vợ chồng, trong đó có quyền sử dụng đất ở, sở hữu nhà ở khi ly hôn thực hiện theo nguyên tắc chia đôi nhưng có xem xét hoàn cảnh của mỗi bên, tình trạng tài sản, công sức đóng góp của mỗi bên vào việc tạo lập, duy trì, phát triển tài sản này.",,,,,,,,,
"Xin luật sư tư vấn cho tôi trường hợp sau: Tôi là làm kinh tế chính trong gia đình, vợ kinh doanh nhỏ và nội trợ, có một con nhỏ. 1. Cho/tặng / phân chia tài sản kèm điều kiện: Chúng tôi có mua một khu đất dự án chưa ra sổ hồng (có hợp đồng góp vốn), và có khoản vay (30% giá trị đất) trên miếng đất đó. Nay tôi muốn cho vợ toàn bộ tài sản này, kèm điều kiện là: nếu LY HÔN sau này, vợ tôi sẽ chiu trách nhiêm với khoản vay còn lại  (hiên tại do tôi chịu trách nhiệm thanh toán). 2. Thỏa thuận tài sản riêng: Chúng tôi cũng muốn có một thảo thuận tài sản riêng, qua đó tất cả các tài sản do người nào mua sau thời gian kết hôn đều thuộc riêng của người đó, trừ các trường hợp có xác nhận là tài sản chung, hoặc đúng tên chung. Liệu có một hợp đồng, hoặc thỏa thuận được công chứng như thế không? Xin cảm ơn sự tự vấn của Luật sư.","Việc tặng cho có điều kiện được quy định tại Điều 450 Bộ luật dân sự, Các điều kiện này có thể được thực hiện trước hoặc sau khi tặng cho.

Điều kiện của việc tặng cho không được trái với quy định của pháp luật, đạo đức xã hội.

Vợ chồng có thể có tài sản riêng nếu có sự thỏa thuận của vợ chồng về việc chia tài sản chung trong thời kỳ hôn nhân.",,,,,,,,,
Xin chào luật sư! Xin luật sư tư vấn giúp .  Em gái tôi xin ly hôn nhưng vấn đề ở đây là đất của mẹ tôi sau khi kết hôn 2 vợ chồng nó xây nhà và có vay thêm tiền để xây nhà khi ly hôn đất và nhà và tiền nợ sẽ xử như thế nào phần nào là thuộc tài sản chung và phần nào là thuộc tài sản riêng và trong điều luật nào? Xin trân trọng cảm ơn!,"Luật hôn nhân và gia đình hiện hành quy định về tài sản chung vợ chồng như sau:

""Điều 29. Nguyên tắc chung về chế độ tài sản của vợ chồng

1. Vợ, chồng bình đẳng với nhau về quyền, nghĩa vụ trong việc tạo lập, chiếm hữu, sử dụng, định đoạt tài sản chung; không phân biệt giữa lao động trong gia đình và lao động có thu nhập.

2. Vợ, chồng có nghĩa vụ bảo đảm điều kiện để đáp ứng nhu cầu thiết yếu của gia đình.

3. Việc thực hiện quyền, nghĩa vụ về tài sản của vợ chồng mà xâm phạm đến quyền, lợi ích hợp pháp của vợ, chồng, gia đình và của người khác thì phải bồi thường.

Điều 33. Tài sản chung của vợ chồng

1. Tài sản chung của vợ chồng gồm tài sản do vợ, chồng tạo ra, thu nhập do lao động, hoạt động sản xuất, kinh doanh, hoa lợi, lợi tức phát sinh từ tài sản riêng và thu nhập hợp pháp khác trong thời kỳ hôn nhân, trừ trường hợp được quy định tại khoản 1 Điều 40 của Luật này; tài sản mà vợ chồng được thừa kế chung hoặc được tặng cho chung và tài sản khác mà vợ chồng thỏa thuận là tài sản chung.

Quyền sử dụng đất mà vợ, chồng có được sau khi kết hôn là tài sản chung của vợ chồng, trừ trường hợp vợ hoặc chồng được thừa kế riêng, được tặng cho riêng hoặc có được thông qua giao dịch bằng tài sản riêng.

2. Tài sản chung của vợ chồng thuộc sở hữu chung hợp nhất, được dùng để bảo đảm nhu cầu của gia đình, thực hiện nghĩa vụ chung của vợ chồng.

3. Trong trường hợp không có căn cứ để chứng minh tài sản mà vợ, chồng đang có tranh chấp là tài sản riêng của mỗi bên thì tài sản đó được coi là tài sản chung.

Điều 59. Nguyên tắc giải quyết tài sản của vợ chồng khi ly hôn

1. Trong trường hợp chế độ tài sản của vợ chồng theo luật định thì việc giải quyết tài sản do các bên thỏa thuận; nếu không thỏa thuận được thì theo yêu cầu của vợ, chồng hoặc của hai vợ chồng, Tòa án giải quyết theo quy định tại các khoản 2, 3, 4 và 5 Điều này và tại các điều 60, 61, 62, 63 và 64 của Luật này.

Trong trường hợp chế độ tài sản của vợ chồng theo thỏa thuận thì việc giải quyết tài sản khi ly hôn được áp dụng theo thỏa thuận đó; nếu thỏa thuận không đầy đủ, rõ ràng thì áp dụng quy định tương ứng tại các khoản 2, 3, 4 và 5 Điều này và tại các điều 60, 61, 62, 63 và 64 của Luật này để giải quyết.

2. Tài sản chung của vợ chồng được chia đôi nhưng có tính đến các yếu tố sau đây:

a) Hoàn cảnh của gia đình và của vợ, chồng;

b) Công sức đóng góp của vợ, chồng vào việc tạo lập, duy trì và phát triển khối tài sản chung. Lao động của vợ, chồng trong gia đình được coi như lao động có thu nhập;

c) Bảo vệ lợi ích chính đáng của mỗi bên trong sản xuất, kinh doanh và nghề nghiệp để các bên có điều kiện tiếp tục lao động tạo thu nhập;

d) Lỗi của mỗi bên trong vi phạm quyền, nghĩa vụ của vợ chồng.

3. Tài sản chung của vợ chồng được chia bằng hiện vật, nếu không chia được bằng hiện vật thì chia theo giá trị; bên nào nhận phần tài sản bằng hiện vật có giá trị lớn hơn phần mình được hưởng thì phải thanh toán cho bên kia phần chênh lệch.

4. Tài sản riêng của vợ, chồng thuộc quyền sở hữu của người đó, trừ trường hợp tài sản riêng đã nhập vào tài sản chung theo quy định của Luật này.

Trong trường hợp có sự sáp nhập, trộn lẫn giữa tài sản riêng với tài sản chung mà vợ, chồng có yêu cầu về chia tài sản thì được thanh toán phần giá trị tài sản của mình đóng góp vào khối tài sản đó, trừ trường hợp vợ chồng có thỏa thuận khác.

5. Bảo vệ quyền, lợi ích hợp pháp của vợ, con chưa thành niên, con đã thành niên mất năng lực hành vi dân sự hoặc không có khả năng lao động và không có tài sản để tự nuôi mình.

6. Tòa án nhân dân tối cao chủ trì phối hợp với Viện kiểm sát nhân dân tối cao và Bộ Tư pháp hướng dẫn Điều này.

Điều 61. Chia tài sản trong trường hợp vợ chồng sống chung với gia đình

1. Trong trường hợp vợ chồng sống chung với gia đình mà ly hôn, nếu tài sản của vợ chồng trong khối tài sản chung của gia đình không xác định được thì vợ hoặc chồng được chia một phần trong khối tài sản chung của gia đình căn cứ vào công sức đóng góp của vợ chồng vào việc tạo lập, duy trì, phát triển khối tài sản chung cũng như vào đời sống chung của gia đình. Việc chia một phần trong khối tài sản chung do vợ chồng thỏa thuận với gia đình; nếu không thỏa thuận được thì yêu cầu Tòa án giải quyết.

2. Trong trường hợp vợ chồng sống chung với gia đình mà tài sản của vợ chồng trong khối tài sản chung của gia đình có thể xác định được theo phần thì khi ly hôn, phần tài sản của vợ chồng được trích ra từ khối tài sản chung đó để chia theo quy định tại Điều 59 của Luật này.

Điều 62. Chia quyền sử dụng đất của vợ chồng khi ly hôn

1. Quyền sử dụng đất là tài sản riêng của bên nào thì khi ly hôn vẫn thuộc về bên đó.

2. Việc chia quyền sử dụng đất là tài sản chung của vợ chồng khi ly hôn được thực hiện như sau:

a) Đối với đất nông nghiệp trồng cây hàng năm, nuôi trồng thủy sản, nếu cả hai bên đều có nhu cầu và có điều kiện trực tiếp sử dụng đất thì được chia theo thỏa thuận của hai bên; nếu không thỏa thuận được thì yêu cầu Tòa án giải quyết theo quy định tại Điều 59 của Luật này.

Trong trường hợp chỉ một bên có nhu cầu và có điều kiện trực tiếp sử dụng đất thì bên đó được tiếp tục sử dụng nhưng phải thanh toán cho bên kia phần giá trị quyền sử dụng đất mà họ được hưởng;

b) Trong trường hợp vợ chồng có quyền sử dụng đất nông nghiệp trồng cây hàng năm, nuôi trồng thủy sản chung với hộ gia đình thì khi ly hôn phần quyền sử dụng đất của vợ chồng được tách ra và chia theo quy định tại điểm a khoản này;

c) Đối với đất nông nghiệp trồng cây lâu năm, đất lâm nghiệp để trồng rừng, đất ở thì được chia theo quy định tại Điều 59 của Luật này;

d) Đối với loại đất khác thì được chia theo quy định của pháp luật về đất đai.

3. Trong trường hợp vợ chồng sống chung với gia đình mà không có quyền sử dụng đất chung với hộ gia đình thì khi ly hôn quyền lợi của bên không có quyền sử dụng đất và không tiếp tục sống chung với gia đình được giải quyết theo quy định tại Điều 61 của Luật này.

""Như vậy, theo quy định pháp luật trên thì ngôi nhà do vợ chồng em bạn tạo lập trong thời kỳ hôn nhân sẽ là tài sản chung của hai vợ chồng người đó. Quyền sử dụng đất đứng tên mẹ bạn thì đất vẫn là tài sản của mẹ bạn. Em gái và em rể bạn chỉ có giá trị tài sản là ngôi nhà. Nếu ly hôn thì em bạn sẽ được phân chia giá trị ngôi nhà đó , đồng thời phân chia nghĩa vụ trả nợ.",,,,,,,,,
"Chào Luật sư! Xin Luật sự cho em hỏi: em và chồng kết hôn được 1 năm nhưng không hòa hợp được, tính tình cũng không giống nhau, em thích giao lưu kết bạn còn chồng em k thích, trong cuộc sống hằng ngày nói chuyện với nhau nhưng k có cảm giác yêu thương gì cả hay dẫn đến bất hòa cãi nhau và dẫn đến sự im lặng không muốn nói chuyện Chúng em đã tạm xa nhau được nửa năm rồi giờ em muốn ly hôn. vậy em phải làm sao nếu lý do vợ chồng không hợp vậy tòa có giải quyết cho em ly hôn k? (chồng em k chịu cả 2 cùng ly hôn kêu em tự nộp đơn chứ anh ấy không chịu thuận tình ly hôn). Nếu nộp đơn vậy khả năng em được ly hôn cao không (anh ấy còn đòi lại vàng cưới mà gia đình đã cho làm sính lễ cưới) và vàng cưới đó anh ấy đòi lại có đúng k?  Xin Luật sư giải đáp dùm","- Đề nghị tư vấn của bạn gửi từ ngày 17/3/2016 đã khá lâu, có lẽ cũng có người tư vấn cho bạn rồi.

- Về quan hệ hôn nhân: Các bạn lấy nhau được hơn 1 năm, trong đó ly thân (xa nhau) nửa năm và bây giời muốn ly dị. Bản chất cuộc sống vợ chồng là cần có đủ thời gian để tìm sự hòa hợp trong quan hệ hôn nhân, nó khác gần như hoàn toàn sự ""hòa hợp"" trong quan hệ yêu đương của giai đoạn trước. Vì vậy, nhiều trường hợp đã ly hôn một cách khá vội vàng. Theo tôi, các bạn nên cân nhắc kỹ càng hơn nữa trước khi quyết định ly hôn.

- Chồng bạn không ký đơn thì bạn yêu cầu tòa án giải quyết ly hôn theo hình thức đơn phương ly hôn. Số vàng cưới (sính lễ) nói chung là không đòi lại được, trừ khi khi trao sính lễ có điều kiện mà bên bạn vi phạm điều kiện đó.",,,,,,,,,
Luật Hôn nhân và gia đình 2014 quy định về tài sản của vợ chồng khi ly hôn như thế nào?,"Luật Hôn nhân và gia đình số 52/2014/QH13 ban hành ngày 19/06/2014 có hiệu lực kể từ ngày 01/01/2015 quy định giải quyết quyền, nghĩa vụ tài sản của vợ chồng đối với người thứ ba khi ly hôn:

“1. Quyền, nghĩa vụ tài sản của vợ chồng đối với người thứ ba vẫn có hiệu lực sau khi ly hôn, trừ trường hợp vợ chồng và người thứ ba có thỏa thuận khác.

2. Trong trường hợp có tranh chấp về quyền, nghĩa vụ tài sản thì áp dụng quy định tại các điều 27, 37 và 45 của Luật này và quy định của Bộ luật Dân sự để giải quyết.”

Theo quy định tại Điều 61 về chia tài sản trong trường hợp vợ chồng sống chung với gia đình thì:

1. Trong trường hợp vợ chồng sống chung với gia đình mà ly hôn, nếu tài sản của vợ chồng trong khối tài sản chung của gia đình không xác định được thì vợ hoặc chồng được chia một phần trong khối tài sản chung của gia đình căn cứ vào công sức đóng góp của vợ chồng vào việc tạo lập, duy trì, phát triển khối tài sản chung cũng như vào đời sống chung của gia đình. Việc chia một phần trong khối tài sản chung do vợ chồng thỏa thuận với gia đình; nếu không thỏa thuận được thì yêu cầu Tòa án giải quyết.

2. Trong trường hợp vợ chồng sống chung với gia đình mà tài sản của vợ chồng trong khối tài sản chung của gia đình có thể xác định được theo phần thì khi ly hôn, phần tài sản của vợ chồng được trích ra từ khối tài sản chung đó để chia theo quy định tại Điều 59 của Luật này.

Đối với việc chia quyền sử dụng đất của vợ chồng khi ly hôn Luật Hôn nhân và gia đình 2014 quy định:

“1. Quyền sử dụng đất là tài sản riêng của bên nào thì khi ly hôn vẫn thuộc về bên đó.

2. Việc chia quyền sử dụng đất là tài sản chung của vợ chồng khi ly hôn được thực hiện như sau:

a) Đối với đất nông nghiệp trồng cây hàng năm, nuôi trồng thủy sản, nếu cả hai bên đều có nhu cầu và có điều kiện trực tiếp sử dụng đất thì được chia theo thỏa thuận của hai bên; nếu không thỏa thuận được thì yêu cầu Tòa án giải quyết theo quy định tại Điều 59 của Luật này.

Trong trường hợp chỉ một bên có nhu cầu và có điều kiện trực tiếp sử dụng đất thì bên đó được tiếp tục sử dụng nhưng phải thanh toán cho bên kia phần giá trị quyền sử dụng đất mà họ được hưởng;

b) Trong trường hợp vợ chồng có quyền sử dụng đất nông nghiệp trồng cây hàng năm, nuôi trồng thủy sản chung với hộ gia đình thì khi ly hôn phần quyền sử dụng đất của vợ chồng được tách ra và chia theo quy định tại điểm a khoản này;

c) Đối với đất nông nghiệp trồng cây lâu năm, đất lâm nghiệp để trồng rừng, đất ở thì được chia theo quy định tại Điều 59 của Luật này;

d) Đối với loại đất khác thì được chia theo quy định của pháp luật về đất đai.

3. Trong trường hợp vợ chồng sống chung với gia đình mà không có quyền sử dụng đất chung với hộ gia đình thì khi ly hôn quyền lợi của bên không có quyền sử dụng đất và không tiếp tục sống chung với gia đình được giải quyết theo quy định tại Điều 61 của Luật này.”

Đồng thời Luật cũng quy định vợ, chồng đang thực hiện hoạt động kinh doanh liên quan đến tài sản chung có quyền được nhận tài sản đó và phải thanh toán cho bên kia phần giá trị tài sản mà họ được hưởng, trừ trường hợp pháp luật về kinh doanh có quy định khác. Ngoài ra Điều 63 quy định về quyền lưu cư của vợ hoặc chồng khi ly hôn: “Nhà ở thuộc sở hữu riêng của vợ, chồng đã đưa vào sử dụng chung thì khi ly hôn vẫn thuộc sở hữu riêng của người đó; trường hợp vợ hoặc chồng có khó khăn về chỗ ở thì được quyền lưu cư trong thời hạn 06 tháng kể từ ngày quan hệ hôn nhân chấm dứt, trừ trường hợp các bên có thỏa thuận khác”.",,,,,,,,,
"Gia đình em đã ly dị năm 2010 đến hiện nay đã được gần 1 năm, hiện giờ ba em gửi đơn lên tòa chia tài sản, tài sản của 2 bên. Ba, mẹ em có 1 căn nhà 1 tiệm làm tóc của mẹ em. Căn nhà mẹ em mua và mẹ em đứng tên, nhà ko có sổ đỏ ký tay và 2 bên bán đất xác nhận. tiệm tóc mẹ em thuê ở chợ 1 năm phải đóng thuế, vậy nhà và tiệm tóc của mẹ em có chia tài sản được ko ạ. Em là Anh cả SN 95: 16 tuổi và 1 em gái SN:2003: 8 tuổi. Ba em nuôi em gái, mẹ em nuôi Em. Vậy 2 tài sản trên sẽ chia sao ạ. Công sức mẹ em tự làm, Ba em ko làm việc ở nhà ăn bám mẹ em ăn chơi, kéo người về nhậu không có đồ ăn cho 2 anh em ăn, không có thu nhập lang thang ngoài đường đi chơi.    Mong luật sư tư vấn và giúp đỡ em và mẹ em. Em cảm ơn luật sơ!","1. Đối với ngôi nhà: Nếu ngôi nhà đó được tạo lập sau khi ba mẹ em kết hôn thì là tài sản chung của ba mẹ em và nếu một bên có yêu cầu chia tài sản thì Tòa án sẽ giải quyết và chia đôi theo quy định pháp luật. Tuy nhiên, căn nhà đó hiện nay chưa được cấp GCN QSD đất nên Tòa án sẽ triệu tập người bán nhà đất cho ba mẹ em xem họ có ý kiến gì không? - Nếu người bán nhà đất đó không có ý kiến gì, đồng thời thửa đất đó có một trong các loại giấy tờ theo quy định tại Điều 50 Luật đất đai thì Tòa án mới có thể công nhận là tài sản chung của ba mẹ em và phân chia tài sản chung. - Nếu người chủ đất cũ có tranh chấp hợp đồng mua bán viết tay đó thì Tòa án sẽ giải quyết yêu cầu độc lập của họ, sẽ xem xét giá trị pháp lý của hợp đồng mua bán viết tay đó (bạn tìm đọc bài mua đất bằng giấy tay của tôi thì sẽ biết được giá trị pháp lý của giấy mua đất của mẹ bạn). Nếu hợp đồng vô hiệu thì nhà đất đó sẽ được trả cho chủ cũ, nếu Tòa án công nhận hợp đồng thì khi đó mới thành tài sản chung của ba mẹ bạn và chấp nhận yêu cầu chia tài sản. 2. Đối với tiệm hớt tóc: Tiệm hớt tóc đó không phải là tài sản của ba mẹ bạn nên  Tòa án sẽ không chia mà có thể chỉ chia quyền sử dụng trong thời hạn thuê. Tiệm hớt tóc đó là mẹ bạn thuê của Nhà nước hay thuê của tư nhân? Thời hạn hợp đồng bao nhiêu năm? Nếu hợp đồng thuê chưa hết thời hạn thì có thể mẹ bạn sẽ được ưu tiên sử dụng tiệm hớt tóc đó trong thời gian thuê (đảm bảo khai thác hiệu quả diện tích cửa hàng đó và đúng mục đích sử dụng trong thời hạn thuê). Trong trường hợp này, Tòa án cũng sẽ triệu tập Bên cho thuê cửa hàng để lấy ý kiến của họ. 3. Mẹ bạn có công sức lớn hơn trong việc tạo lập tài sản chung nên có thể sẽ được ""ưu ái"" hơn khi chia tài sản.",,,,,,,,,
"Chào Luật sư, Tôi và vơ tôi sống với nhau hơn 20 năm va co hai con chung . Một cháu sinh năm 1991 và một cháu sinh năm 1997, chung tôi có một căn nhà sau khi kết hôn tôi được nhà nước cấp một nền đất và vốn xây cất của hai vơ chồng và anh em cho thêm Sau khi ly hôn chúng tôi thống nhất mỗi người nuôi dưỡng một cháu Cho tôi hỏi vạy phần tài sản cố định đóđược chia thành mấy phần nhằm đãm bảo cho các con tội đến tuổi trưỡng thành Mong luật sư tư vấn!","Theo quy định của Luật Hôn nhân và gia đình thì tài sản chung của vợ chồng gồm tài sản do vợ, chồng tạo ra, thu nhập do lao động, hoạt động sản xuất, kinh doanh và những thu nhập hợp pháp khác của vợ chồng trong thời kỳ hôn nhân; tài sản mà vợ chồng được thừa kế chung hoặc được tặng cho chung và những tài sản khác mà vợ chồng thỏa thuận là tài sản chung.

Trong trường hợp không có chứng cứ chứng minh tài sản có tranh chấp là tài sản riêng thì tài sản đó được xem là tài sản chung. Nếu bạn chứng minh được căn nhà đó do nhà nước cấp cho bạn khi xuất ngũ thì phần tài sản đó là tài sản riêng và thuộc về bạn.

Việc chia tài sản khi ly hôn do các bên thỏa thuận, nếu không thỏa thuận được thì yêu cầu Tòa án giải quyết. Tài sản riêng của bên nào thì thuộc quyền sở hữu của bên đó, tài sản chung của vợ chồng về nguyên tắc được chia đôi, nhưng có xem xét hoàn cảnh của mỗi bên, tình trạng tài sản, công sức đóng góp của mỗi bên vào việc tạo lập, duy trì, phát triển tài sản này.",,,,,,,,,
"Bọn em cưới nhau năm 2012, sống cùng ba mẹ em (ba mẹ chồng) và có 2 người con, đến tháng 3/2015 do có nhiều mâu thuẫn, cô ta tự ý ẵm con về nhà (ba mẹ vợ) và đòi ly hôn, gia đình em có khuyên răng nhưng cô ta vẫn như thế...tháng 1/2015 ba em (gia đình bên chồng) có mua cho em miếng đất, giấy tờ đất đề thể hiện tên em, tháng 3/2015 xảy ra mâu thuẫn liên tục từ đó bọn em ko sống chung với nhau. Cho em hỏi vậy khi ra tòa ly hôn thì tài sản đó sẽ ra sao? Nhờ anh chị tư vấn giùm em. Chân thành cảm ơn anh chị","Theo quy định pháp luật thì tài sản được tặng cho riêng, thừa kế riêng hoặc có nguồn gốc từ tài sản riêng là tài sản riêng và không chia khi ly hôn.

Vì vậy nếu thửa đất đó có nguồn gốc là do bố mẹ bạn cho riêng bạn, đứng tên mình bạn trên giấy chứng nhận quyền sử dụng đất thì thửa đất đó là tài sản riêng của bạn và sẽ không chia khi ly hôn.",,,,,,,,,
"Chị gái em ly hôn cách đây 3 năm. Khi ra tòa ly hôn 2 anh chị thống nhất để lại hết tài sản cho con (1 cháu sinh năm 1995, 1 cháu sinh năm 2000). Bây giờ chồng cũ của chị em đã lập gia đình và có ý định bán nhà nhưng sổ đỏ ngôi nhà mang tên chị em. Em muốn hỏi là giờ chị em làm đơn ra tòa để tòa giải quyết lại việc chia tài sản có được không và nếu chồng cũ chị em bán nhà đó thì chị em có được chia không?","Theo quy định pháp luật thì khi ly hôn, tòa án sẽ giải quyết ba vấn đề là ""Tình cảm vợ chồng"" ""Việc chăm sóc, trách nhiệm với con sau khi ly hôn"" và các vấn đề về tài sản, vay nợ... Đối với việc giải quyết về tài sản: Trước tiên tòa án để các bên tự thương lượng để giải quyết. Nếu không thể thương lượng được và có yêu cầu thì Tòa án mới giải quyết.

Trong vụ việc của gia đình bạn: Nếu hai bên thỏa thuận thuận tình ly hôn; thỏa thuận được về việc phân chia, sử dụng tài sản chung thì tòa án sẽ ra Quyết định công nhận sự thỏa thuận của các đương sự theo thủ tục thuận tình ly hôn. Tuy nhiên, nhiều Tòa án không ghi rõ trong bản án mà thường ghi: về tài sản hai bên tự thỏa thuận, mà không nói rõ thỏa thuận như thế nào, theo văn bản nào... Nếu bên nào vi phạm thì yêu cầu tòa án giải quyết để phân chia tài sản chung vợ chồng. Do đó, chị bạn có quyền làm đơn yêu cầu Tòa án giải quyết vụ án dân sự mới liên quan đến tài sản chung của vợ chồng.

Tuy nhiên, trước hết, chị cần thu thập các chứng cứ có liên quan đến thỏa thuận nêu trên như biên bản thỏa thuận, hợp đồng tặng cho tài sản cho con,… để Tòa án có căn cứ xem xét, giải quyết.

Về việc chồng chị bạn có ý định bán căn nhà: do căn nhà là tài sản chung của vợ chồng, chị bạn lại đang đứng tên sổ đỏ ngôi nhà nên chồng của chị bạn không có quyền bán căn nhà khi chưa có sự đồng ý của chị bạn.",,,,,,,,,
"Tôi muốn ly hôn với chồng. Mảnh đất xây nhà là của bố mẹ chồng, đứng tên của bố mẹ chồng. Còn căn nhà xây trên miếng đất ấy là do hai vợ chồng tôi tích góp xây dựng nên. Bây giờ tôi muốn hỏi là căn nhà tôi có công xây nên thì có được chia gì không? Chồng tôi không chịu chia thì làm thế nào? Có cách nào không để tôi được chia số tiền đã góp xây căn nhà đó?","Qua thông tin bạn cung cấp, mảnh đất nói trên thuộc sở hữu của bố mẹ chồng, nhưng không cho biết căn nhà hai vợ chồng xây dựng trên mảnh đất đó về mặt pháp lý thuộc quyền sở hữu của ai? Do vậy, chúng tôi xin đưa ra hai trường hợp sau:

Trường hợp thứ nhất, căn nhà thuộc sở hữu của hai vợ chồng thì theo điều 33 luật hôn nhân và gia đình, căn nhà này là tài sản hình thành trong thời kỳ hôn nhân, do công sức hai vợ chồng tích góp mà có nên được xác định là tài sản chung của vợ chồng bạn. Do đó, theo nguyên tắc giải quyết tài sản của vợ chồng khi ly hôn, tài sản chung của vợ chồng được chia đôi nhưng có tính đến các yếu tố: hoàn cảnh của gia đình và của vợ chồng, công sức đóng góp của vợ, chồng vào việc tạo lập, duy trì và phát triển khối tài sản chung, lỗi của mỗi bên trong vi phạm quyền, nghĩa vụ của vợ, chồng…

Thứ hai, căn nhà mặc dù do vợ chồng bạn bỏ chi phí và công sức ra xây dựng nhưng trên thực tế lại đứng tên bố mẹ chồng (theo giấy chứng nhận quyền sử dụng đất, quyền sở hữu nhà ở và tài sản khác gắn liền với đất) thì bạn cần chứng minh việc xây dựng căn nhà này có phần đóng góp của mình và chồng hoặc toàn bộ là do hai vợ chồng bỏ ra bằng những chứng từ, hóa đơn… phát sinh trực tiếp từ việc xây nhà.

Theo đó, tài sản này sẽ được xác định là tài sản của vợ chồng nằm trong khối tài sản chung của gia đình chồng. Căn cứ quy định tại điều 61 luật hôn nhân và gia đình, bạn vẫn được chia một phần trong khối tài sản đó, việc chia tài sản này có thể do vợ chồng bạn thỏa thuận với gia đình chồng. Nếu có thể xác định được cụ thể giá trị phần tài sản chung của hai vợ chồng thì có thể phân chia theo nguyên tắc quy định tại điều 59 luật này như đã đề cập ở trên.

Khi yêu cầu tòa án giải quyết cho ly hôn, hội đồng xét xử tôn trọng sự thỏa thuận của các bên về các vấn đề về mối quan hệ nhân thân, người có quyền trực tiếp nuôi dưỡng con chung và việc phân chia tài sản chung sau khi ly hôn.

Tuy nhiên nếu các bên không thể tự thỏa thuận được mà cụ thể trong trường hợp của bạn, người chồng không muốn chia giá trị căn nhà thì trong đơn xin ly hôn bạn có quyền yêu cầu tòa án giải quyết. Sau khi xác định rõ tài sản để phân chia nếu bên nào muốn giữ lại căn nhà thì phải trả cho bên còn lại giá trị phần tài sản đã được phân chia theo quyết định của tòa án nhân dân sau khi giải quyết ly hôn.",,,,,,,,,
"Vợ chồng chúng tôi xác lập quan hệ vợ chồng từ năm 2000, đến 14/8/2003 mẹ đẻ tôi cho riêng tôi 1 mảnh đất. Bây giờ chúng tôi li hôn thì mảnh đất ấy có là tài sản riêng của tôi nữa không?","* VĂN BẢN PHÁP LUẬT THAM CHIẾU (ĐIỀU CHỈNH, CÓ LIÊN QUAN) 1. Bộ Luật Dân sự 2005; 2. Luật Hôn nhân và gia đình năm 2000 *Ý KIẾN PHÁP LÝ Theo Điều 27 Luật Hôn nhân và gia đình quy định: Tài sản chung của vợ chồng gồm tài sản do vợ, chồng tạo ra, thu nhập do lao động, hoạt động sản xuất, kinh doanh và những thu nhập hợp pháp khác của vợ chồng trong thời kỳ hôn nhân; tài sản mà vợ chồng được thừa kế chung hoặc được tặng cho chung và những tài sản khác mà vợ chồng thỏa thuận là tài sản chung. Quyền sử dụng đất mà vợ chồng có được sau khi kết hôn là tài sản chung của vợ chồng. Quyền sử dụng đất mà vợ hoặc chồng có được trước khi kết hôn, được thừa kế riêng chỉ là tài sản chung khi vợ chồng có thỏa thuận. Tài sản chung của vợ chồng thuộc sở hữu chung hợp nhất.Trong trường hợp tài sản thuộc sở hữu chung của vợ chồng mà pháp luật quy định phải đăng ký quyền sở hữu thì trong giấy chứng nhận quyền sở hữu phải ghi tên của cả vợ chồng. Trong trường hợp không có chứng cứ chứng minh tài sản mà vợ, chồng đang có tranh chấp là tài sản riêng của mỗi bên thì tài sản đó là tài sản chung.

Như vậy, trường hợp này của bạn thì quyền sử dụng đất này là tài sản của riêng bạn vì bạn được nhận tặng cho riêng mặc dù là được tặng cho trong thời kỳ hôn nhân.",,,,,,,,,
"Tôi lấy vợ từ năm 1998, đến năm 2008 thì vợ tôi được anh ruột của cô ấy tặng một chiếc xe ô tô. Thời điểm tặng chiếc xe đó, anh ruột của cô ấy có nói tặng cho vợ chồng tôi làm phương tiện đi lại. Nhưng khi làm thủ tục vì không nghĩ ngợi nhiều nên để thuận tiện trong sang tên đăng ký, chỉ một mình vợ tôi đứng tên trên giấy tặng cho và giấy đăng ký xe hiện tại cũng chỉ vợ tôi đứng tên. Thời điểm hiện tại, vợ chồng tôi gặp nhiều căng thẳng và mâu thuẫn trong chuyện tình cảm và đã tính tới việc ly hôn. Tôi thắc mắc liệu tài sản là chiếc xe đó tôi có được hưởng quyền lợi khi chia tài sản trước tòa không ạ?","Căn cứ vào theo quy định tại Điều 43 Luật hôn nhân và gia đình 2014 có quy định về tài sản riêng của vợ chồng như sau:

“Điều 43. Tài sản riêng của vợ, chồng

Tài sản riêng của vợ, chồng gồm tài sản mà mỗi người có trước khi kết hôn; tài sản được thừa kế riêng, được tặng cho riêng trong thời kỳ hôn nhân; tài sản được chia riêng cho vợ, chồng theo quy định tại các điều 38, 39 và 40 của Luật này; tài sản phục vụ nhu cầu thiết yếu của vợ, chồng và tài sản khác mà theo quy định của pháp luật thuộc sở hữu riêng của vợ, chồng.”

Như vậy đối với trường hợp của bạn, việc vợ bạn được người anh tặng cho chiếc xe và đứng tên riêng chiếc xe đó là quan hệ tặng cho tài sản được pháp luật công nhận. Mặc dù chiếc xe là tài sản hình thành trong thời kỳ hôn nhân nhưng trên các giấy tờ đều thể hiện đó là tài sản riêng của vợ bạn do nguồn tặng cho riêng có được trong thời kỳ hôn nhân. Bởi vậy chỉ dựa vào ý chí hoặc lời nói tại thời điểm rằng cho 2 vợ chồng nhưng toàn bộ giấy tờ đều thể hiện anh vợ bạn chỉ tặng cho riêng vợ bạn thì hoàn toàn không có cơ sở để nói rằng tài sản này là vợ chồng bạn được tặng cho chung.

Trừ trường hợp tặng vợ chồng bạn cùng thỏa thuận đó là tài sản chung thì mới được thừa nhận là tài sản chung của vợ chồng. Như vậy nếu ly hôn, tài sản riêng của vợ thì sẽ không được đem ra chia, nếu là tài sản chung của vợ chồng thì về nguyên tắc chia đôi. Trường hợp của bạn rất khó để có thể chứng minh, nên việc không xem đây là tài sản chung để chia là điều gần như sẽ xảy ra trên thực tế.",,,,,,,,,
"Hai vợ chồng chị của tôi. Nay quyết định ly hôn. Cả hai được sở giáo dục cấp 01 lô đất và tự xây nhà (cả hai đều là giáo viên cùng 01 trường tính đến thời điểm được cấp đất ở). Nay họ xin ly hôn và muốn bán ngôi nhà để phân chia tài sản. - Việc phân chia này họ phải thông qua đội thi hành án, hay tòa án xét xử ly hôn để tiến hành việc phân chia? - Nếu cả hai tự thoả thuận phân chia có hợp pháp không và có rủi ro gì cho 1 trong 2 người hay không? - Còn nếu thông qua đội thi hành án, hay tòa án xét xử ly hôn thì việc thẩm định giá ngôi nhà do bên nào quyết định giá (tòa án hay đương sự quyết định giá?) (đây là nội dung tôi cần quan tâm hơn!). Xin chân thành cảm ơn các luật sư nhiệt tình giúp đỡ!",Nếu các bên tự giải quyết phân chia tài sản khi ly hôn là đơn giản nhất. Nếu không thỏa thuận được thì yêu cầu tòa án phân chia. Sau khi án có hiệu lực pháp luật mà các bên không tự nguyện thì có quyền yêu cầu cơ quan thi hành án. Đến giai đọn này các bên vẫn không thỏa thuận được thì có thể yêu cần bán đấu giá tài sản để chia.,,,,,,,,,
"Chị gái tôi kết hôn năm 1986. Đến nay đã có 3 con, 2 cháu lớn đã trên 18 tuổi. Lúc kết hôn cha mẹ tôi có cho chị một mảnh đất để làm nhà, đến năm 1995 thì làm sổ đỏ, từ đó đến nay chỉ do mình chị tôi đứng tên, chị tôi và anh rể không hề có thoả thuận rằng đây sẽ là tài sản chung. Nay chị tôi và anh rể ly hôn, tài sản trên đất là của chung do hai người làm ra nên đương nhiên sẽ chia đôi, riêng phần đất cha mẹ tôi cho chị thì giải quyết như thế nào? Có phải chia cho anh rể tôi không? Các cháu sẽ ở với chị gái tôi. Xin các Quý cơ quan tư vấn giúp. Tôi xin chân thành cảm ơn!","Theo quy định tại Điều 32 Luật Hôn nhân và gia đình năm 2000 thì:

“1. Vợ, chồng có quyền có tài sản riêng.

Tài sản riêng của vợ, chồng gồm tài sản mà mỗi người có trước khi kết hôn; tài sản được thừa kế riêng, được tặng cho riêng trong thời kỳ hôn nhân; tài sản được chia riêng cho vợ, chồng theo quy định tại khoản 1 Điều 29 và Điều 30 của Luật này; đồ dùng, tư trang cá nhân.

2. Vợ, chồng có quyền nhập hoặc không nhập tài sản riêng vào khối tài sản chung”.

Như vậy nếu đất mà chị gái bạn được cho riêng, sau khi kết hôn vẫn không nhập vào tài sản chung của vợ chồng và chị bạn vẫn đứng tên một mình và không có thỏa thuận nào nhập tài sản vào tài sản chung của hai vợ chồng thì đó được xác định là tài sản riêng của chị bạn. Như vậy, có thể xác định quyền sử dụng đất mà chị bạn được tặng cho là tài sản riêng của chị bạn.

Theo quy định tại khoản 1 Điều 27 thì “Tài sản chung của vợ chồng gồm tài sản do vợ, chồng tạo ra, thu nhập do lao động, hoạt động sản xuất, kinh doanh và những thu nhập hợp pháp khác của vợ chồng trong thời kỳ hôn nhân; tài sản mà vợ chồng được thừa kế chung hoặc được tặng cho chung và những tài sản khác mà vợ chồng thỏa thuận là tài sản chung”.

Như vậy trừ những tài sản hình thành trước thời ký hôn nhân, tài sản được tặng cho, thừa kế riêng thì mọi tài sản khác hình thành trong thời kỳ hôn nhân đều được coi là tài sản chung vợ chồng. Vì vậy, tài sản của cả hai người làm ra trong thời kỳ này vẫn được coi là tài sản chung vợ chồng. Và do đó khi ly hôn, tòa sẽ xem xét chia phần tài sản chung này của hai người.

Tuy nhiên, cần lưu ý rằng, nếu chia tài sản khi ly hôn trong trường hợp này thì phải căn cứ Điều 95 Luật Hôn nhân và Gia đình, theo đó

“1. Việc chia tài sản khi ly hôn do các bên thoả thuận; nếu không thoả thuận được thì yêu cầu Toà án giải quyết. Tài sản riêng của bên nào thì thuộc quyền sở hữu của bên đó.

2. Việc chia tài sản chung được giải quyết theo các nguyên tắc sau đây:

a) Tài sản chung của vợ chồng về nguyên tắc được chia đôi, nhưng có xem xét hoàn cảnh của mỗi bên, tình trạng tài sản, công sức đóng góp của mỗi bên vào việc tạo lập, duy trì, phát triển tài sản này. Lao động của vợ, chồng trong gia đình được coi như lao động có thu nhập;

b) Bảo vệ quyền, lợi ích hợp pháp của vợ, con chưa thành niên hoặc đã thành niên bị tàn tật, mất năng lực hành vi dân sự, không có khả năng lao động và không có tài sản để tự nuôi mình;

c) Bảo vệ lợi ích chính đáng của mỗi bên trong sản xuất, kinh doanh và nghề nghiệp để các bên có điều kiện tiếp tục lao động tạo thu nhập;

d) Tài sản chung của vợ chồng được chia bằng hiện vật hoặc theo giá trị; bên nào nhận phần tài sản bằng hiện vật có giá trị lớn hơn phần mình được hưởng thì phải thanh toán cho bên kia phần giá trị chênh lệch.

3. Việc thanh toán nghĩa vụ chung về tài sản của vợ, chồng do vợ, chồng thoả thuận; nếu không thoả thuận được thì yêu cầu Toà án giải quyết.”",,,,,,,,,
"Anh A kết hôn với chị B năm 2002. Sau khi về làm dâu, vợ chồng anh chị ở cùng mẹ chồng là bà C. Sau một thời gian chung sống, anh A muốn ly hôn với chị B. Quá trình chung sống, vợ chồng anh chị có xây dựng được một ngôi nhà 2 tầng diện tích 180 m2. Chị B xác định ngôi nhà là tài sản chung của vợ chồng, còn anh A cho rằng ngôi nhà do mẹ anh A xây không phải do vợ chồng anh xây. Đất được cấp Giấy chứng nhận quyền sử dụng đất cho hộ gia đình nhà bà C. Xin hỏi, trường hợp này mảnh đất là tài sản chung của vợ chồng anh A và chị B không?","Điều 33 của Luật Hôn nhân và gia đình quy định về tài sản chung của vợ chồng như sau:

“1. Tài sản chung của vợ chồng gồm tài sản do vợ, chồng tạo ra, thu nhập do lao động, hoạt động sản xuất, kinh doanh, hoa lợi, lợi tức phát sinh từ tài sản riêng và thu nhập hợp pháp khác trong thời kỳ hôn nhân, trừ trường hợp được quy định tại khoản 1 Điều 40 của Luật này; tài sản mà vợ chồng được thừa kế chung hoặc được tặng cho chung và tài sản khác mà vợ chồng thỏa thuận là tài sản chung.

Quyền sử dụng đất mà vợ, chồng có được sau khi kết hôn là tài sản chung của vợ chồng, trừ trường hợp vợ hoặc chồng được thừa kế riêng, được tặng cho riêng hoặc có được thông qua giao dịch bằng tài sản riêng.

2. Tài sản chung của vợ chồng thuộc sở hữu chung hợp nhất, được dùng để bảo đảm nhu cầu của gia đình, thực hiện nghĩa vụ chung của vợ chồng.

3. Trong trường hợp không có căn cứ để chứng minh tài sản mà vợ, chồng đang có tranh chấp là tài sản riêng của mỗi bên thì tài sản đó được coi là tài sản chung”.

Khoản 29 Điều 3 của Luật Đất đai 2013 quy định: “Hộ gia đình sử dụng đất là những người có quan hệ hôn nhân, huyết thống, nuôi dưỡng theo quy định của pháp luật về hôn nhân và gia đình, đang sống chung và có quyền sử dụng đất chung tại thời điểm được Nhà nước giao đất, cho thuê đất, công nhận quyền sử dụng đất; nhận chuyển quyền sử dụng đất”.

Điều 109 của Bộ luật Dân sự năm 2005 quy định:

“1. Các thành viên của hộ gia đình chiếm hữu và sử dụng tài sản chung của hộ theo phương thức thoả thuận.

2. Việc định đoạt tài sản là tư liệu sản xuất, tài sản chung có giá trị lớn của hộ gia đình phải được các thành viên từ đủ 15 tuổi trở lên đồng ý; đối với các loại tài sản chung khác phải được đa số thành viên từ đủ 15 tuổi trở lên đồng ý”.

Căn cứ quy định nêu trên và các thông tin mà bạn cung cấp thì mảnh đất được cấp cho hộ gia đình bà C nên thuộc quyền sở hữu chung của tất cả mọi thành viên trong hộ gia đình mà không phải là tài sản riêng của vợ chồng anh A và chị B. Việc xác định những người có quyền đối với quyền sử dụng đất cấp cho hộ gia đình được căn cứ vào sổ hộ khẩu tại thời điểm được Nhà nước giao đất, cho thuê đất, công nhận quyền sử dụng đất; nhận chuyển quyền sử dụng đất.",,,,,,,,,
"Tôi kết hôn 5 năm, có 1 đứa con. Do sống không hòa hợp nên muốn ly hôn. Khi sống cùng nhau, 2 vợ chồng tôi thường xuyên cãi nhau và anh ấy hầu như không đóng góp gì cho gia đình. Tôi phải tự lo hết mọi thứ (dù anh ấy rất nhiều tiền: sở hữu 3 căn nhà, 1 chiếc xe ô tô và 1 tài khoản 1 tỉ) Cho tôi hỏi sau khi ly hôn, tôi có được chia đôi tài sản không? 3 căn nhà trên là tài sản sau hôn nhân nhưng không biết vì sao anh ấy có thể làm thủ tục mua bán nhà mà không có chữ ký của tôi (vì tôi thấy hầu như các cặp vợ chồng đều cùng ký tên vào hợp đồng mua bán nhà), như vậy có vi phạm pháp luật không?","Thứ nhất, về nguyên tắc xác định tài sản chung của vợ, chồng theo Điều 33 Luật hôn nhân và gia đình 2014 thì tài sản do vợ, chồng tạo ra, thu nhập do lao động, hoạt động sản xuất, kinh doanh, hoa lợi, lợi tức phát sinh từ tài sản riêng và thu nhập hợp pháp khác trong thời kỳ hôn nhân; tài sản mà vợ chồng được thừa kế chung hoặc được tặng cho chung và tài sản khác mà vợ chồng thỏa thuận là tài sản chungvà quyền sử dụng đất mà vợ chồng có được sau khi kết hôn là tài sản chung của vợ chồng.

Đối với trường hợp quyền sử dụng đất mà vợ hoặc chồng được thừa kế riêng, được tặng cho riêng hoặc có được thông qua giao dịch bằng tài sản riêng là tài sản riêng của vợ, chồng.

Bên cạnh đó, khoản 3 Điều này quy định: trong trường hợp không có căn cứ để chứng minh tài sản mà vợ, chồng đang có tranh chấp là tài sản riêng của mỗi bên thì tài sản đó được coi là tài sản chung.

Theo như nội dung bạn trình bày thì bạn có quyền yêu cầu Tòa án xem xét chia đôi số tài sản nêu trên vì những tài sản này được hình thành trong thời kỳ hôn nhân. Nếu chồng bạn cho rằng đó là tài sản riêng thì chồng bạn có nghĩa vụ chứng minh điều đó.

Thứ hai, về tính hợp pháp của những giao dịch mua bán nhà

Việc xem xét về tính hợp pháp của những giao dịch mà chồng bạn đã thực hiện (như bạn trình bày) chỉ đặt ra trong trường hợp tài sản đó là tài sản chung của vợ chồng. Trong trường hợp này, theo quy định tại điều 35 Luật hôn nhân và gia đình 2014 thì việc định đoạt tài sản chung là bất động sản phải có sự thỏa thuận bằng văn bản của vợ chồng.

Trong trường hợp vợ hoặc chồng định đoạt tài sản chung vi phạm quy định nêu trên thì bên kia có quyền yêu cầu Tòa án tuyên bố giao dịch vô hiệu và giải quyết hậu quả pháp lý của giao dịch vô hiệu (khoản 2 Điều 13 Nghị định 126/2014/NĐ-CP ngày 31/12/2014 quy định chi tiết một số điều và biện pháp thi hành Luật hôn nhân và gia đình).",,,,,,,,,
Chồng tôi làm đơn xin ly hôn tôi với lý do tôi ngoại tình và tuyên bố tôi sẽ không được chia tài sản trong khối tài sản chung của vợ chồng. Tôi xin hỏi luật pháp quy định như thế nào trong trường hợp này?,"Theo quy định của Luật Hôn nhân & Gia đình năm 2000 thì một bên có quyền đơn phương xin ly hôn nếu như nhận thấy tình trạng hộn nhân trầm trọng, đời sống chung không thể kéo dài và mục đích hôn nhân không đạt được thì tòa án sẽ xem xét giải quyết cho ly hôn. Ngoại tình cũng là hành vi được xem xét cho tình trạng hôn nhân trầm trọng. Nếu như đã được sự nhắc nhở, hòa giải từ gia đình tổ chức... mà tình hình không cải thiện, thì đó cũng là căn cứ cho ly hôn. Về phần tài sản chung của vợ chồng, nguyên tắc sẽ được chia đôi, không bị hạn chế bởi chuyện ngoại tình, do vậy chị vẫn có quyền được chia khối tài sản chung đó, cho dù chuyện ngoại tình là có thật. Trường hợp nếu khối tài sản chỉ đứng tên một người thì người đứng tên có nghĩa vụ chứng minh (nếu cho rằng đó là tài sản riêng của mình) khi ra toà phải chứng minh có hợp đồng tặng cho hoặc được thừa kế riêng. Tòa sẽ xác định những đóng góp của chị từ khi lấy chồng để đảm bảo quyền và lợi ích của chị khi ly hôn vẫn được chia tài sản.",,,,,,,,,
"Cần các luật sư tư vấn giúp gấp Dì em và chú rể cách đây khoảng 3 năm đã có ý định ly hôn và hai người đã làm biên bản thỏa thuận tài sản sau ly hôn (có chứng thực của UBND phường) và dì em đã làm đơn xin ly hôn. Hai người có hai mảnh đất, thỏa thuận mỗi người một mảnh đất. Sau đó, vì không muốn phá vỡ hạnh phúc gia đình nên dì em đã rút đơn xin ly hôn, tòa án đã có quyết định đình chỉ vụ án. Tiếp đó hai người lại về sống cùng nhau, chủ rể em đã bán mảnh đất thỏa thuận là của chú và lấy tiền xây lại nhà trên mảnh đất thỏa thuận là của dì em và có vay mượn thêm nữa. Đến thời điểm hiện tại, do quá bất đồng về quan điểm sống của chú rể, dì em không thể chịu đựng được nữa và lại quyết định ly hôn. Cho em hỏi thỏa thuận phân chia tài sản kia còn có hiệu lực không, mảnh đất còn lại sẽ được tòa án sẽ phân chia như thể nào, số tiền vay mượn thêm để làm nhà sẽ xử lý như thế nào vì chú rể em là người mượn tiền?","Thỏa thuận phân chia tài sản sau ly hôn có chứng thực của phường chỉ có giá trị sau khi ly hôn, nay tài sản của hai vợ chồng đã thay đổi, nên thỏa thuận nầy không còn giá trị. Nay  ly hôn, nếu hai bên không thỏa thuận được thì tòa án căn cứ vào tài sản chung hiện nay, nợ chung hay nợ riêng của mổi người để phân chia.",,,,,,,,,
"Vợ chồng tôi kết hôn được 15 năm nay, đã có 2 cháu đang học THCS. Chúng tôi đã ly thân từ 3 năm nay nhưng vì nhiều lý do chúng tôi chưa làm thủ tục ly hôn. Xin hỏi trong trường hợp của chúng tôi, việc phân chia tài sản được pháp luật quy định như thế nào nếu chúng tôi không thỏa thuận được?","Thời gian ly thân vẫn được xác định là trong thời kỳ hôn nhân. Theo quy định tại khoản 13 Điều 3 Luật hôn nhân và gia đình năm 2014: “Thời kỳ hôn nhân là khoảng thời gian tồn tại quan hệ vợ chồng, được tính từ ngày đăng ký kết hôn đến ngày chấm dứt hôn nhân”.

Về trường hợp của vợ chồng bạn, dù đã ly thân từ năm 2013 nhưng chưa làm thủ tục ly hôn theo quy định của pháp luật nên quan hệ vợ chồng vẫn tồn tại. Việc chia tài sản sẽ thực hiện theo thủ tục chia tài sản trong thời kỳ hôn nhân được quy định tại Điều 38 Luật hôn nhân và gia đình 2014 như sau:

- Trong thời kỳ hôn nhân, vợ chồng có quyền thỏa thuận chia một phần hoặc toàn bộ tài sản chung, trừ trường hợp:

+ Việc chia tài sản ảnh hưởng nghiêm trọng đến lợi ích của gia đình; quyền, lợi ích hợp pháp của con chưa thành niên, con đã thành niên mất năng lực hành vi dân sự hoặc không có khả năng lao động và không có tài sản để tự nuôi mình.

+ Việc chia tài nhằm trốn tránh thực hiện các nghĩa vụ sau đây: (1) Nghĩa vụ nuôi dưỡng, cấp dưỡng; (2) Nghĩa vụ bồi thường thiệt hại; (3) Nghĩa vụ thanh toán khi bị Tòa án tuyên bố phá sản; (4) Nghĩa vụ trả nợ cho cá nhân, tổ chức; (5) Nghĩa vụ nộp thuế hoặc nghĩa vụ tài chính khác đối với Nhà nước; (6) Nghĩa vụ khác về tài sản theo quy định của Luật này, Bộ luật dân sự và quy định khác của pháp luật có liên quan.

- Thỏa thuận về việc chia tài sản chung phải lập thành văn bản. Văn bản này được công chứng theo yêu cầu của vợ chồng hoặc theo quy định của pháp luật.

- Trong trường hợp vợ, chồng có yêu cầu thì tòa án giải quyết việc chia tài sản chung của vợ chồng theo quy định tại Điều 59 của Luật này.

Như vậy, nếu không thuộc các trường hợp không được phép chia tài sản chung trong thời kì hôn nhân theo quy định của pháp luật, vợ chồng bạn có quyền thỏa thuận về việc chia tài sản. Nội dung của văn bản thỏa thuận bao gồm các thông tin cơ bản như: tên, tuổi, nơi ở của 2 vợ chồng, tài sản được chia, thỏa thuận chia, quyền và nghĩa vụ của các bên, thời điểm việc chia tài sản có hiệu lực, các thỏa thuận khác và phải có chữ ký của hai vợ chồng…Việc chia tài sản phải lập thành văn bản phải được công chứng theo quy định của pháp luật.

Trong trường hợp hai vợ chồng bạn không thỏa thuận được về việc chia tài sản chung, bạn có thể làm đơn yêu cầu phân chia tài sản chung gửi đến tòa án cấp huyện nơi vợ chồng đang cư trú để giải quyết việc phân chia tài sản theo đúng quy định pháp luật.",,,,,,,,,
"Sau 5 năm kết hôn, vợ chồng em gái tôi hiện đã gửi đơn xin ly hôn ra Tòa án vì cuộc sống vợ chồng không hạnh phúc. Trong thời gian hôn nhân vợ chồng em tôi sống cùng gia đình chồng, em tôi đã đóng góp công sức không nhỏ vào việc tạo lập kinh tế gia đình chồng. Xin hỏi, vợ chồng em tôi ly hôn thì em tôi có được chia một phần tài sản từ tài sản chung của gia đình không, việc xác định tài sản để phân chia dựa trên căn cứ nào?","Theo quy định của Luật Hôn nhân và gia đình năm 2014 (Điều 61) thì trong trường hợp ly hôn này, em bạn có quyền được chia tài sản trong khối tài sản chung của gia đình chồng.

Việc xác định tài sản để phân chia căn vào công sức đóng góp của vợ chồng em bạn vào việc tạo lập, duy trì, phát triển khối tài sản chung cũng như vào đời sống chung của gia đình chồng.

Việc chia một phần trong khối tài sản chung do vợ chồng em bạn thỏa thuận với gia đình, nếu không thỏa thuận được thì yêu cầu Tòa án giải quyết.",,,,,,,,,
"Cháu có người cha không lo làm ăn, suôt gần 15 năm nay chỉ một mình má cháu bươn chải nuôi 3 đứa con lẫn ông bà nội đến khi cháu vào đại học mà ba cháu vẫn không lo đi làm mà chỉ lo quen hết ngừơi đàn bà này  tới bà khác ,bỏ bê gia đình không quan tâm tới con cái rồi còn về nhà vòi tiền gây gổ đánh đập má cháu,cháu góp ý thì ổng nói cháu mất dạy rồi lấy gậy lấy rựa đuổi đánh đuổi cháu ra khỏi nhà.Vậy cho nên bây giờ má cháu có ý định ly hôn thì phân chia tài sản như thế nào,hiện tại thì tài sản chỉ có căn nhà đang ở  thôi chứ không có gì khác. Thưa luật sư làm sao để khi ly hôn mà ba cháu khi ra đi chỉ có 2 bàn tay trắng được ạ, còn căn nhà thì vẫn để cho má và 3 mẹ con cháu cùng ông bà nội ở vì chỉ có má cháu mới có khả năng nuôi gia đình ,là trụ cột chính còn ba cháu thì không có nghề nghiệp. Cháu năm nay 21 tuổi còn 1 em trai 16 tuổi và 1 em gái 6 tuổi","​Về nguyên tắc tài sản của vợ chồng sau khi ly hôn được chia đôi, có xem xét công sức đóng góp của mỗi bên vào việc tạo lập, duy trì tài sản. Do đó, khi ba mẹ bạn ly hôn, việc mà mẹ bạn cần là thu thập những chứng cứ chứng minh có Tòa thấy ba bạn là người như thế nào? ba bạn đã sống ra sao đối với vợ, với con, với ông bà nội?...để có thể thuyết phục Hội đồng xét xử xem xét đến công sức của mẹ bạn khi phân chia tài sản và yêu cầu cấp dưỡng cho các con sau này.

Bạn có thể tham khảo thêm:

Điều 95. Nguyên tắc chia tài sản khi ly hôn

1. Việc chia tài sản khi ly hôn do các bên thoả thuận; nếu không thoả thuận được thì yêu cầu Toà án giải quyết. Tài sản riêng của bên nào thì thuộc quyền sở hữu của bên đó.

2. Việc chia tài sản chung được giải quyết theo các nguyên tắc sau đây:

a) Tài sản chung của vợ chồng về nguyên tắc được chia đôi, nhưng có xem xét hoàn cảnh của mỗi bên, tình trạng tài sản, công sức đóng góp của mỗi bên vào việc tạo lập, duy trì, phát triển tài sản này. Lao động của vợ, chồng trong gia đình được coi như lao động có thu nhập;

b) Bảo vệ quyền, lợi ích hợp pháp của vợ, con chưa thành niên hoặc đã thành niên bị tàn tật, mất năng lực hành vi dân sự, không có khả năng lao động và không có tài sản để tự nuôi mình;

c) Bảo vệ lợi ích chính đáng của mỗi bên trong sản xuất, kinh doanh và nghề nghiệp để các bên có điều kiện tiếp tục lao động tạo thu nhập;

d) Tài sản chung của vợ chồng được chia bằng hiện vật hoặc theo giá trị; bên nào nhận phần tài sản bằng hiện vật có giá trị lớn hơn phần mình được hưởng thì phải thanh toán cho bên kia phần giá trị chênh lệch.

3. Việc thanh toán nghĩa vụ chung về tài sản của vợ, chồng do vợ, chồng thoả thuận; nếu không thoả thuận được thì yêu cầu Toà án giải quyết.",,,,,,,,,
Xin chào luật sư! Tôi có vấn đề xin luật sư tư vấn dùm như sau: Vơ chồng bạn tôi sắp đi tơi ly hôn hiện tại họ có một con nhỏ 13 tháng tuổi và môt số tài sản khác như : 1 cản nhà tạm 32m2 và đồ dùng trong nhà trị giá khoảng 30 tr ư. Chồng bạn tôi là một con người vũ phu va sống bất cần nếu trước khi ly hôn họ vẫn chưa giải quyết đuợc vấn đề phân chia tài sản mà người chồng  có ý định hủy hoại số tài sản chung đó thì tôi phải làm cách nào để bảo vệ số tài sản chung đó ? Cảm ơn luật sư Nhung,"- Nếu xác định tài sản này là tài sản chung của vợ chồng, mà người này vẫn cố tình hủy hoại thì có thể sẽ vi phạm vào điều 143 Bộ Luật hình sự về tội ""Hủy hoại tài sản hoặc cố ý làm hư hỏng tài sản"". Còn bằng cách nào đó để bảo vệ khối tài sản này. theo tôi bạn của bạn là người biết rõ nhất mà, cố gắng giải quyết vấn đề ôn hòa nhất và yêu cầu cơ quan nhà nước can thiệp kịp thời (Báo UBND phường hoặc Công an phường...khi có sự việc xảy ra để họ can thiệp kịp thời) - Còn nếu ly hôn, thỉ tài sản chung của vợ chồng sẽ chia đôi và con dưới 36 tháng tuổi sẽ giao cho người mẹ chăm sóc.",,,,,,,,,
"Khi vợ chồng ly hôn, tài sản chung là một miếng đất được chia theo quyết định của tòa, một người nhận đất trả tiền cho người kia. Vậy khi làm lại Giấy chứng nhận quyền sử hữu đất tên một người, có phải nộp các khoản thuế thu nhập và lệ phí trước bạ không? Xin cảm ơn.","Trường hợp bạn nêu thì được miễn thuế thu nhập cá nhân theo quy định tại Điểm a Khoản 1 Điều 3 Thông tư 111/2013/TT-BTC: “...Trường hợp bất động sản (bao gồm cả nhà ở hình thành trong tương lai, công trình xây dựng hình thành trong tương lai theo quy định pháp luật về kinh doanh bất động sản) do vợ hoặc chồng tạo lập trong thời kỳ hôn nhân được xác định là tài sản chung của vợ chồng, khi ly hôn được phân chia theo thỏa thuận hoặc do tòa án phán quyết thì việc phân chia tài sản này thuộc diện được miễn thuế.""",,,,,,,,,
"Kính thưa luật sư, Tôi có 02 câu hỏi liên quan đến vấn đề xác định tài sản riêng khi ly hôn và thủ tục phân chia tài sản khi không lập di chúc. Xin nhờ luật sư tư vấn giúp. 1. Dì tôi có một khu đất được làm sổ đỏ vào khoảng năm 1996. Trước thời điểm đó, khu đất này do bà ngoại tôi sử dụng và đóng thuế (nhưng được biết vào thời điểm đó bà tôi chưa được làm sổ đỏ). Đến khoảng năm 1996 bà tôi cho riêng dì tôi mảnh đất trên (không làm giấy cho tặng nhưng tất cả mọi thành viên trong dòng họ tôi đều biết điều này) và dì tôi thực hiện đăng ký quyền sử dụng đất và được cấp sổ từ đó đến nay. Dì tôi kết hôn với dượng tôi trước thời điểm dì được cho mảnh dất trên. Hiện tại, dì dượng tôi đang định ly hôn nhưng dì tôi rất lo lắng vì không biết làm sao để chứng minh mảnh dất trên là do bà ngoại cho riêng dì. Tôi xin hỏi luật sư trong tường hợp này thì có cách nào giúp dì tôi chứng minh mảnh đất trên là tài sản riêng hay không, có thể nhờ bà con họ hàng là người làm chứng được không? 2. Ngoại tôi mất nhưng không để lại di chúc, hiện tại ngoại còn đang đứng tên trên sổ đỏ một mảnh đất. Dì út tôi sống với ngoại tôi và chăm sóc bà cho đến khi bà qua đời. Khi ngoại còn sống, ngoại có bảo với các người con của mình là mảnh đất này ngoại cho dì út nhưng chưa làm giấy cho tặng. Sau khi ngoại mất, con của cậu tôi (cậu tôi đã qua đời) muốn chia đều phần đất này cho họ (nhưng chưa chính thức yêu cầu chia tài sản) và các con của ngoại. Nhưng các dì và mẹ tôi không đồng ý vì cho rằng mảnh đất này ngoại đã cho dì út tôi nên không chia cho ai hết. Xin hỏi luật sư, trong tình huống này, gia đình dì út tôi phải làm gì để có lợi cho mình nhất. Liệu dì tôi có thể được hưởng mảnh  đất trên mà không cần chia cho các con của cậu tôi hay không. Trong trường hợp phải chia đều mảnh đất trên,  mẹ tôi và các dì khác của tôi mong muốn được từ bỏ quyền thừa kế của mình cho dì tôi thì giấy từ bỏ quyền thừa kế này có giá trị trong bao lâu vì hiện tai các con của cậu tôi vẫn chưa chính thức yêu cầu chia tài sản và các dì của tôi cũng chưa muốn. Giấy từ bỏ quyền thừa kế này có thể lập trước khi tiến hành phân chia tài sản được không? Xin chân thành cám ơn luật sư rất nhiều.","1. Theo quy định tại Điều 43 Luật hôn nhân và gia đình năm 2014 thì tài sản riêng vợ, chồng là:

""1. Tài sản riêng của vợ, chồng gồm tài sản mà mỗi người có trước khi kết hôn; tài sản được thừa kế riêng, được tặng cho riêng trong thời kỳ hôn nhân; tài sản được chia riêng cho vợ, chồng theo quy định tại các điều 38, 39 và 40 của Luật này; tài sản phục vụ nhu cầu thiết yếu của vợ, chồng và tài sản khác mà theo quy định của pháp luật thuộc sở hữu riêng của vợ, chồng.

2. Tài sản được hình thành từ tài sản riêng của vợ, chồng cũng là tài sản riêng của vợ, chồng. Hoa lợi, lợi tức phát sinh từ tài sản riêng trong thời kỳ hôn nhân được thực hiện theo quy định tại khoản 1 Điều 33 và khoản 1 Điều 40 của Luật này."".

Căn cứ vào quy định pháp luật này, nếu dì bạn chứng minh được thửa đất đó là tài sản do dì bạn được thừa kế riêng trong thời kỳ hôn nhân thì thửa đất đó sẽ là tài sản riêng của dì bạn. Căn cứ để chứng minh là giấy chứng nhận quyền sử dụng đất (chỉ có tên mình dì bạn), trong hồ sơ, sổ sách của chính quyền địa phương qua các thời kỳ trước đây có tên bà ngoại bạn trong, sau đó có tên của dì bạn; các anh, chị em của dì bạn xác nhận là bà bạn cho riêng dì bạn.... những chứng cứ đó đủ để chứng minh thửa đất là tài sản riêng của dì bạn. Tuy nhiên, trong quá trình vợ chồng dì bạn sử dụng đất có công tôn tạo phát triển giá trị khối bất động sản đó thì chồng của dì bạn cũng được chia một phần giá trị tài sản tạo lập thêm trên thửa đất đó (ví dụ: phần diện tích đất mà vợ chồng dì bạn khai phá, mở rộng thêm, phần giá trị tài sản trên đất do vợ chồng cùng nhau xây dựng...).

2. Đối với thửa đất là di sản do bà bạn để lại không có di chúc thì các con của bà bạn sẽ được hưởng thừa kế theo pháp luật theo quy định tại điểm a, khoản 1, Điều 676 Bộ luật dân sự. Nếu không thống nhất được việc chia thừa kế thì một trong các con của bà bạn có quyền khởi kiện để yêu cầu tòa án giải quyết phân chia thừa kế theo quy định pháp luật. Nếu người con nào không muốn nhận di sản thì có thể nhường quyền nhận di sản đó cho người thừa kế khác. Việc khước từ di sản được thực hiện trong thời gian 6 tháng kể từ thời điểm mở thừa kế. Nếu có người khước từ di sản thì phần giá trị di sản đó được chia đều theo pháp luật cho các thừa kế khác.",,,,,,,,,
"Xin Luật Sư tư vấn giúp tôi Cách đây gần 10 năm, tôi đã đứng ra chuộc lại ruộng vườn, nhà của cho ba tôi, được địa phương và chủ nợ làm chứng vì tôi là người đứng ra trả tiền, nhưng trên thực tế lại không có giấy tờ (vì tôi nghỉ ba tôi sẽ không có quyền cầm cố lần thứ 2 khi chính quyền dia phương can thiệp) Ba tôi là người không có trách nhiệm với gia đình, và trong thơi gian này mẹ tôi đã làm đơn gửi lên Tòa Án xin ly hôn. Tôi có thể đồi lại số tiền hoặc tai sản tương đương với số tiền tôi đã chuộc ruộng , vườn và nhà cửa từ 10 năm trước khi ba mẹ tôi ly hôn không? và thủ tục ra sao? ba mẹ tôi đứng tên cho tất cả tải sản trong gia đình. Tôi có 3 chị em, khi ba mẹ tôi ly hôn chúng tôi có được quyền chia tài sản không? tài sản được phân chia như thế nào nếu chúng tôi được quyền? Trong thơi gian hiện tại ba mẹ tôi chưa ly hôn nhưng ba tôi đã sống chung với những người phụ nữ khác, và thường xuyên về nhà gây chuyện đánh mẹ tôi và yêu cầu mẹ tôi phải đưa tiên cho ông ấy. mẹ tôi đã nhiều lần nhờ chính quyền địa phương can thiệp, làm thế nào bảo vệ mẹ tôi trong thơi gian chờ ly hôn và sau ly hôn? vì chúng tôi hiện tai đi làm ăn xa nên không ở gân để chăm sóc mẹ tôi được. Xin Luật Sư chân thành tư vấn, tôi chân thành cảm ơn.","Nếu bạn có đủ chứng cứ chứng minh việc bạn bỏ tiền ra chuộc lại toàn bộ ruộng vườn, nhà cửa của ba mẹ bạn thì bạn có cơ hội được ba mẹ bạn hoàn trả số tiền đó khi ba mẹ bạn ly hôn. Tuy nhiên bạn cần lưu ý là: \ - Bạn chỉ được trả lại số tiền chuộc nhà đất đó nếu bạn chứng minh được việc bỏ tiền ra chuộc nhà đất là ""cho vay"" chứ không phải là ""tặng cho tài sản"". - Nếu chứng cứ trong hồ sơ vụ án chứng minh được số tiền bạn bỏ ra chuộc đất là bạn ""tặng cho"" ba mẹ bạn lúc khó khăn chứ không phải là ""cho vay"" thì bạn không có quyền đòi lại. Hợp đồng tặng cho động sản có hiệu lực kể từ thời điểm bên nhận tặng cho nhận được tài sản.

Điều 95. Nguyên tắc chia tài sản khi ly hôn

1. Việc chia tài sản khi ly hôn do các bên thỏa  thuận; nếu không thỏa  thuận được thì yêu cầu Tòa án giải quyết. Tài sản riêng của bên nào thì thuộc quyền sở hữu của bên đó.

2. Việc chia tài sản chung được giải quyết theo các nguyên tắc sau đây:

a) Tài sản chung của vợ chồng về nguyên tắc được chia đôi, nhưng có xem xét hoàn cảnh của mỗi bên, tình trạng tài sản, công sức đóng góp của mỗi bên vào việc tạo lập, duy trì, phát triển tài sản này. Lao động của vợ, chồng trong gia đình được coi như lao động có thu nhập;

b) Bảo vệ quyền, lợi ích hợp pháp của vợ, con chưa thành niên hoặc đã thành niên bị tàn tật, mất năng lực hành vi dân sự, không có khả năng lao động và không có tài sản để tự nuôi mình;

c) Bảo vệ lợi ích chính đáng của mỗi bên trong sản xuất, kinh doanh và nghề  nghiệp để các bên có điều kiện tiếp tục lao động tạo thu nhập;

d) Tài sản chung của vợ chồng được chia bằng hiện vật hoặc theo giá trị; bên nào nhận phần tài sản bằng hiện vật có giá trị lớn hơn phần mình được hưởng thì phải thanh toán cho bên kia phần giá trị chênh lệch.

3. Việc thanh toán nghĩa vụ chung về tài sản của vợ, chồng do vợ, chồng thỏa  thuận; nếu không thỏa  thuận được thì yêu cầu Tòa án giải quyết.

Điều 96. Chia tài sản trong trường hợp vợ chồng sống chung với gia đình mà ly hôn

1. Trong trường hợp vợ, chồng sống chung với gia đình mà ly hôn, nếu tài sản của vợ chồng trong khối tài sản chung của gia đình không xác định được thì vợ hoặc chồng được chia một phần trong khối tài sản chung của gia đình căn cứ vào công sức đóng góp của vợ chồng vào việc tạo lập, duy trì phát triển khối tài sản chung cũng như vào đời sống chung của gia đình. Việc chia một phần trong khối tài sản chung do vợ chồng thỏa thuận với gia đình; nếu không thỏa  thuận được thì yêu cầu Tòa án giải quyết.

2. Trong trường hợp vợ chồng sống chung với gia đình mà tài sản của vợ chồng trong khối tài sản chung của gia đình có thể xác định được theo phần thì khi ly hôn, phần tài sản của vợ chồng được trích ra từ khối tài sản chung đó để chia.

Điều 97. Chia quyền sử dụng đất của vợ, chồng khi ly hôn

1. Quyền sử dụng đất riêng của bên nào thì khi ly hôn vẫn thuộc về bên đó.

2. Việc chia quyền sử dụng đất chung của vợ chồng khi ly hôn được thực hiện như sau:

a) Đối với đất nông nghiệp trồng cây hàng năm, nuôi trồng thủy sản, nếu cả hai bên đều có nhu cầu và có điều kiện trực tiếp sử dụng đất thì được chia theo thỏa  thuận của hai bên; nếu không thỏa thuận được thì yêu cầu Tòa án giải quyết theo quy định tại Điều 95 của Luật này.

Trong trường hợp chỉ một bên có nhu cầu và có điều kiện trực tiếp sử dụng đất thì bên đó được tiếp tục sử dụng nhưng phải thanh toán cho bên kia phần giá trị quyền sử dụng đất mà họ được hưởng;

b) Trong trường hợp vợ chồng có quyền sử dụng đất nông nghiệp trồng cây hàng năm, nuôi trồng thủy sản chung với hộ gia đình thì khi ly hôn phần quyền sử dụng đất của vợ chồng được tách ra và chia theo quy định tại điểm a khoản này;

c) Đối với đất nông nghiệp trồng cây lâu năm, đất lâm nghiệp để trồng rừng, đất ở thì được chia theo quy định tại Điều 95 của Luật này;

d) Việc chia quyền sử dụng đối với các loại đất khác được thực hiện theo quy định của pháp luật về đất đai và pháp luật dân sự.

3. Trong trường hợp vợ, chồng sống chung với gia đình mà không có quyền sử dụng đất chung với hộ gia đình thì khi ly hôn quyền lợi của bên không có quyền sử dụng đất và không tiếp tục sống chung với gia đình được giải quyết theo quy định tại Điều 96 của Luật này.

Điều 98. Chia nhà ở thuộc sở hữu chung của vợ chồng

Trong trường hợp nhà ở thuộc sở hữu chung của vợ chồng có thể chia để sử dụng thì khi ly hôn được chia theo quy định tại Điều 95 của Luật này; nếu không thể chia được thì bên được tiếp tục sử dụng nhà ở phải thanh toán cho bên kia phần giá trị mà họ được hưởng.

Điều 99. Giải quyết quyền lợi của vợ, chồng khi ly hôn trong trường hợp nhà ở thuộc sở hữu riêng của một bên

Trong trường hợp nhà ở thuộc sở hữu riêng của một bên đã được đưa vào sử dụng chung thì khi ly hôn, nhà ở đó vẫn thuộc sở hữu riêng của chủ sở hữu nhà, nhưng phải thanh toán cho bên kia một phần giá trị nhà, căn cứ vào công sức bảo dưỡng, nâng cấp, cải tạo, sửa chữa nhà.

""Điều 115. Cấm hoặc buộc thực hiện một số hành vi nhất định

Cấm hoặc buộc thực hiện một số hành vi nhất định được áp dụng nếu trong quá trình giải quyết vụ án có căn cứ cho thấy đương sự hoặc cá nhân, cơ quan, tổ chức khác thực hiện hoặc không thực hiện một số hành vi nhất định làm ảnh hưởng đến việc giải quyết vụ án hoặc quyền và lợi ích hợp pháp của người khác có liên quan trong vụ án đang được Toà án giải quyết."".",,,,,,,,,
"Chào luật sư !  Tôi có một thắc mắc như sau: Năm 2007 tôi và vợ tôi có đăng ký kết hôn ( hợp pháp ).sau nhiều năm chung sống tôi và vợ có xảy ra mâu thuẫn vì tính tình không hợp nhau. Tôi và vơ muốn chia tài sản chung.  Có ý kiến nói rằng nếu muốn chia tài sản, tôi và vợ phải yêu cầu tòa án cho ly hôn thì mới được chia tài sản. Như vậy có đúng không?","Tại điều 29 Luật Hôn nhà và gia đình năm 2000 có quy định:

Điều 29. Chia tài sản chung trong thời kỳ hôn nhân

1. Khi hôn nhân tồn tại, trong trường hợp vợ chồng đầu tư kinh doanh riêng, thực hiện nghĩa vụ dân sự riêng hoặc có lý do chính đáng khác thì vợ chồng có thể thoả thuận chia tài sản chung; việc chia tài sản chung phải lập thành văn bản; nếu không thoả thuận được thì có quyền yêu cầu Toà án giải quyết.

2. Việc chia tài sản chung của vợ chồng nhằm trốn tránh thực hiện nghĩa vụ về tài sản không được pháp luật công nhận.

Như vậy, nếu có lý do chính đáng được quy định như trên và được vợ chồng cùng đồng ý thì vợ chồng có quyền chia tài sản chung trong thời gian hôn nhân mà không cần chờ đến khi ly hôn. Trong trường hợp muốn ly hôn thì việc chia tài sản sẽ được tòa án xem xét giải quyết cùng với quan hệ hôn nhân nếu một trong hai bên có đề nghị.",,,,,,,,,
"Luật sư cho tôi hởi với Tôi là nam giới, trước khi cưới vợ, tài sản cá nhân (ko kể tài sản của bố mẹ) có tổng cộng 140 triệu, sau đó tôi lấy vợ, được 1 thời gian sau vợ chồng tôi ly dị, vậy cho tôi hỏi tài sản 140 triệu của tôi do tôi làm ra trước khi cưới này, có phải chia cho vợ tôi sau khi ly hôn ko, và đc quy định trong luật nào, tôi cảm ơn!","Vấn đề thắc mắc của bạn là việc chia tài sản chung vợ chồng sau khi ly hôn, không phải chia di sản thừa kế, chúng tôi trả lời thắc mắc của bạn như sau:

Khoản 1 Điều 27 Luật Hôn nhân và gia đình năm 2000 quy định về tài sản chung của vợ chồng như sau:

“1. Tài sản chung của vợ chồng gồm tài sản do vợ, chồng tạo ra, thu nhập do lao động, hoạt động sản xuất, kinh doanh và những thu nhập hợp pháp khác của vợ chồng trong thời kỳ hôn nhân; tài sản mà vợ chồng được thừa kế chung hoặc được tặng cho chung và những tài sản khác mà vợ chồng thỏa thuận là tài sản chung.

Quyền sử dụng đất mà vợ chồng có được sau khi kết hôn là tài sản chung của vợ chồng. Quyền sử dụng đất mà vợ hoặc chồng có được trước khi kết hôn, được thừa kế riêng chỉ là tài sản chung khi vợ chồng có thỏa thuận.""

Như vậy với khoản tài sản trị giá 140 triệu mà bạn tạo lập trước khi hôn nhân, nếu trong thời kỳ hôn nhân bạn có thỏa thuận với vợ trở thành tài sản chung vợ chồng thì khi ly hôn tài sản này phải chia 1 phần cho vợ bạn.

Trong trường hợp không có thỏa thuận đưa khối tài sản đó thành tải sản chung vợ chồng thì khi ly hôn bạn không phải chia khối tài sản đó cho vợ bạn!",,,,,,,,,
"Vợ chồng chúng tôi cưới nhau đã được 1 năm, trước khi kết hôn chồng tôi đã có nhà cửa đầy đủ. Tuy nhiên, tiền chồng tôi mua ngôi nhà vẫn còn nợ 350 triệu đồng, tôi đã đưa sổ tiết kiệm 300 triệu của mình và 50 triệu tiền mừng cưới của tôi cho chồng để trả nợ. Tôi muốn hỏi, việc tôi góp tiền vào trả nợ thì ngôi nhà đó có phải tài sản chung của vợ chồng không? nếu trong trường hợp vợ chồng tôi ly hôn thì tôi có được gì? (Phan Thảo)","Theo quy định của Luật hôn nhân gia đình năm 2014 “Tài sản riêng của vợ, chồng gồm tài sản mà mỗi người có trước khi kết hôn; tài sản được thừa kế riêng, được tặng cho riêng trong thời kỳ hôn nhân; tài sản được chia riêng cho vợ, chồng theo quy định tại các điều 38, 39 và 40 của Luật này; tài sản phục vụ nhu cầu thiết yếu của vợ, chồng và tài sản khác mà theo quy định của pháp luật thuộc sở hữu riêng của vợ, chồng”.

Vì vậy, theo thông tin bạn cung cấp thì ngôi nhà mà hiện tại vợ chồng bạn đang ở là tài sản được hình thành trước thời kì hôn nhân nên về nguyên tắc đây là tài sản riêng của chồng bạn. Tuy nhiên, trong thời kỳ hôn nhân bạn có thể bàn bạc với chồng để làm thủ tục chuyển ngôi nhà từ tài sản riêng thành tài sản chung của vợ chồng theo quy định của pháp luật.

Như vậy, trong trường hợp vợ chồng bạn có thỏa thuận nó là tài sản chung thì khi ly hôn ngôi nhà sẽ được chia đôi. Nếu trong trường hợp chồng bạn không đồng ý chuyển ngôi nhà thành tài sản chung của vợ chồng và vợ chồng bạn ly hôn thì sẽ giải quyết như sau:

Việc bạn dùng tiền tiết kiệm của mình để trả nốt phần nợ còn lại, bạn cần có chứng cứ chứng minh việc bạn đã đóng góp vào việcbạn đã sử dụng số tiền riêng của mình để giúp chồng trả nợ. Trong trường hợp hai vợ chồng ly hôn thì chồng bạn sẽ phải trả lại số tiền 350 triều đó cho bạn.

Nếu trong trường hợp bạn không có văn bản thỏa thuận việc bạn đã góp tiền trả nốt số nợ còn lại thì khi ly hôn bạn sẽ không được nhận lại số tiền 350 triệu bạn đã góp vì những giấy tờ về sở hữu cũng như vay nợ liên quan đến ngôi nhà vẫn do chồng bạn đứng tên.",,,,,,,,,
Vợ chồng chúng tôi hiện có một số tài sản khá lớn chủ yếu là nhà đất. Tôi muốn chia tài sản chung của vợ chồng để lấy vốn đầu tư vào một dự án. Xin hỏi pháp luật có cho phép chia tài sản chung vợ chồng khi chúng tôi không ly hôn? Nếu có thì thủ tục như thế nào? (Thu Hà - Nam Định),"Chia tài sản chung của vợ chồng không chỉ được thực hiện khi ly hôn mà pháp luật cho phép vợ chồng được chia tài sản chung của mình trong thời kỳ hôn nhân. Cụ thể Điều 38 Luật hôn nhân và gia đình 2014 quy định: Trong thời kỳ hôn nhân, vợ chồng có quyền thỏa thuận chia một phần hoặc toàn bộ tài sản chung, trừ trường hợp quy định tại Điều 42 của Luật hôn nhân và gia đình 2014; nếu không thỏa thuận được thì có quyền yêu cầu Tòa án giải quyết. Trong trường hợp vợ, chồng có yêu cầu thì Tòa án giải quyết việc chia tài sản chung của vợ chồng theo quy định tại Điều 59 của Luật hôn nhân và gia đình 2014.

Như vậy, việc chia tài sản chung của vợ chồng có thể được giải quyết theo thỏa thuận của vợ chồng hoặc bằng con đường Tòa án.

Thỏa thuận về việc chia tài sản chung phải lập thành văn bản. Văn bản này được công chứng theo yêu cầu của vợ chồng hoặc theo quy định của pháp luật. Trường hợp hai vợ chồng không thỏa thuận được về việc chia tài sản chung thì bạn có thể làm đơn yêu cầu phân chia tài sản chung gửi đến tòa án cấp huyện nơi vợ chồng đang cư trú để Toà án giải quyết việc phân chia này theo đúng quy định pháp luật.

Sau khi chia tài sản chung, quan hệ vợ chồng vẫn tồn tại. Dù vợ chồng sống chung hay ở riêng cũng không làm hạn chế các quyền nhân thân giữa vợ, chồng.

Theo quy định tại Điều 14 Nghị định 126/2014/NĐ-CP thì việc chia tài sản chung của vợ chồng trong thời kỳ hôn nhân không làm chấm dứt chế độ tài sản của vợ chồng theo luật định.

Từ thời điểm việc chia tài sản chung của vợ chồng có hiệu lực, nếu vợ chồng không có thỏa thuận khác thì phần tài sản được chia; hoa lợi, lợi tức phát sinh từ tài sản đó; hoa lợi, lợi tức phát sinh từ tài sản riêng khác của vợ, chồng là tài sản riêng của vợ, chồng. Nếu tài sản có được từ việc khai thác tài sản riêng của vợ, chồng mà không xác định được đó là thu nhập do lao động, hoạt động sản xuất, kinh doanh của vợ, chồng hay là hoa lợi, lợi tức phát sinh từ tài sản riêng đó thì thuộc sở hữu chung của vợ chồng.",,,,,,,,,
"Tôi năm nay 35 tuổi. Mới đây, vợ chồng tôi đã làm đơn ra tòa. Vợ chồng tôi có chung với nhau 1 con nhỏ. Nhưng khi chồng làm đơn xin ly hôn với lý do tôi ngoại tình, anh ấy tuyên bố người vợ sẽ không được chia tài sản trong khối tài sản chung của vợ chồng. Xin hỏi luật sư như vậy có đúng không?","Việc ngoại tình không phải là căn cứ để làm mất quyền được chia tài sản khi ly hôn. Không có lý do làm mất quyền được chia tài sản chung vợ chồng khi ly hôn.

Về nguyên tắc chia tài sản chung vợ chồng khi ly hôn là: Tài sản chung vợ chồng được chia đôi nhưng có xét đến nguồn gốc tài sản và ưu tiên quyền lợi phụ nữ, trẻ em. Tài sản chung vợ chồng để chia là giá trị tài sản sau khi trừ đi các khoản nợ chung vợ chồng (nếu có).

Về nguyên tắc thì trước tiên hai vợ chồng tự thoả thuận với nhau về việc phân chia tài sản chung vợ chồng. Nếu hai bên không thể thống nhất được với nhau về việc phân chia tài sản chung và có yêu cầu thì toà án mới thụ lý giải quyết. Luật hôn nhân và gia đình năm 2014 quy định như sau:

Điều 29. Nguyên tắc chung về chế độ tài sản của vợ chồng

1. Vợ, chồng bình đẳng với nhau về quyền, nghĩa vụ trong việc tạo lập, chiếm hữu, sử dụng, định đoạt tài sản chung; không phân biệt giữa lao động trong gia đình và lao động có thu nhập. 2. Vợ, chồng có nghĩa vụ bảo đảm điều kiện để đáp ứng nhu cầu thiết yếu của gia đình. 3. Việc thực hiện quyền, nghĩa vụ về tài sản của vợ chồng mà xâm phạm đến quyền, lợi ích hợp pháp của vợ, chồng, gia đình và của người khác thì phải bồi thường.

Điều 59. Nguyên tắc giải quyết tài sản của vợ chồng khi ly hôn

1. Trong trường hợp chế độ tài sản của vợ chồng theo luật định thì việc giải quyết tài sản do các bên thỏa thuận; nếu không thỏa thuận được thì theo yêu cầu của vợ, chồng hoặc của hai vợ chồng, Tòa án giải quyết theo quy định tại các khoản 2, 3, 4 và 5 Điều này và tại các điều 60, 61, 62, 63 và 64 của Luật này.

Trong trường hợp chế độ tài sản của vợ chồng theo thỏa thuận thì việc giải quyết tài sản khi ly hôn được áp dụng theo thỏa thuận đó; nếu thỏa thuận không đầy đủ, rõ ràng thì áp dụng quy định tương ứng tại các khoản 2, 3, 4 và 5 Điều này và tại các điều 60, 61, 62, 63 và 64 của Luật này để giải quyết.

2. Tài sản chung của vợ chồng được chia đôi nhưng có tính đến các yếu tố sau đây: a) Hoàn cảnh của gia đình và của vợ, chồng; b) Công sức đóng góp của vợ, chồng vào việc tạo lập, duy trì và phát triển khối tài sản chung. Lao động của vợ, chồng trong gia đình được coi như lao động có thu nhập; c) Bảo vệ lợi ích chính đáng của mỗi bên trong sản xuất, kinh doanh và nghề nghiệp để các bên có điều kiện tiếp tục lao động tạo thu nhập; d) Lỗi của mỗi bên trong vi phạm quyền, nghĩa vụ của vợ chồng.

3. Tài sản chung của vợ chồng được chia bằng hiện vật, nếu không chia được bằng hiện vật thì chia theo giá trị; bên nào nhận phần tài sản bằng hiện vật có giá trị lớn hơn phần mình được hưởng thì phải thanh toán cho bên kia phần chênh lệch.

4. Tài sản riêng của vợ, chồng thuộc quyền sở hữu của người đó, trừ trường hợp tài sản riêng đã nhập vào tài sản chung theo quy định của Luật này. Trong trường hợp có sự sáp nhập, trộn lẫn giữa tài sản riêng với tài sản chung mà vợ, chồng có yêu cầu về chia tài sản thì được thanh toán phần giá trị tài sản của mình đóng góp vào khối tài sản đó, trừ trường hợp vợ chồng có thỏa thuận khác.

5. Bảo vệ quyền, lợi ích hợp pháp của vợ, con chưa thành niên, con đã thành niên mất năng lực hành vi dân sự hoặc không có khả năng lao động và không có tài sản để tự nuôi mình.

6. Tòa án nhân dân tối cao chủ trì phối hợp với Viện kiểm sát nhân dân tối cao và Bộ Tư pháp hướng dẫn Điều này.

Điều 61. Chia tài sản trong trường hợp vợ chồng sống chung với gia đình

1. Trong trường hợp vợ chồng sống chung với gia đình mà ly hôn, nếu tài sản của vợ chồng trong khối tài sản chung của gia đình không xác định được thì vợ hoặc chồng được chia một phần trong khối tài sản chung của gia đình căn cứ vào công sức đóng góp của vợ chồng vào việc tạo lập, duy trì, phát triển khối tài sản chung cũng như vào đời sống chung của gia đình. Việc chia một phần trong khối tài sản chung do vợ chồng thỏa thuận với gia đình; nếu không thỏa thuận được thì yêu cầu Tòa án giải quyết.

2. Trong trường hợp vợ chồng sống chung với gia đình mà tài sản của vợ chồng trong khối tài sản chung của gia đình có thể xác định được theo phần thì khi ly hôn, phần tài sản của vợ chồng được trích ra từ khối tài sản chung đó để chia theo quy định tại Điều 59 của Luật này.

Điều 62. Chia quyền sử dụng đất của vợ chồng khi ly hôn

1. Quyền sử dụng đất là tài sản riêng của bên nào thì khi ly hôn vẫn thuộc về bên đó.

2. Việc chia quyền sử dụng đất là tài sản chung của vợ chồng khi ly hôn được thực hiện như sau:

a) Đối với đất nông nghiệp trồng cây hàng năm, nuôi trồng thủy sản, nếu cả hai bên đều có nhu cầu và có điều kiện trực tiếp sử dụng đất thì được chia theo thỏa thuận của hai bên; nếu không thỏa thuận được thì yêu cầu Tòa án giải quyết theo quy định tại Điều 59 của Luật này.

Trong trường hợp chỉ một bên có nhu cầu và có điều kiện trực tiếp sử dụng đất thì bên đó được tiếp tục sử dụng nhưng phải thanh toán cho bên kia phần giá trị quyền sử dụng đất mà họ được hưởng;

b) Trong trường hợp vợ chồng có quyền sử dụng đất nông nghiệp trồng cây hàng năm, nuôi trồng thủy sản chung với hộ gia đình thì khi ly hôn phần quyền sử dụng đất của vợ chồng được tách ra và chia theo quy định tại điểm a khoản này;

c) Đối với đất nông nghiệp trồng cây lâu năm, đất lâm nghiệp để trồng rừng, đất ở thì được chia theo quy định tại Điều 59 của Luật này;

d) Đối với loại đất khác thì được chia theo quy định của pháp luật về đất đai.

3. Trong trường hợp vợ chồng sống chung với gia đình mà không có quyền sử dụng đất chung với hộ gia đình thì khi ly hôn quyền lợi của bên không có quyền sử dụng đất và không tiếp tục sống chung với gia đình được giải quyết theo quy định tại Điều 61 của Luật này.",,,,,,,,,
Khi người chồng thường xuyên đánh đập vợ trong mười mấy năm thì liệu khi người vợ muốn ly hôn thì việc phân chia tài sản sẽ phân chia như thế nào?,"Mục 8, Nghị quyết số 02/2000/NQ-HĐTP của Hội đồng Thẩm phán Tòa án nhân dân tối cao ban hành ngày 23/12/2000, hướng dẫn áp dụng một số quy định của Luật Hôn nhân và gia đình năm 2000, ""tình trạng hôn nhân trầm trọng"" giải thích như sau:

""- Vợ, chồng không thương yêu, quý trọng, chăm sóc, giúp đỡ nhau như người nào chỉ biết bổn phận người đó, bỏ mặc người vợ hoặc người chồng muốn sống ra sao thì sống, đã được bà con thân thích của họ hoặc cơ quan, tổ chức, nhắc nhở, hoà giải nhiều lần;

- Vợ hoặc chồng luôn có hành vi ngược đãi, hành hạ nhau, như thường xuyên đánh đập, hoặc có hành vi khác xúc phạm đến danh dự, nhân phẩm và uy tín của nhau, đã được bà con thân thích của họ hoặc cơ quan, tổ chức, đoàn thể nhắc nhở, hoà giải nhiều lần;

- Vợ chồng không chung thuỷ với nhau như có quan hệ ngoại tình, đã được người vợ hoặc người chồng hoặc bà con thân thích của họ hoặc cơ quan, tổ chức, nhắc nhở, khuyên bảo nhưng vẫn tiếp tục có quan hệ ngoại tình.”

Như vậy, trường hợp của bạn đã có căn cứ để Tòa án xem xét để cho ly hôn theo quy định tại Điều 89 Luật Hôn nhân gia đình 2000. Tuy nhiên, việc phân chia tài sản sẽ được thực hiện theo nguyên tắc tại Điều 95 Luật Hôn nhân và gia đình năm 2000 trên cơ sở tôn trọng sự thỏa thuận của các bên. Cụ thể như sau:

“1. Việc chia tài sản khi ly hôn do các bên thoả thuận; nếu không thỏa thuận được thì yêu cầu Toà án giải quyết. Tài sản riêng của bên nào thì thuộc quyền sở hữu của bên đó.

2. Việc chia tài sản chung được giải quyết theo các nguyên tắc sau đây:

a) Tài sản chung của vợ chồng về nguyên tắc được chia đôi, nhưng có xem xét hoàn cảnh của mỗi bên, tình trạng tài sản, công sức đóng góp của mỗi bên vào việc tạo lập, duy trì, phát triển tài sản này. Lao động của vợ, chồng trong gia đình được coi như lao động có thu nhập;

b) Bảo vệ quyền, lợi ích hợp pháp của vợ, con chưa thành niên hoặc đã thành niên bị tàn tật, mất năng lực hành vi dân sự, không có khả năng lao động và không có tài sản để tự nuôi mình;

c) Bảo vệ lợi ích chính đáng của mỗi bên trong sản xuất, kinh doanh và nghề nghiệp để các bên có điều kiện tiếp tục lao động tạo thu nhập;

d) Tài sản chung của vợ chồng được chia bằng hiện vật hoặc theo giá trị; bên nào nhận phần tài sản bằng hiện vật có giá trị lớn hơn phần mình được hưởng thì phải thanh toán cho bên kia phần giá trị chênh lệch.

3. Việc thanh toán nghĩa vụ chung về tài sản của vợ, chồng do vợ, chồng thỏa thuận; nếu không thoả thuận được thì yêu cầu Toà án giải quyết”.",,,,,,,,,
"Chào luật sư, tôi muốn hỏi một chút về việc sau, bố và mẹ tôi cưới nhau từ năm 94, đến năm 2006 thì ly thân, nhưng trong thời gian chung sống từ 1994 - 1995 có cùng nhau mua 1 mảnh đất để ở, bố tôi khi kết hôn với mẹ có 1 người con trai của bố về chúng sống cùng, toàn bộ giấy tờ đất đai hiện đang đứng tên của ông, nay tôi nghe bố tôi có ý định muôn bán đất, và cũng có ý định ly hôn, nhưng ông giấu không cho tôi và mẹ tôi biết, nên tôi không biết sau khi ly hôn thì sẽ được phân chia tài sản theo pháp luật như thế nào, bố và mẹ tôi khi xưa cưới nhau không có giấy đăng ký kết hôn vì bố tôi có 1 người vợ trước đó, cũng không đăng ký kết hôn. Mong luật sư giải đáp giúp tôi, tôi xin cám ơn luật sư.","Về mặt pháp lý thì hiện nay bố mẹ bạn không phải là vợ chồng nên nhà đất đứng tên bố bạn thì bố bạn có quyền bán. Mẹ bạn góp tiền mua chung thì mẹ bạn yêu cầu tòa án giải quyết về việc chia tài sản tạo lập chung. Trường hợp mẹ bạn được chia trước khi bố bạn bán thì nhà đất chia cho 2 người theo sự đóng góp của mỗi người, nếu sau khi đã bán thì bố bạn có trách nhiệm thanh toán phần giá trị mẹ bạn được hưởng, trừ khi bố mẹ bạn có thỏa thuận khác.",,,,,,,,,
"Em chào Luật sư! Em có người chị đã có gia đình và một đứa con. Trước đây 2 vợ chồng rất nghèo đi làm thuê cho người ta. Sau đó, người vợ có mua 01 tờ vé số và trúng giải đặc biệt 1 tỷ 500 triệu đồng. Sau khi trúng số 2 vợ chồng có mua đất và xây nhà để ở, có cho bà con họ hàng một ít, còn bao nhiêu thì gửi ngân hàng. người vợ vẫn ở nhà nuôi con, còn người chồng thì thường xuyên cờ bạc, nợ nần. Do vây, người chồng đòi ly hôn và đòi chia tiền trúng số. Luật sư có cách nào để bảo vệ quyền lợi của người vợ không ạ? Em xin chân thành cảm ơn Luật sư.","Chào bạn! Theo quy định tại Điều 33 Luật Hôn nhân và gia đình 2014, Tài sản chung của vợ chồng gồm tài sản do vợ, chồng tạo ra, thu nhập do lao động, hoạt động sản xuất, kinh doanh, hoa lợi, lợi tức phát sinh từ tài sản riêng và thu nhập hợp pháp khác trong thời kỳ hôn nhân. Ngoài ra, theo quy định tại khoản 1 Điều 9 Nghị định 126/2014/NĐ-CP thì Thu nhập hợp pháp khác của vợ, chồng trong thời kỳ hôn nhân bao gồm Khoản tiền thưởng, tiền trúng thưởng xổ số, tiền trợ cấp… Như vậy, trong trường hợp trên, số tiền trúng số là tài sản chung của vợ chồng. Về việc chia tài sản chung của vợ chồng khi ly hôn, các quy định của pháp luật hiện nay khuyến khích các bên tự thoả thuận. Tuy nhiên, nếu 2 bên không thoả thuận được thì Toà án sẽ tiến hành chia theo các quy định của pháp luật. Theo quy định tại khoản 2 Điều 59 Luật Hôn nhân và gia đình 2014, tài sản chung sẽ được chia đôi nhưng có tính các yếu tố sau: a) Hoàn cảnh của gia đình và của vợ, chồng; b) Công sức đóng góp của vợ, chồng vào việc tạo lập, duy trì và phát triển khối tài sản chung. Lao động của vợ, chồng trong gia đình được coi như lao động có thu nhập; c) Bảo vệ lợi ích chính đáng của mỗi bên trong sản xuất, kinh doanh và nghề nghiệp để các bên có điều kiện tiếp tục lao động tạo thu nhập; d) Lỗi của mỗi bên trong vi phạm quyền, nghĩa vụ của vợ chồng. Do đó, trong trường hợp trên khi ly hôn, chia tài sản chung vợ chồng thì Toà án sẽ cân nhắc các yếu tố về hoàn cảnh sống, công sức đóng góp, lỗi các bên để quyết định.",,,,,,,,,
"Năm 1993 cha mẹ tôi có mua 1 mảnh đất 3 sào 9,, có hứa là sau này để lại cho anh chị em tôi. Năm 1994 em trai tôi lấy vợ. Năm 1999, mẹ tôi lại mua cho hai vợ chồng em trai tôi 2 mẫu 6,năm 2000 mẹ tôi cho 2 vợ chồng em trai tôi ra ở riêng trên mãnh đất 2 mẫu 6. Năm 2004 có chính sách làm sổ đỏ, mẹ tôi không có giấy cmnd nên không thể đứng quyền sử dụng đất được nên cho em trai tôi đứng quyền sử dụng đất và vợ em trai tôi thừa kế mảnh đất 3 sào 9.. Năm 2006 mẹ tôi kêu về ở chung với mẹ tôi. Đến năm 2012 mẹ tôi qua đời nay hai vợ chồng em trai tôi ly hôn.  Vậy xin hỏi luật sư aanh chị eem tôi có được hưởng tài sản đất 3 sào 9 không?? Vì mẹ tôi mất đột ngột nên không để  di chúc lại, chỉ có bà con cô bác hàng xóm làm chứng .. Cảm ơn ...","Đất đai, tài sản đều đã được nhà nước chứng nhận quyền sở hữu cho vợ chồng người em nên với những thông tin bạn nêu thì theo đánh giá của tôi, các bạn không có cơ sở để được hưởng các tài sản đó nếu coi tranh chấp liên quan đến tài sản của mẹ bạn.

Trường hợp coi tranh chấp liên quan đến tài sản của bố bạn, các bạn có thể viện dẫn cơ sở pháp lý về quyền thừa kế di sản của bố mình để lại. Tuy nhiên, cần lưu ý là nếu bố bạn đã mất được hơn 10 năm thì nhiều khả năng tòa án không chấp thuận yêu cầu chia di sản của các bạn do thời hiệu khởi kiện đã hết.",,,,,,,,,
"Dì tôi và chồng có 4 con (đều dưới 18 tuổi). Chồng dì tôi ngoại tình (đã có 2 con riêng bên ngoài với gái mại dâm) và ép buộc dì tôi ký giấy bán nhà (tài sản chung của 2 vợ chồng) để có tiền mua nhà mới cho người phụ nữ kia. Vì dì tôi không đồng ý nên chồng dì muốn đơn phương ly hôn. Xin hỏi nếu ly hôn dì tôi có được xét về hoàn cảnh chồng ngoại tình dẫn đến ly hôn khi phân chia tài sản không hay là chia đôi tài sản? Dì tôi ở nhà nội trợ thì có giành được quyền nuôi con không, vì các con đều có nguyện vọng theo dì? Và nếu quyền nuôi dưỡng 4 đứa con thuộc về dì tôi thì dì tôi có thể yêu cầu chồng trợ cấp nuôi con 1 lần duy nhất (số tiền trợ cấp nuôi con đến 18 tuổi) bằng cách quy thành tiền trong khối tài sản chung của vợ chồng khi phân chia tài sản (cụ thể là căn nhà của 2 vợ chồng) hay không? Trường hợp chồng của dì ngoại tình có bị luật pháp xử lý không? Lẽ nào các ông chồng cứ ngoại tình rồi về đòi bỏ vợ để chia tài sản mà không có quy định nào bảo vệ người vợ và các con trong gia đình? Xin chân thành cảm ơn!","Trường hợp khi hai vợ chồng ly hôn, đối với khối tài sản chung của cả hai vợ chồng theo nguyên tắc sẽ được chia đôi, trường hợp con cái nếu dưới 3 tuổi thì theo nguyên tắc sẽ thuộc quyền nuôi của mẹ. Việc giành quyền nuôi con tuỳ thuộc vào việc chứng minh thu nhập, chứng minh các điều kiện về phẩm chất đạo đức và nhiều điều kiện khác...Về việc ngoại tình nếu có căn cứ đầy đủ chứng minh việc ngoại tình thì có thể làm đơn tố cáo ra trước pháp luật đề nghị khởi tố do vi phạm chế độ một vợ một chồng.

Trường hợp người vợ giành được quyền nuôi con thì người vợ có thể đề nghị toà yêu cầu người chồng thực hiện việc cấp dưỡng hàng tháng hoặc hai vợ chồng có thể thoả thuận về việc cấp dưỡng nuôi con.",,,,,,,,,
"Chào luật sư cho tôi hỏi Mẹ tôi mua đất năm 1990 đến năm 1993 mua tiếp một miếng.sau năm 1994 em tôi lấy vợ lúc làm sổ đỏ mẹ tôi không có giấy chứng minh không làm được nên em tôi đứng sổ đỏ cùng vợ giờ đây em tôi ly hôn lấy tài sản của mẹ chia đôi.Vì tài sản có công sức của anh chi em tôi nên chúng tôi không đồng ý chia.Đồng thời đất mẹ mua có người làm chứng bán cho mẹ tôi nhưng cô dâu đó nói cô ấy đứng sổ là cô ấy có quyền chia đôi nhưng ngược lại cô ấy không có  bằng chứng là đất đấy của cô ấy mua.Khi mẹ bệnh chúng tôi nuôi mẹ lo hậu sự cho mẹ khi mẹ qua đời, Hỏi tài sản đó có phải của  riêng mẹ tôi không ? Hiện giờ đang Ly hôn tòa án xử chia đôi hỏi đúng không ? Chúng tôi làm cách nào giữ tài sản cho 4 chị em tôi được hường tài sản của mẹ? Cảm ơn luật sư!","Không rõ là một mảnh đất hay cả hai mảnh đều dứng tên vợ chồng người em.

Khi Giấy chứng nhận quyền sử dụng đất đứng tên cả hai vợ chồng thì đó là tài sản chung của vợ chồng. Trừ khi vợ chồng cùng các anh chị tham gia thỏa thuận được với nhau về việc phân chia tài sản là mảnh đất đứng tên 2 vợ chồng, nếu không khi ly hôn tài sản sẽ chia theo nguyên tắc chia đôi, dù có tính đến công sức đóng góp hay lỗi của các bên dẫn đến ly hôn thì người vợ vẫn ít nhiều nhận được một phần tài sản từ mảnh đất.

Cách tốt nhất là thỏa thuận, vì Giấy chứng nhận quyền sử dụng đất đã được cấp đúng và đứng tên 2 vợ chồng.",,,,,,,,,
"Cha mẹ tôi cho vợ chồng tôi hai công đất và một công vườn. Trên giấy tờ đất, hai vợ chồng tôi đứng tên. Vậy xin hỏi nếu hai vợ chồng tôi ly hôn thì tài sản trên được chia như thế nào?","Điều 27 Luật Hôn nhân và gia đình năm 2000 quy định:

""1. Tài sản chung của vợ chồng gồm những tài sản do vợ, chồng tạo ra, thu nhập do lao động, hoạt động sản xuất, kinh doanh và những thu nhập hợp pháp khác của vợ chồng trong thời kỳ hôn nhân; tài sản mà vợ chồng được thừa kế chung hoặc được tặng, cho chung và những tài sản khác mà vợ chồng thỏa thuận là tài sản chung. Quyền sử dụng đất mà vợ chồng có được sau khi kết hôn là tài sản chung của vợ chồng. Quyền sử dụng đất mà vợ hoặc chồng có được trước khi kết hôn, được thừa kế riêng chỉ là tài sản chung khi vợ chồng có thỏa thuận.

2. Trong trường hợp tài sản thuộc sở hữu chung của vợ chồng mà pháp luật quy định phải đăng ký quyền sở hữu thì trong giấy chứng nhận quyền sở hữu phải ghi tên của cả vợ chồng.

3. Trong trường hợp không có chứng cứ chứng minh tài sản mà vợ, chồng đang có tranh chấp là tài sản riêng của mỗi bên thì tài sản đó là tài sản chung"".

Như vậy, hai công đất và một công vườn được cha mẹ bạn cho hai bạn là trong thời kỳ hôn nhân thì là tài sản chung của vợ chồng theo quy định tại khoản 1, 2 được trích ở trên. Vì vậy, khi ly hôn, tài sản đó sẽ được chia theo nguyên tắc của khoản 2 Điều 95 Luật Hôn nhân và gia đình “Việc chia tài sản chung được giải quyết theo các nguyên tắc sau đây:

a) Tài sản chung của vợ chồng về nguyên tắc được chia đôi, nhưng có xem xét hoàn cảnh của mỗi bên, tình trạng tài sản, công sức đóng góp của mỗi bên vào việc tạo lập, duy trì, phát triển tài sản này. Lao động của vợ, chồng trong gia đình được coi như lao động có thu nhập;

b) Bảo vệ quyền, lợi ích hợp pháp của vợ, con chưa thành niên hoặc đã thành niên bị tàn tật, mất năng lực hành vi dân sự, không có khả năng lao động và không có tài sản để tự nuôi mình;

c) Bảo vệ lợi ích chính đáng của mỗi bên trong sản xuất, kinh doanh và nghề nghiệp để các bên có điều kiện tiếp tục lao động tạo thu nhập;

d) Tài sản chung của vợ chồng được chia bằng hiện vật hoặc theo giá trị; bên nào nhận phần tài sản bằng hiện vật có giá trị lớn hơn phần mình được hưởng thì phải thanh toán cho bên kia phần giá trị chênh lệch.”

Ngoài ra, việc thanh toán nghĩa vụ chung về tài sản vợ chồng do vợ, chồng thỏa thuận, nếu không thỏa thuận được thì yêu cầu Tòa án giải quyết.",,,,,,,,,
Tôi là người Việt Nam đã kết hôn với chồng là người Hàn Quốc vào giữa năm 2014. Cuối năm 2014 chồng tôi cho tôi mua một mảnh đất nhưng vì chồng tôi là người nước ngoài nên không được đứng tên mua đất. Mảnh đất đó được cấp cho tôi. Khi đó tên của tôi còn trong hộ khẩu của gia đình tôi. Sau đó tôi tách hộ khẩu riêng. đầu năm 2015 tôi lại đứng tên mua một căn hộ chung cư vì chồng tôi đứng tên thì căn hộ chỉ được sở hữu 50 năm. Chúng tôi vẫn chưa có con. Nay tôi xin được hỏi nếu vợ chồng tôi ly hôn thì những tài sản trên (bao gồm đất và căn hộ) sẽ được phân chia như thế nào? Chồng tôi vẫn chưa nhập khẩu vào hộ khẩu của tôi. Nếu sau khi nhập khẩu vào hộ khẩu của tôi thì chồng tôi có được hưởng tài sản của tôi như là tài sản chung của vợ chồng hay không ?,"Thứ nhất, các tài sản chung của hai vợ chồng bạn được hình thành trong thời kì hôn nhân nên được coi là tài sản chung vợ chồng, không căn cứ vào việc ai đứng tên trên giấy tờ sở hữu (khoản 1 Điều 33 Luật Hôn nhân và gia đình năm 2014).

Thứ hai, về chia tài sản khi ly hôn. Do tài sản đó là tài sản chung vợ chồng nên khi ly hôn thì các bên có thể thỏa thuận về việc chia tài sản, nếu không thỏa thuận được hoặc thỏa thuận không đầy đủ, rõ ràng thì tòa sẽ giải quyết. Tòa sẽ giải quyết theo nguyên tắc tài sản chung của vợ chồng được chia đôi, nhưng có tính đến các yếu tố: Hoàn cảnh của gia đình và của vợ, chồng; Công sức đóng góp của vợ, chồng vào việc tạo lập, duy trì và phát triển khối tài sản chung. Lao động của vợ, chồng trong gia đình được coi như lao động có thu nhập; Bảo vệ lợi ích chính đáng của mỗi bên trong sản xuất, kinh doanh và nghề nghiệp để các bên có điều kiện tiếp tục lao động tạo thu nhập; Lỗi của mỗi bên trong vi phạm quyền, nghĩa vụ của vợ chồng (Khoản 2 Điều 59 Luật Hôn nhân và gia đình năm 2014)

Thứ ba, việc nhập hộ khẩu cũng không làm thay đổi giá trị pháp lý của khối tài sản chung. Chị và chồng chị kết hôn sẽ có giấy chứng nhận kết hôn. Đây là văn bản cao nhất thế hiện mối quan hệ hôn nhân của 2 vợ chồng. Do đó, dù chồng chị nhập hoặc không nhập hộ khẩu thì chị và chồng chị vẫn tồn tại mối quan hệ hôn nhân và các quan hệ nhân thân, quan hệ tài sản gắn liền với hôn nhận. Bởi vậy, khối tài sản đó vẫn là tài sản chung của vợ chồng, việc chia tài sản khi ly hôn vẫn tiến hành theo luật định.",,,,,,,,,
"Tôi có em gái đã kết hôn và có 01 con 12 tháng tuổi. Trước khi kết hôn bên nhà chồng có làm di chúc chia cho chồng của em gái tôi một mảnh đất 50m2. Trong di chúc ghi rõ là nếu con cái li hôn thì con dâu không được thừa hưởng tài sản đó. Vừa qua, do khúc mắc trong cuộc sống, hai người đã ly dị. Xin hỏi: 1. Bản di chúc đó có hợp pháp không? 2. Em gái tôi có được chia mảnh đất đó không? 3. Nếu không được chia, em gái tôi có được thỏa thuận để chia cho con chung của 2 vợ chồng hiện ở với em gái tôi hay không?","1. Tính hợp pháp của di chúc

Liên quan đến tính hợp pháp của di chúc, Điều 652 Bộ luật Dân sự năm 2005 quy định như sau:

“Điều 652. Di chúc hợp pháp

1. Di chúc được coi là hợp pháp phải có đủ các điều kiện sau đây:

a) Người lập di chúc minh mẫn, sáng suốt trong khi lập di chúc; không bị lừa dối, đe doạ hoặc cưỡng ép;

b) Nội dung di chúc không trái pháp luật, đạo đức xã hội; hình thức di chúc không trái quy định của pháp luật”.

Như vậy, theo quy định nói trên, di chúc hợp pháp phải thỏa mãn 02 điều kiện: (1) người lập di chúc có là khả năng nhận thức; (2) nội dung và hình thức của di chúc phải hợp pháp, có nghĩa là khi lập di chúc, người lập di chúc không bị lừa dối, đe dọa, cưỡng ép hoặc ở trong trạng thái tinh thần không minh mẫn, sáng suốt hoặc nội dung của di chúc không trái với pháp luật và đạo đức xã hội hoặc di chúc không được lập theo các hình thức trái quy định của pháp luật.

Ngoài ra, liên quan đến quyền của người lập di chúc, Điều 648 Bộ luật Dân sự năm 2005 quy định người lập di chúc có toàn quyền chỉ định người thừa kế hoặc phần định phần di sản cho từng người thừa kế, cụ thể là:

“Điều 648.Quyền của người lập di chúc

Người lập di chúc có các quyền sau đây:

1. Chỉ định người thừa kế; truất quyền hưởng di sản của người thừa kế;

2. Phân định phần di sản cho từng người thừa kế”.

Do vậy, nhà chồng em gái bạn hoàn toàn có quyền không cho em gái của bạn hưởng di sản thừa kế khi ly hôn. Việc di chúc có nội dung như vậy là phù hợp với quy định của pháp luật Việt Nam. Về nguyên tắc, bản di chúc có nội dung như trên, nếu thỏa mãn điều kiện về khả năng nhận thức của người lập di chúc và điều kiện về hình thức theo quy định của pháp luật được coi là hợp pháp. Theo đó, em gái bạn sẽ không được hưởng di sản thừa kế của nhà chồng khi ly hôn.

2. Thỏa thuận chia tài sản cho con chung khi ly hôn

Theo quy định của Luật Hôn nhân và gia đình năm 2000, khi ly hôn, vợ và chồng có quyền thỏa thuận về vấn đề phân chia tài sản, nếu như các bên không thỏa thuận được thì việc chia tài sản căn cứ vào việc xác định đó là tài sản chung hay hay tài sản riêng vợ chồng, cụ thể như sau:

“Điều 95. Nguyên tắc chia tài sản khi ly hôn

1. Việc chia tài sản khi ly hôn do các bên thỏa thuận; nếu không thỏa thuận được thì yêu cầu Tòa án giải quyết. Tài sản riêng của bên nào thì thuộc quyền sở hữu của bên đó.

2. Việc chia tài sản chung được giải quyết theo các nguyên tắc sau đây:

a) Tài sản chung của vợ chồng về nguyên tắc được chia đôi, nhưng có xem xét hoàn cảnh của mỗi bên, tình trạng tài sản, công sức đóng góp của mỗi bên vào việc tạo lập, duy trì, phát triển tài sản này. Lao động của vợ, chồng trong gia đình được coi như lao động có thu nhập;

b) Bảo vệ quyền, lợi ích hợp pháp của vợ, con chưa thành niên hoặc đã thành niên bị tàn tật, mất năng lực hành vi dân sự, không có khả năng lao động và không có tài sản để tự nuôi mình;

c) Bảo vệ lợi ích chính đáng của mỗi bên trong sản xuất, kinh doanh và nghề nghiệp để các bên có điều kiện tiếp tục lao động tạo thu nhập;

d) Tài sản chung của vợ chồng được chia bằng hiện vật hoặc theo giá trị; bên nào nhận phần tài sản bằng hiện vật có giá trị lớn hơn phần mình được hưởng thì phải thanh toán cho bên kia phần giá trị chênh lệch.

3. Việc thanh toán nghĩa vụ chung về tài sản của vợ, chồng do vợ, chồng thỏa thuận; nếu không thỏa thuận được thì yêu cầu Tòa án giải quyết”.

Như vậy, để phân chia tài sản khi ly hôn phải xác định được tài sản chung và tài sản riêng của vợ, chồng. Theo đó, khoản 1 Điều 27 và Điều 32 Luật Hôn nhân và gia đình năm 2000 quy định cụ thể như sau:

“Điều 27. Tài sản chung của vợ chồng

1. Tài sản chung của vợ chồng gồm tài sản do vợ, chồng tạo ra, thu nhập do lao động, hoạt động sản xuất, kinh doanh và những thu nhập hợp pháp khác của vợ chồng trong thời kỳ hôn nhân; tài sản mà vợ chồng được thừa kế chung hoặc được tặng cho chung và những tài sản khác mà vợ chồng thỏa thuận là tài sản chung

Quyền sử dụng đất mà vợ chồng có được sau khi kết hôn là tài sản chung của vợ chồng. Quyền sử dụng đất mà vợ hoặc chồng có được trước khi kết hôn, được thừa kế riêng chỉ là tài sản chung khi vợ chồng có thỏa thuận.

Tài sản chung của vợ chồng thuộc sở hữu chung hợp nhất”.

Điều 32. Tài sản riêng của vợ, chồng

1. Vợ, chồng có quyền có tài sản riêng.

Tài sản riêng của vợ, chồng gồm tài sản mà mỗi người có trước khi kết hôn; tài sản được thừa kế riêng, được tặng cho riêng trong thời kỳ hôn nhân; tài sản được chia riêng cho vợ, chồng theo quy định tại khoản 1 Điều 29 và Điều 30 của Luật này; đồ dùng, tư trang cá nhân.

2. Vợ, chồng có quyền nhập hoặc không nhập tài sản riêng vào khối tài sản chung”.

Như bạn trình bày, theo di chúc, mảnh đất 50m2 được nhà chồng em gái bạn chia riêng cho người chồng, do đó về nguyên tắc đây được coi là tài sản riêng của người chồng. Mọi sự thỏa thuận liên quan đến mảnh đất này đều phải có sự đồng ý của người chồng, nên việc có chia tài sản này cho con chung của 02 vợ chồng hay không là do người chồng quyết định.",,,,,,,,,
"Tôi xin hỏi: Vợ chồng tôi năm 2006 kết hôn chưa có tài sản gì, đến năm 2007 bố mẹ chồng tôi có mua mảnh đất cho hai vợ chồng và bìa đất mang tên cả hai vợ chồng. Rồi vợ chồng tôi vay mượn tiền anh em bên nội, ngoại còn thiếu vay Ngân hàng để xây nhà cấp 4, song những năm sau chúng tôi trả nợ, nhưng tiền trả nợ là do chồng tôi kiếm tiền trả, một phần ít là tôi trả. Do cuộc sống hàng ngày và đến giờ do mâu thuẫn gia đình và chồng tôi đã đánh tôi và chửi tôi nhiều lần, nhưng lần này chồng tôi ngoài đánh tôi và còn nói sẽ giết chết tôi. Xin hỏi giờ tôi ly hôn thì phần tài sản đất và nhà ở theo luật hôn nhân sẽ phân chia như thế nào để tôi không mất quyền lợi?","Tại điểm 5, khoản 1 Điều 59 Luật hôn nhân và gia đình 2014 có quy định rõ về một trong những nguyên tắc giải quyết tài sản của vợ chồng khi ly hôn là phải “Bảo vệ quyền, lợi ích hợp pháp của vợ, con chưa thành niên, con đã thành niên mất năng lực hành vi dân sự hoặc không có khả năng lao động và không có tài sản để tự nuôi mình”. Do vậy, khi ly hôn, bạn yên tâm vì bạn là người luôn được Tòa án quan tâm bảo vệ quyền và lợi ích.

Cũng tại khoản 1 Điều 33 Luật hôn nhân và gia đình 2014 có quy định về tài sản chung của vợ chồng như sau:“Tài sản chung của vợ chồng gồm tài sản do vợ, chồng tạo ra, thu nhập do lao động, hoạt động sản xuất, kinh doanh, hoa lợi, lợi tức phát sinh từ tài sản riêng và thu nhập hợp pháp khác trong thời kỳ hôn nhân, trừ trường hợp được quy định tại khoản 1 Điều 40 của Luật này; tài sản mà vợ chồng được thừa kế chung hoặc được tặng cho chung và tài sản khác mà vợ chồng thỏa thuận là tài sản chung.

Quyền sử dụng đất mà vợ, chồng có được sau khi kết hôn là tài sản chung của vợ chồng, trừ trường hợp vợ hoặc chồng được thừa kế riêng, được tặng cho riêng hoặc có được thông qua giao dịch bằng tài sản riêng”

Như vậy, mảnh đất mà 2 vợ chồng bạn được bố mẹ chồng cho, lại mang tên cả 2 vợ chồng bạn thì mảnh đất này là tài sản chung của 2 vợ chồng bạn. Khi ly hôn và chia tài sản thì có thể căn cứ vào thỏa thuận của 2 bên vợ chồng hoặc theo quyết định của Tòa án trên cơ sở các quy định của pháp luật. Việc này được quy định rõ trong Điều 59 Luật hôn nhân và gia đình 2014 và Bộ luật dân sự 2005 như sau:

Điều 59 Luật hôn nhân và gia đình 2014

“1. Trong trường hợp chế độ tài sản của vợ chồng theo luật định thì việc giải quyết tài sản do các bên thỏa thuận; nếu không thỏa thuận được thì theo yêu cầu của vợ, chồng hoặc của hai vợ chồng, Tòa án giải quyết theo quy định tại các khoản 2, 3, 4 và 5 Điều này và tại các điều 60, 61, 62, 63 và 64 của Luật này.

...

3. Tài sản chung của vợ chồng được chia bằng hiện vật, nếu không chia được bằng hiện vật thì chia theo giá trị; bên nào nhận phần tài sản bằng hiện vật có giá trị lớn hơn phần mình được hưởng thì phải thanh toán cho bên kia phần chênh lệch....”

Khoản 2, 4 Điều 219 Bộ luật dân sự 2005

”2. Vợ chồng cùng nhau tạo lập, phát triển khối tài sản chung bằng công sức của mỗi người; có quyền ngang nhau trong việc chiếm hữu, sử dụng, định đoạt tài sản chung.

4. Tài sản chung của vợ chồng có thể phân chia theo thoả thuận hoặc theo quyết định của Toà án”

Theo đó, trong trường hợp của bạn nếu 2 vợ chồng không có thỏa thuận gì thì Tòa án sẽ căn cứ vào những quy định nói trên để giải quyết chia tài sản đặc biệt là căn cứ tại khoản 2 Điều 59 Luật hôn nhân và gia đình 2014.",,,,,,,,,
"Ba mẹ tôi kết hôn năm 1983, có 6 con chung. Năm 2011 ba tôi quyết định xây nhà cho anh trai đầu của tôi vì anh đã có nhiều đóng góp cho gia đình, nhưng vì tuổi đời anh cả tôi còn nhỏ nên không đứng tên ngôi nhà. Nay ba má tôi ly hôn, đòi chia ngôi nhà này. Vậy trong trường hợp này, anh tôi có được xem xét công sức đóng góp tạo lập nên khối tài sản là ngôi nhà này không. Nếu có thì anh tôi phải làm như thế nào?","Theo dữ kiện mà bạn nêu thì ngôi nhà vẫn thuộc quyền sở hữu của bố mẹ bạn và là tài sản chung của bố mẹ bạn (vì chưa có giấy tờ chứng minh có việc chuyển quyền sở hữu hay tặng, cho tài sản giữa bố, mẹ bạn với anh của bạn).

Theo quy định tại Điều 59 của Luật hôn nhân và gia đình 2014 về nguyên tắc chia tài sản chung của vợ chồng thì tài sản chung của vợ chồng được chia đôi nhưng có tính đến các yếu tố sau:

- Hoàn cảnh của gia đình và của vợ, chồng;

- Công sức đóng góp của vợ, chồng vào việc tạo lập, duy trì và phát triển khối tài sản chung. Lao động của vợ, chồng trong gia đình được coi như lao động có thu nhập;

- Bảo vệ lợi ích chính đáng của mỗi bên trong sản xuất, kinh doanh và nghề nghiệp để các bên có điều kiện tiếp tục lao động tạo thu nhập;

- Lỗi của mỗi bên trong vi phạm quyền, nghĩa vụ của vợ chồng.

Đồng thời, việc chia tài sản phải bảo đảm quyền, lợi ích hợp pháp của vợ, con chưa thành niên, con đã thành niên mất năng lực hành vi dân sự hoặc không có khả năng lao động và không có tài sản để tự nuôi mình.

Như vậy, nếu anh bạn không thuộc trường hợp nêu trên thì Tòa án không có căn cứ xem xét để bảo vệ quyền, lợi ích của anh bạn; đồng nghĩa với việc anh bạn cũng không có căn cứ yêu cầu xem xét liên quan đến khối tài sản trên (trừ trường hợp bố mẹ bạn có thỏa thuận khác).",,,,,,,,,
"Bố mẹ tôi ly thân hơn 30 mươi năm (bố tôi lấy vợ khác không có đăng ký kết hôn), ông bà nội tôi mất, chuyển nhượng bìa đỏ đất cho bố tôi. Vậy mẹ tôi có được hưởng một nửa số đất do ông bà tôi để lại không? Tài sản của mẹ tôi khi mẹ tôi mất đi bố tôi và con riêng của bố tôi có được hưởng không?","Trường hợp thứ nhất, nếu quyền sử dụng đất mà ông bà nội bạn để lại thừa kế riêng cho bố bạn thì đó là tài sản riêng của bố bạn và mẹ bạn không được hưởng ½ di sản đó.

Căn cứ theo quy định tại khoản 1 Điều 43 Luật Hôn nhân gia đình 2014 xác định tài sản riêng của vợ, chồng như sau: “Tài sản riêng của vợ, chồng gồm tài sản mà mỗi người có trước khi kết hôn; tài sản được thừa kế riêng, được tặng cho riêng trong thời kỳ hôn nhân; tài sản được chia riêng cho vợ, chồng theo quy định tại các điều 38, 39 và 40 của Luật này; tài sản phục vụ nhu cầu thiết yếu của vợ, chồng và tài sản khác mà theo quy định của pháp luật thuộc sở hữu riêng của vợ, chồng”.

Khoản 1 Điều 44 quy định: “Vợ, chồng có quyền chiếm hữu, sử dụng, định đoạt tài sản riêng của mình; nhập hoặc không nhập tài sản riêng vào tài sản chung”.

Trường hợp thứ hai, nếu ông bà bạn để lại thừa kế cho cả bố và mẹ bạn. Mẹ bạn sẽ được thỏa thuận với bố bạn trong chiếm hữu, sử dụng, định đoạt quyền sử dụng đất. Khoản 1 Điều 33 Luật Hôn nhân gia đình 2014 quy định: “Tài sản chung của vợ chồng gồm tài sản do vợ, chồng tạo ra, thu nhập do lao động, hoạt động sản xuất, kinh doanh, hoa lợi, lợi tức phát sinh từ tài sản riêng và thu nhập hợp pháp khác trong thời kỳ hôn nhân, trừ trường hợp được quy định tại khoản 1 Điều 40 của Luật này; tài sản mà vợ chồng được thừa kế chung hoặc được tặng cho chung và tài sản khác mà vợ chồng thỏa thuận là tài sản chung.

Quyền sử dụng đất mà vợ, chồng có được sau khi kết hôn là tài sản chung của vợ chồng, trừ trường hợp vợ hoặc chồng được thừa kế riêng, được tặng cho riêng hoặc có được thông qua giao dịch bằng tài sản riêng”.

Theo quy định của Luật Hôn nhân gia đình 2014, việc định đoạt tài sản chung là bất động sản phải có sự thỏa thuận bằng văn bản của vợ chồng.

Khi mẹ bạn mất đi mà không để lại di chúc, những người thuộc hàng thừa kế thứ nhất theo điểm a khoản 1 Điều 675 BLDS 2005 sẽ được hưởng di sản của mẹ bạn. Đó là: “vợ, chồng, cha đẻ, mẹ đẻ, cha nuôi, mẹ nuôi, con đẻ, con nuôi của người chết”. Như vậy, bố bạn vẫn được hưởng thừa kế vì bố mẹ bạn ly thân mà không phải ly hôn. Theo Luật HNGĐ, hôn nhân chấm dứt khi bản án, quyết định ly hôn có hiệu lực pháp luật. Con riêng của bố không được hưởng di sản thừa kế của mẹ bạn .

Nếu mẹ bạn mất mà để lại di chúc thì những người có tên trong di chúc sẽ được hưởng di sản do mẹ bạn để lại. Tuy nhiên, ngay cả trong trường hợp mẹ bạn không di chúc cho bố bạn được hưởng di sản thừa kế thì bố bạn vẫn có thể được hưởng di sản theo quy định tại Điều 669, Bộ luật dân sự 2005 về người thừa kế không phụ thuộc vào nội dung của di chúc",,,,,,,,,
Tôi có 2 đứa con 16 tuổi và 3 tuổi. Nếu vợ chồng tôi ly hôn thì hai con của chúng tôi có được chia tài sản không?,"Ly hôn là việc chấm dứt quan hệ vợ chồng theo bản án, quyết định có hiệu lực pháp luật của Tòa án (khoản 14 Điều 3 Luật Hôn nhân và gia đình năm 2014).Bên cạnh đó, ly hôn còn làm phát sinh quyền và nghĩa vụ của cha, mẹ và con sau ly hôn cũng như quyền tài sản của hai vợ chồng. Pháp Luật Hôn nhân và gia đình không quy định cha mẹ khi ly hôn phải chia tài sản cho con cái. Việc chia tài sản hay không chia tài sản cho con hoàn toàn thuộc quyền quyết định của cha, mẹ.

Tuy nhiên, pháp luật hôn nhân và gia đình quy định nghĩa vụ trông nom, chăm sóc, nuôi dưỡng, giáo dục con sau ly hôn của cha, mẹ tại các Điều 81, 82, 83 và 84 Luật Hôn nhân gia đình năm 2014. Theo đó, với hai con của anh chị lần lượt là 16 tuổi và 3 tuổi thì anh chị có nghĩa vụ trông nom, chăm sóc, nuôi dưỡng, giáo dục con. Người không trực tiếp nuôi con có nghĩa vụ cấp dưỡng cho con.",,,,,,,,,
"Tôi kết hôn 2008. Năm 2010 cha mẹ tôi cho tôi một số tiền để tôi mua đất. Giấy chứng nhận quyền sử dụng đất đứng tên tôi. Chồng tôi thường xuyên say rượu, đánh tôi và còn lấy cắp sổ đỏ của cha mẹ tôi đem giả chữ ký thế chấp vay tiền ngân hàng (chồng tôi là cán bộ tín dụng ngân hàng). Tôi muốn ly hôn nhưng chồng tôi muốn tranh chấp tài sản. Hành vi giả mạo chữ kí của chồng tôi để vay tiền có vi phạm pháp luật không? Tôi muốn kiện chồng tôi thì phải gửi đến cơ quan nào? Khi ly hôn, tôi có phải chia tài sản (quyền sử dụng đất nêu trên) cho chồng tôi không?","Thứ nhất, về hành vi giả mạo chữ ký thế chấp quyền sử dụng đất vay vốn ngân hàng:

Hành vi giả mạo chữ ký của người khác là trái pháp luật và tùy vào hậu quả có thể bị xử lý vi phạm hành chính. Trong trường hợp có đủ dấu hiệu cấu thành tội phạm thì có thể bị truy cứu trách nhiệm hình sự. Chẳng hạn, hành vi giả mạo chữ ký của người khác để chiếm đoạt tài sản thì có thể phạm tội lừa đảo chiếm đoạt tài sản. Đặc biệt, đối với một người có chức vụ, quyền hạn mà lợi dụng chức vụ, quyền hạn của mình để thực hiện hành vi giả mạo chữ ký của người có chức vụ, quyền hạn nhằm mục đích trục lợi thì sẽ bị truy cứu trách nhiệm hình sự về tội giả mạo trong công tác theo quy định tại khoản 1 Điều 248 Bộ luật Hình sự năm 1999 được sửa đổi, bổ sung một số điều năm 2009.

Căn cứ các quy định trên, cha, mẹ của chị có quyền khởi kiện ra Tòa án đề nghị tòa tuyên hợp đồng thế chấp nêu trên vô hiệu theo quy định tại Điều 132 Bộ luật Dân sự 2005 về giao dịch dân sự vô hiệu do bị lừa dối. Cụ thể: ""Khi một bên tham gia giao dịch dân sự do bị lừa dối hoặc bị đe dọa thì có quyền yêu cầu Toà án tuyên bố giao dịch dân sự đó là vô hiệu.

Lừa dối trong giao dịch là hành vi cố ý của một bên hoặc của người thứ ba nhằm làm cho bên kia hiểu sai lệch về chủ thể, tính chất của đối tượng hoặc nội dung của giao dịch dân sự nên đã xác lập giao dịch đó"".

Ngoài ra, ngân hàng có thể khởi kiện chồng chị về tội lừa đảo, chiếm đoạt tài sản theo quy định tại Điều 139 Bộ luật Hình sự năm 1999 sửa đổi, bổ sung một số điều năm 2009 (hành vi của chồng chị đã thỏa mãn các dấu hiệu khách quan của tội lừa đảo chiếm đoạt tài sản, đó là hành vi chiếm đoạt tài sản, và chiếm đoạt bằng thủ đoạn gian dối).

Thứ hai, khi ly hôn có phải chia tài sản không?

Theo chị trình bày thì mảnh đất được mua từ số tiền cha mẹ chị cho chị và quyền sử dụng đất hiện đang đứng tên chị. Tuy nhiên, tài sản này lại được hình hành trong thời kỳ hôn nhân. Vì vậy, căn cứ khoản 1 Điều 33 Luật Hôn nhân và gia đình năm 2014 thì quyền sử dụng đất mà vợ, chồng có được sau khi kết hôn là tài sản chung của vợ chồng, trừ trường hợp vợ hoặc chồng được thừa kế riêng, được tặng cho riêng hoặc có được thông qua giao dịch bằng tài sản riêng.

Như vậy, chị cần phải chứng minh tài sản trên được tặng cho riêng thông qua hợp đồng tặng cho quyền sử dụng đất theo quy định của pháp luật. Trong trường hợp không có căn cứ để chứng minh tài sản trênlà tài sản riêng của chị thì tài sản đó được coi là tài sản chung và được chia theo thỏa thuận của hai vợ chồng hoặc theo quy định tại khoản 2 Điều 59 Luật Hôn nhân và gia đình năm 2014.",,,,,,,,,
"Kính chào luật sư! Em xin phép hỏi luật sư như sau ạh: anh chị em đã ly hôn, đã có quyết định của tòa án. Trong phần phân chia tài sản tòa tuyên án là do 2 vợ chồng tự thỏa thuận. Anh chị e có 2 thửa đất mang tên 2 vợ chồng, giờ anh rể em muốn bán 1 thửa đất, chị e đi xa không còn ở địa phương (vẫn có thể liên lạc được nhưng chị em không muốn gặp anh rể nữa). Em muốn hỏi luật sư là anh em có thể bán đất mà không cần chị e ký không?","Đây là tài sản chung của anh và chị bạn, chị bạn là chủ sở hữu chung mảnh đất này nên chị bạn có quyền ủy quyền cho bạn thực hiện các công việc có liên quan như: Đàm phán, ký kết và thực hiện hợp đồng mua bán, hợp đồng đặt cọc, nhận tiền và thực hiện các thủ tục khác để hoàn thành việc chuyển nhượng phần diện tích quyền sử dụng đất của chị bạn có trong khối tài sản chung với anh bạn. Bạn đến Cơ quan công chứng lập Hợp đồng ủy quyền từ chị bạn sang cho bạn. Phạm vi ủy quyền như tôi nói ở trên.",,,,,,,,,
"Trước khi kết hôn, ba mẹ tôi đều có tài sản riêng (mẹ tôi nhiều hơn), sau khi kết hôn ba mẹ tôi lên bình phước làm ăn và có mua 1 số đất để canh tác nông nghiệp, nay do tình hình làm ăn không tốt đẹp mẹ tôi không muốn làm nữa nhưng bố tôi không đồng ý. Cho tôi hỏi nếu mẹ tôi muốn ly hôn thì tài sản sẽ phân chia như thế nào. và có ảnh hưởng gì nếu đất do bố tôi đứng tên. Và thời gian từ lúc làm đơn ly hôn cho đến lúc phân chia tài sản là bao lâu. Và cho tôi hỏi nếu ly hôn thì con cái của bố mẹ tôi có phần không, con chung và con riêng của mỗi người.","Theo luật HNGĐ thì tài sản của vợ chồng trong thời kỳ hôn nhân hoặc tài sản riêng của vợ hoặc chồng có trước, trong thời kỳ hôn nhân mà hai bên thỏa thuận nhập làm tài sản chung thì khi ly hôn sẽ phải chia đôi (căn cứ theo công sức của mỗi bên đối với việc hình thành tài sản để phân chia). Tài sản riêng của vợ chồng mà không thỏa thuận nhập vào tài sản chung thì tài sản của ai thì vẫn thuộc về người đó. Con đã thành niên, con đẻ và con nuôi, con trong dã thú, con ngoài dã thú có công sức trong việc hình thành tài sản thì được xem xét chia tài sản khi cha mẹ ly hôn.",,,,,,,,,
"Ba mẹ tôi có Quyết định công nhận thuận tình ly hôn (năm 2002): mẹ tôi nuôi cả 03 chị em tôi; về tài sản chung hai bên không yêu cầu nên Tòa án không giải quyết. Ngay sau khi ly hôn, ba và mẹ thỏa thuận miệng với nhau là mẹ nhận phần đất đai và nhà cửa đang ở, còn ba nhận các tài sản khác (máy móc, đồ dùng gia đình ...). Ba tôi đã bán tất cả các tài sản phần của ba tôi và bỏ đi biệt tích từ đó đến nay, không liên lạc gì với mẹ con chúng tôi. Nay mẹ tôi đã già yếu và muốn chia đất đai cho 03 chị em chúng tôi. Tuy nhiên, khi chúng tôi liên hệ với Văn phòng đăng ký quyền sử dụng đất để thực hiện tách Sổ đỏ thì được trả lời là chưa thể tách được, bởi vì trong Sổ đỏ đứng tên cả mẹ và ba tôi. Vậy chúng tôi phải thực hiện thủ tục như thế nào để mẹ tôi có thể chia đất đai cho 03 chị em chúng tôi? Xin cảm ơn Luật sư.","Do khi giải quyết ly hôn, bạ mẹ bạn không yêu cầu tòa án chia tài sản nên tòa án không giải quyết phần tài sản và vì vậy, tài sản vẫn là của chung ba mẹ bạn sau ly hôn. Sau đó, bạ mẹ bạn đã tự thỏa thuận phân chia theo như bạn trình bày và ba bạn đã nhận lấy và bán toàn bộ phần tài sản của mình để đi nơi khác sinh sống. Tuy nhiên, nhà và đất do mẹ bạn nhận thấy chưa tiến hành thủ tục sang tên nên vẫn còn tên của ba bạn trong đó nên hiện nay muốn tặng cho các con thì cả ba và mẹ bạn phải cùng ký giấy thì mới có thể tiến hành được các thủ tục theo quy định.

Do vậy, các con muốn tiến hành thủ tục tặng cho, tách sổ thì phải liên hệ tìm ba của mình về để làm thủ tục. Luật sư tin rằng ba của bạn chỉ l;à đi nơi khác sinh sống hoặc đã có gia đình mới mà vì thể diện lâu nay ba và mẹ bạn không còn liên lạc với nhau còn các bạn là con cũng quá...vô  tình đến nỗi không biết ba mình hiện ở đâu, ra sao, nay nếu đi tìm chỉ vì muốn ba làm thủ tục về tài sản cho mình thì sợ ..khó ăn nói.

Trường hợp ba bạn nếu đã chết thì phải có giấy khai tử để tiến hành thủ tục khai nhận di sản thừa kế và phân chia tài sản cho các bạn theo ý nguyện của mẹ",,,,,,,,,
"Tại Bản án số 24/2010/DSPT ngày 27/05/2010 của TAND tỉnh Bắc Ninh về việc ly hôn. Theo bản án chị Lê Thị Quýt được sở hữu, sử dụng 01 ngôi nhà cấp bốn nằm trên diện tích 60m2 đã được cấp giấy chứng nhận quyền sử dụng đất mang tên anh Trần Văn Toàn, nhưng phải trích trả anh Trần Văn Toàn số tiền chênh lệch chia tài sản là: 217.328.000đ. Ngày 01/07/2010 anh Trần Văn Toàn có đơn đề nghị đến cơ quan thi hành án dân sự thi hành số tiền 217.328.000đ. Cơ quan thi hành án đã nhiều lần đôn đốc thuyết phục chị Quýt thi hành số tiền trên nhưng chị Quýt không tự nguyện thi hành. Vậy, cơ quan thi hành án có thể kê biên cưỡng chế thửa đất trên để đảm bảo cho việc thi hành án hay không?","Trong trường hợp bạn hỏi, bản án của Tòa án đã quyết định chị Lê Thị Quýt được sở hữu, sử dụng 01 ngôi nhà cấp bốn nằm trên diện tích 60m2, thì như vậy tài sản này của chị Quýt. Chị Quýt phải thi hành nghĩa vụ trả tiền trích trả anh Trần Văn Toàn số tiền chênh lệch chia tài sản là 217.328.000 đồng. Anh Toàn đã có đơn yêu cầu thi hành án, cơ quan thi hành án đã nhiều lần đôn đốc, thuyết phục chị Quýt thi hành số tiền trên nhưng chị Quýt không tự nguyện thi hành án, thì Chấp hành viên cơ quan thi hành án dân sự có quyền kê biên tài sản mà Tòa án đã xác định tài sản đó là của người phải thi hành án để đảm bảo thi hành án.

Tuy nhiên, cần lưu ý là theo quy định tại khoản 1 Điều 95 Luật Thi hành án dân sự năm 2008 thì việc kê biên nhà ở là nơi ở duy nhất của người phải thi hành án và gia đình chỉ được thực hiện sau khi xác định người đó không có các tài sản khác hoặc có nhưng không đủ để thi hành án, trừ trường hợp người phải thi hành án đồng ý kê biên nhà ởđể thi hành án",,,,,,,,,
Mẹ tôi làm việc ở nước ngoài 12 nam. Trong thời gian đó mẹ tôi có gửi tiền về cho ba tôi mua 3 lô đất. Và một số tiền mặt. Tất cả 3 lô đất và tiền mặt đều đứng tên ba tôi. Nhưng ba tôi không hề đóng gop một chút tiền nào de mua. Nếu mẹ tôi muốn ly di. Liệu mẹ tôi có đòi lại được số tài sản trên cho riêng mình hay không. Hay phải chia đôi cho ba tôi.,"Đây không phải là tài sản riêng mà đây chính là tài sản chung trong thời kỳ hôn nhân của bố mẹ bạn, do đó việc chia tài sản chung trong thời kỳ hôn nhân phải theo quy định của pháp luật có nghĩa là được đem ra chia theo nguyên tắc 50/50.",,,,,,,,,
"Tôi có một căn nhà 4 tầng và 2 đứa con 1 con gái 16 tuổi và 1 con trai 13 tuổi. Mảnh đất đó bố mạ chồng tôi cho nay vợ chồng tôi đã có sổ đỏ. Nhưng vì bây giờ do không hợp nhau 2 bên đã thuận tình li hôn nhưng tôi li hôn trước chia tài sản sau. Tôi xin hỏi luật sư phải có những thủ tục gì để hợp pháp và giải quyết nhanh nhất có thể, và mẹ chồng tôi có thể đòi lại mảnh đất đó được không? Rất mong nhận được sự giúp đỡ của luật sư!!!","Do mảnh đất và căn nhà hiện nay vợ chồng bạn đang đứng tên nên khi ly hôn vợ chồng bạn có quyền yêu cầu tòa án không giải quyết vấn đề phân chia tài sản, bạn chỉ cần để trong đơn là tài sản chung tự giải quyết. Khi đó tòa án sẽ giải quyết yêu cầu ly hôn của vợ chồng bạn mà không giải quyết việc phân chia tài sản. Sau này bạn có thể yêu cầu tòa án giải quyết việc phân chia tài sản chung bằng 1 vụ án khác nếu hai người không thể thỏa thuận được. Mẹ chồng bạn không thể đòi lại mảnh đất đã cho do hiện nay bà không phải là chủ sở hữu của mảnh đất nữa (đã chuyển quyền sở hữu).",,,,,,,,,
"Kính thưa Luật sư. Ba má chồng tôi đã ly hôn. Trước đám cưới của tôi và chồng, ba má quyết định bán căn nhà để mua 2 căn nhà: 1 cho vợ chồng, ba tôi ; 1 căn nhà khác cho nhỏ em chồng và má. Nhưng khi bán nhà, má tôi giữ hết tiền và quản lý tất cả các căn nhà mua (đứng tên chủ hộ), không cho ba tôi vào hộ khẩu nhà nào (bây giờ hơn 1 năm ba vẫn không có hộ khẩu). Vậy nếu ba khởi kiện đòi chia tài sản (1/2 giá trị căn nhà đã bán) sẽ được xử như thế nào? Căn nhà trước má đứng tên chủ hộ, nhưng đó là công sức của cả 2 người, trước khi cưới 2 người không có nhà. Xin chân thành cám ơn!","Theo như bạn trình bày thì căn nhà bán đi là của ba má bạn. Trường hợp này, nếu không có tình tiết gì khác thì mỗi người được 1/2 căn nhà hoặc giá trị căn nhà và khi đó có đưa ra toà thì về nguyên tắc chung, người ta sẽ xử như thế. Tuy nhiên, tình thế hiện nay giữa các bên có lẽ đã thay đổi sau khi má bạn ""giữ hết tiền và quả lý tất cả các căn nhà mua"". Lúc này, ba bạn lại phải chứng minh số tiền và các căn nhà mua đó là từ vụ bán nhà trước. Việc chứng minh này khó khăn hơn rất nhiều so với trường hợp tôi đề cập phía trên. Vì vậy, không thể kết luận chính xác là toà sẽ xử như thế nào được. Theo quy định về tố tụng, toà án ra phán quyết dựa trên chứng cứ được cung cấp hoặc toà thu thập và kết quả chứng minh của các bên.",,,,,,,,,
"Khi ly hôn, việc chia tài sản của vợ chồng được thực hiện như thế nào?","Tài sản riêng của bên nào thì thuộc quyền sở hữu của bên đó.

Việc chia tài sản khi ly hôn do các bên thoả thuận; nếu không thoả thuận được thì yêu cầu Toà án giải quyết trên cơ sở sau:

- Tài sản chung của vợ chồng về nguyên tắc được chia đôi, nhưng có xem xét hoàn cảnh của mỗi bên, tình trạng tài sản, công sức đóng góp của mỗi bên vào việc tạo lập, duy trì, phát triển tài sản này.

Lao động của vợ, chồng trong gia đình được coi như lao động có thu nhập;

- Bảo vệ quyền, lợi ích hợp pháp của vợ, con chưa thành niên hoặc đã thành niên bị tàn tật, mất năng lực hành vi dân sự, không có khả năng lao động và không có tài sản để tự nuôi mình;

- Bảo vệ lợi ích chính đáng của mỗi bên trong sản xuất, kinh doanh và nghề nghiệp để các bên có điều kiện tiếp tục lao động tạo thu nhập;

Tài sản chung của vợ chồng được chia bằng hiện vật hoặc theo giá trị; bên nào nhận phần tài sản bằng hiện vật có giá trị lớn hơn phần mình được hưởng thì phải thanh toán cho bên kia phần giá trị chênh lệch.

Việc thanh toán nghĩa vụ chung về tài sản của vợ, chồng do vợ, chồng thoả thuận; nếu không thoả thuận được thì yêu cầu Toà án giải quyết.",,,,,,,,,
"Các bác luật gia cho em hỏi: Em kết hôn năm 1995, bố mẹ có cho 1 khuôn đất nhưng chưa có giấy chứng nhận quyền sử dụng đất. Mãi đến năm 2009 em mới làm xong giấy chứng nhận quyền sử dụng nhà đất đứng tên mình em (không có tên vợ trong giấy, nhà xây năm 2000). bây giờ ly dị căn nhà đất đó được toà sử chia đôi. Vậy bố em có quyền lấy lại đất đã cho không? Nhà được coi là tài sản chung của 2 vợ chồng, vậy đất có được coi là tài sản riêng của chồng không?","Công ty Luật Cương Lĩnh xin trả lời câu hỏi như sau:

Điều 27 Luật Hôn nhân và gia đình năm 2000 quy định về tài sản chung của vợ chồng như sau:

1. Tài sản chung của vợ chồng gồm tài sản do vợ, chồng tạo ra, thu nhập do lao động, hoạt động sản xuất, kinh doanh và những thu nhập hợp pháp khác của vợ chồng trong thời kỳ hôn nhân; tài sản mà vợ chồng được thừa kế chung hoặc được tặng cho chung và những tài sản khác mà vợ chồng thỏa thuận là tài sản chung.

Quyền sử dụng đất mà vợ chồng có được sau khi kết hôn là tài sản chung của vợ chồng. Quyền sử dụng đất mà vợ hoặc chồng có được trước khi kết hôn, được thừa kế riêng chỉ là tài sản chung khi vợ chồng có thỏa thuận.

Tài sản chung của vợ chồng thuộc sở hữu chung hợp nhất.

2. Trong trường hợp tài sản thuộc sở hữu chung của vợ chồng mà pháp luật quy định phải đăng ký quyền sở hữu thì trong giấy chứng nhận quyền sở hữu phải ghi tên của cả vợ chồng.

3. Trong trường hợp không có chứng cứ chứng minh tài sản mà vợ, chồng đang có tranh chấp là tài sản riêng của mỗi bên thì tài sản đó là tài sản chung”.

Theo đó, điểm b mục 3 Nghị quyết số 02/2000/NQ-HĐTP ngày 23/12/2000 của Hội đồng thẩm phán Toà án nhân dân tối cao, hướng dẫn áp dụng một số quy định của Luật Hôn nhân và gia đình năm 2000 quy định cụ thể:

“Trong trường hợp tài sản do vợ, chồng có được trong thời kỳ hôn nhân mà pháp luật quy định phải đăng ký quyền sở hữu, nhưng trong giấy chứng nhận quyền sở hữu chỉ ghi tên của vợ hoặc chồng, nếu không có tranh chấp thì đó là tài sản chung của vợ chồng; nếu có tranh chấp là tài sản riêng thì người có tên trong giấy chứng nhận quyền sở hữu phải chứng minh được tài sản này do được thừa kế riêng, được tặng riêng trong thời kỳ hôn nhân hoặc tài sản này có được từ nguồn tài sản riêng quy định tại khoản 1 Điều 32 Luật Hôn nhân và gia đình năm 2000. Trong trường hợp không chứng minh được tài sản đang có tranh chấp này là tài sản riêng thì theo quy định tại khoản 3 Điều 27 Luật này, tài sản đó là tài sản chung của vợ chồng”.

Như vậy, trường hợp các tài sản có giá trị lớn hình thành trong thời kỳ hôn nhân thì được coi là tài sản chung của vợ chồng. Nếu phát sinh tranh chấp đối với khối tài sản này, bạn phải có nghĩa vụ chứng minh tài sản này là tài sản riêng theo quy định viện dẫn ở trên.

Khi giải quyết ly hôn tại Tòa án, bạn cần liệt kê rõ các tài sản chung của vợ chồng. Theo đó, bạn yêu cầu Tòa án xác định giá trị khối tài sản chung và phân chia khối tài sản này theo các nguyên tắc quy định tại Điều 95 Luật Hôn nhân và gia đình năm 2000.

Như vậy, đối với mảnh đất chỉ mang tên bạn nếu vợ chồng bạn có tranh chấp thì bạn cần phải chứng mình được miếng đất đấy là do bố mẹ bạn cho tặng riêng bạn thì đấy được coi là tài sản riêng của bạn.",,,,,,,,,
"Theo tôi được biết, khi ly hôn, tài sản chung của vợ, chồng sẽ chia đôi. Tuy nhiên, tôi có một vấn đề thắc mắc đó là những tài sản đứng tên một người vợ hoặc chồng khi ly hôn có được xem là tài sản chung ? Việc xác định tài sản có trong thời kỳ hôn nhân là tài sản riêng hay tài sản chung của vợ chồng phải phải căn cứ vào đâu?.","Cám ơn bạn đã gửi câu hỏi của mình đến trang Tư Vấn của báo Đời Sống & Pháp Luật. Với thắc mắc của bạn, xin được đưa ra quan điểm tư vấn như sau:

Tài sản chung của vợ chồng bao gồm: (Khoản 1, điều 33, Luật Hôn nhân và Gia đình 2014)

Tài sản do vợ, chồng tạo ra, thu nhập do lao động, hoạt động sản xuất, kinh doanh, hoa lợi, lợi tức phát sinh từ tài sản riêng và thu nhập hợp pháp khác trong thời kỳ hôn nhân.

Tài sản mà vợ chồng được thừa kế chung hoặc được tặng cho chung và tài sản khác mà vợ chồng thỏa thuận là tài sản chung.

Trong trường hợp chia tài sản chung của vợ chồng thì phần tài sản được chia, hoa lợi, lợi tức phát sinh từ tài sản riêng của mỗi bên sau khi chia tài sản chung là tài sản riêng của vợ, chồng, trừ trường hợp vợ chồng có thỏa thuận khác. Phần tài sản còn lại không chia vẫn là tài sản chung của vợ chồng (Khoản 1, điều 40, Luật Hôn nhân và Gia đình 2014)

Quyền sử dụng đất mà vợ, chồng có được sau khi kết hôn là tài sản chung của vợ chồng, trừ trường hợp vợ hoặc chồng được thừa kế riêng, được tặng cho riêng hoặc có được thông qua giao dịch bằng tài sản riêng (Khoản 3, điều 33, Luật Hôn nhân và Gia đình 2014)

Điều 34, Luật Hôn nhân và Gia đình 2014 về Đăng ký quyền sở hữu, quyền sử dụng đối với tài sản chung quy định:

Trong trường hợp tài sản thuộc sở hữu chung của vợ chồng mà pháp luật quy định phải đăng ký quyền sở hữu, quyền sử dụng thì giấy chứng nhận quyền sở hữu, giấy chứng nhận quyền sử dụng phải ghi tên cả hai vợ chồng, trừ trường hợp vợ chồng có thỏa thuận khác.

Trong trường hợp giấy chứng nhận quyền sở hữu, giấy chứng nhận quyền sử dụng tài sản chỉ ghi tên một bên vợ hoặc chồng thì giao dịch liên quan đến tài sản này được thực hiện theo quy định tại Điều 26 của Luật Hôn nhân và Gia đình 2014; nếu có tranh chấp về tài sản đó thì được giải quyết theo quy định tại khoản 3 Điều 33 của Luật Hôn nhân và Gia đình 2014.

Trong trường hợp không có căn cứ để chứng minh tài sản mà vợ, chồng đang có tranh chấp là tài sản riêng của mỗi bên thì tài sản đó được coi là tài sản chung (Khoản 3, điều 33, Luật Hôn nhân và Gia đình 2014)

Như vậy, việc xác định tài sản có trong thời kỳ hôn nhân là tài sản riêng hay tài sản chung của vợ chồng phải căn cứ nguồn gốc tạo dựng tài sản đó chứ không phải căn cứ người thực hiện giao dịch hay người đứng tên trên các giấy tờ sở hữu/sử dụng. Tài sản hình thành trong thời kỳ hôn nhân, chỉ đứng tên một người, người đó không chứng minh được tài sản riêng như tặng cho riêng, thừa kế riêng, hình thành từ nguồn tài sản riêng… thì vẫn được xác định là tài sản chung vợ chồng.

Hy vọng rằng sự tư vấn sẽ giúp bạn lựa chọn phương án thích hợp nhất để giải quyết những vướng mắc của bạn. Nếu còn bất cứ thắc mắc gì xin gửi về báo Đời sống & Pháp luật.

Luật gia Đồng Xuân Thuận",,,,,,,,,
"Vợ chưa nhập hộ khẩu nhà chồng, ly hôn được chia tài sản thế nào?","Theo quy định của pháp luật thì tài sản và con chung sau khi ly hôn được chia theo nguyên tắc quy định tại Luật hôn nhân gia đình như sau:

Quyền nuôi con sau ly hôn như sau:

Vợ, chồng thoả thuận về người trực tiếp nuôi con, quyền và nghĩa vụ của mỗi bên sau khi ly hôn đối với con; nếu không thoả thuận được thì Toà án quyết định giao con cho một bên trực tiếp nuôi căn cứ vào quyền lợi về mọi mặt của con; nếu con từ đủ chín tuổi trở lên thì phải xem xét nguyện vọng của con.

Về nguyên tắc, con dưới ba tuổi được giao cho mẹ trực tiếp nuôi, nếu các bên không có thoả thuận khác.

Như vậy sau khi ly hôn quyền nuôi con sẽ do hai vợ chồng trực tiếp thỏa thuận nếu không thỏa thuận được thì tòa án sẽ giao con trực tiếp cho một bên nuôi căn cứ vào quyền lợi về mọi mặt của con, con dưới 3 tuổi sẽ giao cho mẹ nuôi, con từ đủ 9 tuổi trở lên phải xem xét nguyện vọng của con.

[Vợ chưa nhập hộ khẩu nhà chồng, ly hôn được chia tài sản thế nào? - Ảnh 1]

Vợ chồng không chung hộ khẩu có ảnh hưởng đến việc chia tài sản khi ly hôn?

Về nguyên tắc chia tài sản chung sau ly hôn được chia theo nguyên tắc sau:

1. Việc chia tài sản khi ly hôn do các bên thoả thuận; nếu không thoả thuận được thì yêu cầu Toà án giải quyết. Tài sản riêng của bên nào thì thuộc quyền sở hữu của bên đó.

2. Việc chia tài sản chung được giải quyết theo các nguyên tắc sau đây:

a) Tài sản chung của vợ chồng về nguyên tắc được chia đôi, nhưng có xem xét hoàn cảnh của mỗi bên, tình trạng tài sản, công sức đóng góp của mỗi bên vào việc tạo lập, duy trì, phát triển tài sản này. Lao động của vợ, chồng trong gia đình được coi như lao động có thu nhập;

b) Bảo vệ quyền, lợi ích hợp pháp của vợ, con chưa thành niên hoặc đã thành niên bị tàn tật, mất năng lực hành vi dân sự, không có khả năng lao động và không có tài sản để tự nuôi mình;

c) Bảo vệ lợi ích chính đáng của mỗi bên trong sản xuất, kinh doanh và nghề nghiệp để các bên có điều kiện tiếp tục lao động tạo thu nhập;

d) Tài sản chung của vợ chồng được chia bằng hiện vật hoặc theo giá trị; bên nào nhận phần tài sản bằng hiện vật có giá trị lớn hơn phần mình được hưởng thì phải thanh toán cho bên kia phần giá trị chênh lệch.

3. Việc thanh toán nghĩa vụ chung về tài sản của vợ, chồng do vợ, chồng thoả thuận; nếu không thoả thuận được thì yêu cầu Toà án giải quyết.

Như vậy tài sản chung của hai vợ chồng sẽ do hai bên tự thỏa thuận nếu không thỏa thuận được thì yêu cầu tòa án giải quyết về nguyên tắc tài sản riêng của ai thì thuộc quyền sở hữu của người đó, tài sản chung được chia đôi có tính đến công sức đóng góp của mỗi bên.

Như vậy việc không có tên trong hộ khẩu gia đình để không có ảnh hưởng gì đến quyền lợi về tài sản và con chung sau khi ly hôn với chồng hoặc chồng.

Luật gia Đồng xuân Thuận",,,,,,,,,
"Tôi xin hỏi luật sư: 
 
Bố tôi có mảnh đất, cho 3 anh làm nhà trên đất đó. Khi vợ chồng anh thứ 3 xảy ra ly hôn, cô vợ mún tranh giành lô đất sắp mua cho tôi. Đã 4 năm nay anh trai tôi chưa trả tiền đền bù ly hôn, vậy tiền đền bù sau ly hôn đó co phải tính lãi suất không? Bây giờ cô vợ đó đòi chia mảnh đất mà đã xây nhà trên đó. 
 
Xin luật sư cho tôi hỏi, đất thuộc quyền sở hữu của bố tôi chưa chuyển quyền sở hữu cho anh trai tôi thì có bị phân chia không. Bố tôi có quyền không chia tài sản cho người con bất hiếu không? Vì cô con dâu này ác độc quá, vì tranh giành đất đai với tôi mà không nghe lời Chồng mình, đi nghe lời bố mẹ đẻ. Kiện cả Chồng, và gia đình tôi. Xin Luật sư giúp đỡ tôi. 
 
Tôi xin cảm ơn!","Chào bạn ! Tôi không rõ về nội dung bạn trình bày nên chỉ có thể góp ý như sau : 1. Các khoản tiền đền bù, trợ cấp, hỗ trợ v.v... nếu đã có bản án của Tòa thì sau thời gian cho phép người chậm thi hành án sẽ chịu lãi suất theo quy định. 2. Đất do cha mẹ cho riêng con thì là tài sản riêng của người con, vợ (hoặc chồng ) không có quyền tranh chấp, nếu cho cả 2 thì cả 2 có quyền lợi như nhau. Tuy nhiên dù là riêng hay chung thì phần xây dựng nhà trên đất được tạo lập sau thời kỳ hôn nhân thì thuộc sở hữu cả 2 vợ chồng nên phải phân chia khi có yêu cầu.. 3. Bố bạn còn minh mẫn và có tài sản riêng thì ông có toàn quyền định đoạt tài sản của mình kể cả việc chia hay không chia cho bất cứ ai. Nhưng cần lưu ý là nếu như ông qua đời mà tài sản vẫn chưa định đoạt hoặc để lại di chúc thì tài sản đó sẽ trở thành di sản và được chia cho các thừa kế ( kể cà người con kia ). Thân !!!",,,,,,,,,
"Kính chào luật sư. Mong luật sư  tư vấn giúp tôi về việc tranh chấp tài sản. Thưa luật sư Cô tôi hiện là việt kiều Mỹ, cô định cư ở Mỹ đã hơn 15 năm. Trước khi đi Mỹ cô có sở hữu một ngôi nhà (đang chờ nhà nước hóa giá). Khi cô đi thì ngôi nhà đó do con trai cô ở (đã có vợ). Khi nhà nước hóa giá thì con cô và vợ của anh này làm thủ tục hóa giá và giấy tờ nhà đất đứng tên hai người. Đến năm 2004 hai người này di hôn (trong đơn ly hôn không đề cập đến việc phân chia tài sản). Nay chị vợ của anh trai tôi đòi phân chia tài sản. 1. Cô tôi hiện không có giấy tờ chứng minh nhà của cô tôi (do người bán nhà cho cô tôi không còn nữa). Nhưng mọi người xung quanh, và chính quyền địa phương có thể làm chứng đây là nhà của cô tôi. Khi cô tôi đi đinh cư bên Mỹ vẫn chưa làm thủ tục rút quốc tịch Việt Nam. 2. Vợ chồng anh Trai con cô tôi có với nhau 2 đứa con, 1 trai trên 18 tuổi, 1 gái dưới 18 tuổi. Mong luật sư tư vấn giúp: 1. Việc chị dâu tôi đòi chia tài sản có hợp lý không, vì đây không phải là tài sản của chị làm ra, đây là công sức của cô và vượn tôi, bây giờ chia cho chị chúng tôi thấy rất đau lòng 2. Khi việc này đưa ra tòa án anh Trai tôi có khả năng thắng kiện không? 3. Hiện gia đình cô tôi đồng ý thỏa thuận chia co chị dâu khoản 1/4 giá trị căn nhà, nhưng chị ấy không chịu chị đồi phải chia 1/2 giá trị căn nhà. Nếu vụ việc này đưa ra tòa, mong luật sư cho gia đình chúng tôi biết chi phí khoản bao nhiêu, và nếu gia đình chúng tôi nhờ luật sư theo vụ kiện này thì chi phí khoản bao nhiêu? Mong luật sư tư vấn và giúp cho gia đình chúng tôi Chân thành cảm ơn luật sư",Thân ái chào bạn !!!,,,,,,,,,
"Nhờ luật sư tư vấn dùm trong trường hợp nhà em như sau: Nhà em hiện nay gồm 4 người: bố, mẹ, chị và em đang sống trong căn nhà do bố và mẹ em cùng đứng tên. Trước đây bố em có 1 đời vợ và có với người này 4 người con, họ đã ra ở riêng từ lâu và không có liên quan gi đến tài sản (căn nhà) của bố mẹ em sau này. Em có một số điều không rõ nhờ luật sư vân dùm em: 1. Nếu bố mẹ em chết đi mà không để lại di chúc thì nguời vợ trước và các con của người vợ trước có được hưởng tài sản của bố em hay không? Và nếu được thì được bao nhiêu giá trị căn nhà? 2. Nếu mẹ em mất truớc và có để lại di chúc cho căn nhà cho 2 chị em thì bố em có quyền bán căn nhà đó mà không cần sự đồng ý của 2 chị em em hay không? 3. Mẹ em có quyền đơn phương sang nhượng lại quyền sở hữu nửa căn nhà cho 2 chị em mà không cần sự đồng ý của bố em đuợc không? Nếu được thì thủ tục làm sao? Xin trân trọng cám ơn luật sư","Chào bạn! Căn nhà do bố mẹ bạn cùng đứng tên nên mỗi người sở hữu 50% giá trị căn nhà, vì thế nếu bố bạn mất thì 50% đó sẽ là di sản của ông và được chia đều cho các người thừa kế bao gồm 2 chị em bạn và 4 người con riêng của bố bạn, riêng mẹ bạn và bà vợ trước của ông thì phải xem xét ai là vợ hợp pháp (hoặc đã ly hôn hợp pháp) để xác định người thừa kế. Trong trường hợp mẹ bạn mất trước thì 50% của bà sẽ do bố bạn và 2 chị em bạn thừa hưởng, do đó bố bạn muốn bán nhà thì phải có sự đồng ý của chị em bạn và cũng vì vậy hiện nay mẹ bạn cũng chỉ có thể sang nhượng 50% căn nhà cho chị em bạn, muốn chuyển nhượng toàn bộ thì phải có sự chấp thuận của bố bạn. Thân ái !!!",,,,,,,,,
"Hiện nay, bố em đang dạy học tại nước ngoài từ 3,4 năm nay. Trước đó, bố e đã từng làm viện trưởng một trong những viện hàng đầu về CNTT tại Việt Nam. Em sinh năm 1991, đang là sinh viên tại Việt Nam. Và anh trai em sinh năm 1987 hiện đang học tại Pháp. Gần đây, bố e đã gửi đơn ly hôn về cho mẹ em, và thụ lý vụ án xin ly hôn này là 1 Tòa án nhân dân cấp QUẬN tại Hà Nội. Trong đơn xin ly hôn, bố em yêu cầu chia 1 nửa ngôi nhà hiện nay với lý lẽ là sổ đỏ làm năm 2003 có tên cả bố và mẹ em. Nhưng thực tế, mảnh đất để xây ngôi nhà đó là do ông bà ngoại em mua năm 1992 và cho riêng một mình mẹ em (có đủ giấy tờ mua đất và cho đất). Những người trước đây bán đất cho ông bà ngoại em và bà tổ trưởng tổ dân phố khi đó có mặt trong lúc mua bán vẫn còn sống và sẵn sàng ra tòa làm chứng. Nhưng tại các buổi làm việc tại tòa, bố em luôn nói không cần quan tâm đến nguồn gốc đất, chỉ cần biết sổ đỏ có tên 2 người. Do vậy phải chia đôi. Ông bà ngoại em thì muốn đòi lại mảnh đất trong trường hợp phải ly hôn vì mẹ em tự nhập tên bố em vào sổ đỏ mà không hỏi í kiến ông bà và cũng không có giấy tờ xác nhận nhập tài sản riêng vào tài sản chung khi làm hồ sơ sổ đỏ năm 2003.  Nếu em không nhầm thì vì bố em đang làm việc dài hạn tại nước ngoài nên tòa án cấp QUẬN không thể thụ lý vụ án này. Do vậy, nếu vẫn cố tính xử án thì thẩm phán vụ án này đã vượt quá thẩm quyền cho phép phải không ạ?! Mong  luật sư tư vấn cho em với ạ.","Chào bạn! Về thẩm quyền xét xử vụ việc trên, nếu xét thấy có yếu tố nước ngòai thì tòa cấp quận phải chuyển hồ sơ lên tòa cấp tỉnh. Tuy nhiên trường hợp này có thể do bố em không đề cập tới vấn đề đang làm việc tại nước ngòai cho tòa biết hoặc chỉ là dạng làm việc có thời hạn thì vẫn thuộc thẩm quyền của tòa cấp quận. Về vấn đề chia tài sản riêng. Nếu ông bà cho mẹ em đất có hợp đồng công chứng thì phần đất đó là của riêng mẹ em trừ trường hợp mẹ em đồng ý gộp thành tài sản chung. Căn cứ vào giấy chứng nhận thì có thể ý chí của mẹ em đồng ý coi đây là tài sản chung. Nếu không thì khi cấp hồ sơ đề nghị cấp GCN đã có VB cam kết của bố em rằng đây là tài sản riêng của mẹ em.  Ngòai phần đất còn căn nhà. Nếu căn nhà này có trong thời kỳ hôn nhân thì bố mẹ em có quyền như nhau trừ trường hợp người khi chúng minh mình có công tạo lập lớn hơn. Việc chia tài sản chung trong thời kỳ hôn nhân về nguyên tắc là chia đôi nhưng có xem xét đến công lao tạo lập nên tài sản này. Những người bán đất và ông bà ngoại em làm chứng là có lợi cho mẹ em. Trong vụ việc này, việc không xem xét quyền lợi cho bố em đối với căn nhà này là không thể chỉ có điều ít hay nhiều là do các bên thỏa thuận. Nếu không thỏa thuận được thì chứng minh trước tòa công lao mẹ em đóng góp nhiều hơn. Chúc bạn giải quyết công việc gia đình ổn thỏa.",,,,,,,,,
Xin chào luật sư! Tôi muốn hỏi có trường hợp vợ chồng đã ly thân cách đây 5 năm và trong năm ly thân người vợ sống ở nước ngoài. Tất cả thu nhập của vợ được gửi về cho bố mẹ đẻ và một phần gửi cho chồng nuôi con. Đến nay anh chồng đòi ly hôn và chia tài sản. Vậy tôi xin hỏi số tài sản mà người vợ có được trong thời gian hai người ly thân có được coi là tài sản chung hay không? Nếu ly hôn thì có phải chia cho chồng hay không? Trước khi cưới nhau người vợ được ông bà ngoại cho một ngôi nhà như vậy ngôi nhà đó có phải là tài sản chung hay không? (Ngôi nhà hiện tại mang tên người vợ). Vậy theo luật hôn nhân hiện hành trách nhiệm tài sản của người chồng được chia thế nào?,"Chào Bạn, Luật Hôn nhân gia đình và Luật Dân sự Việt Nam không thừa nhận chế định ly thân. Nếu chưa có bản án có hiệu lực pháp luật của Tòa án về việc ly hôn của 2 vợ chồng thì hai vợ chồng vẫn được xem là còn duy trì mối quan hệ vợ chồng trong thời kỳ hôn nhân. Tài sản của vợ, chồng trong thời kỳ hôn nhân được xem là tài sản chung và sẽ được phân chia nếu hai bên ly hôn. Tài sản riêng trước hôn nhân nếu có chứng cứ chứng minh thì của người nào vẫn là của riêng người đó. Khi phân chia tài sản ly hôn thông thường theo  nguyên tắc là chia 50% cho mỗi bên. Tuy nhiên nếu có chứng cứ đóng góp của bên nào nhiều hơn thì Tòa có thể xem xét thêm tùy trường hợp cụ thể. Thân ái.",,,,,,,,,
"cho tôi hỏi tôi và vợ sau khi ly hôn, trên giấy tờ ly hôn điền là tài sản tự thỏa thuận. vậy thì nếu có xảy ra tranh chấp về phần tài sản ""nổi"" ( tức là bao gồm tiền mặt, vàng, trang sức, .v.v...) không có giấy tờ nào chứng minh là có số tài sản đó ( không bao gồm nhà đất đứng tên chung) thì tranh chấp đó có được tòa giải quyết không? thứ hai, tôi xin hỏi, nếu tôi và vợ muốn để di chúc cho lai nhà đất cho con (có điều kiện là trên 30 tuổi mới được sử dụng) thì thủ tục sẽ như thế nào? Nếu có tranh chấp gì đối với tài sản nhà đất đó thì có được tòa thụ lý không? xin chân thành cảm ơn!","Chào bạn. Do khi tòa án giải quyết ly hôn, vợ chồng bạn không có yêu cầu giải quyết về quan hệ tài sản nên trong bản án ly hôn ghi là tài sản do vợ chồng tự thỏa thuận. Nay nếu không tự thỏa thuận được thì có quyền gởi đơn yêu cầu tòa án giải quyết. Về nguyên tắc tài sản hiện nay sẽ được công nhận là tài sản chung của hai vợ chồng bạn nên một trong hai người có quyền lập di chúc quyết định để lại phần tài sản của mình cho người thừa kế được chỉ định trong di chúc Thân ái",,,,,,,,,
"Thân chào luật sư!  
 xin luật sư cho tôi hỏi một vấn đề như sau : 
bố tôi và mẹ tôi sau khi kết hôn ở chung với ông bà nội tôi. sau khi sinh chúng tôi ( 3 anh chị em) được vài năm thì bố tôi đi làm xa ở TN . sau khi đi làm ở TN bố tôi có chung sống với một người phụ nữ khác như vợ chồng (khi chưa ly hôn với mẹ tôi) sau đó bố tôi vẫn đi lại cả 2 nơi nay đây mai đó . mẹ tôi ở nhà cùng với ông bà nội làm nông nghiệp . sau đó gia đình tôi có mua một mảnh đất do htx bán lấy tên chủ đất là bà nội tôi (số tiền mua đất đó có 1 phần của bố tôi)và khi đó 3 chị em tôi còn đang di học trung học pt . tôi muốn hỏi là nếu bố mẹ tôi ly hôn thì  mảnh đất đó sẽ được chia như thế nào ? 
                                                  rất mong luật sư trả lời sớm giúp tôi . tôi xin cám ơn luật sư .","Trước tiên cần xác định đâu là tài sản chung của bố mẹ bạn. Trong thời kỳ hôn nhân nếu bộ mẹ bạn tạo lập được tài sản thì đó được coi là tài sản chung, mảnh đất đứng tên bà nội bạn không được coi là tài sản chung của bố mẹ bạn, tuy nhiên khi ly hôn mẹ bạn có quyền yêu cầu Tòa án chia cho một phần do có công sức đóng góp (bao gồm cả phần bố bạn đóng góp). Như vậy, sau khi xác định phần đóng góp của bố mẹ bạn trong khối tài sản đó thì mẹ bạn sẽ được chia 1/2 phần công sức đóng góp vào khối tài sản chung của bà nội bạn.",,,,,,,,,
"Kính gửi luật sư 
Tôi năm nay 37 tuổi lấy vợ được 8 năm rồi, có 2 đứa con một trai một gái đứa trai học lớp 2 còn đứa gái học mẫu giáo. 
trong thời gian qua do vợ chồng hục hặc ghen tuông vô cớ và vợ hay kiếm cớ để xung đột rồi đưa đơn ly dị ra tòa nhưng tôi không đồng ý.Trước đây tôi và vợ chung nhau mua đất Ở Quảng Nam nhưng vợ đứng tên 
Khi vợ tôi làm bản tường trình thì không nói về đất đai và vật dụng trong gia đình, gia đình thì ở Quảng Nam nhưng đơn ly dị thì gửi ở Đà Nẵng nên tòa án không giải quyết vấn đề tài sản. 
Vậy kính gửi luật sư tôi phaỉ làm sao để lấy lại tài sản chung của vợ chồng đã có và quyền nuôi con khi vợ tôi đòi nuôi cả 2 đứa","Về nguyên tắc tài sản tạo lập trong thời kỳ hôn nhân là tài sản chung của hai vợ chồng, cho nên Tòa không thể từ chối giải quyết vì ngoài việc giải quyết cho ly hôn , tài sản và con cái thì Tòa cũng phải phân định phần tài sản chung chia như thế nào và con cái do ai nuôi, ai có nghĩa vụ cấp dưỡng, Tòa không thể từ chối việc giãi quyết. Nếu không giải quyết Tòa phải có văn bản trả lời và không thụ lý ngay từ đầu, nếu đã thụ lý mà không giải quyết về tài sản bạn có quyền khiếu nại lên Chánh án cấp xét xử hiện tại hoặc gửi đơn yêu cầu Viện kiểm sát cùng cấp kháng nghị. Bản thân bạn có quyền kháng cáo bản án trong vòng 15 ngày kể từ khi bạn nhận được bản án hoặc quyết định của tòa án.",,,,,,,,,
"Tôi lấy vợ 1 năm thì gia đình tôi cho vợ chồng tôi 1 mảnh đất (đã công chứng). Mảnh đất đó đứng tên hai vợ chồng tôi. Chúng tôi xây căn nhà nhỏ để ở được 5 năm. Nay vợ chồng tôi ly hôn do mâu thuẫn. Tôi muốn hỏi là tôi phải chia nhà cho vợ tôi bao nhiêu và tôi được bao nhiêu. Căn nhà đó do anh chị tôi cho tặng như vậy anh chị có quyền đòi lại phần cho tặng không.





Gửi bởi: Nguyễn Thành Út","Thứ nhất, tài sản đất và nhà là tài sản chung của hai vợ chồng bạn vì khối tài sản đó được cho trong thời kì hôn nhân (theo quy dịnh tại khoản 1 điều 33 Luật Hôn nhân và gia đình năm 2014).

Thứ hai, về chia tài sản khi ly hôn. Do nhà và đất là tài sản chung vợ chồng nên khi ly hôn các bên có thể thỏa thuận về việc chia tài sản, nếu không thỏa thuận được hoặc thỏa thuận không đầy đủ, rõ ràng thì tòa sẽ giải quyết

Chia tài sản khi ly hôn được tòa áp dụng theo nguyên tắc sau:

“Tài sản chung của vợ chồng được chia đôi nhưng có tính đến các yếu tố sau đây:

a) Hoàn cảnh của gia đình và của vợ, chồng;

b) Công sức đóng góp của vợ, chồng vào việc tạo lập, duy trì và phát triển khối tài sản chung. Lao động của vợ, chồng trong gia đình được coi như lao động có thu nhập;

c) Bảo vệ lợi ích chính đáng của mỗi bên trong sản xuất, kinh doanh và nghề nghiệp để các bên có điều kiện tiếp tục lao động tạo thu nhập;

d) Lỗi của mỗi bên trong vi phạm quyền, nghĩa vụ của vợ chồng.”

(khoản 2 điều 59 Luật Hôn nhân và gia đình).

Thứ ba, tài sản do anh chị bạn tặng, đã sang tên 2 vợ chồng bạn, như vậy anh chị bạn không còn lại chủ sở hữu tài sản đó nữa. Do đó, anh chị bạn không được quyền đòi lại khối tài sản đó.",,,,,,,,,
"Vợ chồng đăng ký kết hôn hợp pháp. Trong thời gian sống chung, có gởi cha mẹ giữ một số vàng được cho chung trong ngày cưới. Nay vợ chồng ly hôn có được đòi lại số vàng nói trên để phân chia  không?","Theo Luật Hôn nhân và gia đình, tài sản chung của vợ chồng gồm tài sản do vợ, chồng tạo ra, thu nhập do lao động, hoạt động sản xuất kinh doanh và những thu nhập hợp pháp khác của vợ chồng trong thời kỳ hôn nhân; tài sản mà vợ chồng được thừa kế chung hoặc được tặng cho chung và những tài sản khác mà vợ chồng thỏa thuận là tài sản chung. Theo đó, số vàng được cho trong ngày cưới là tài sản chung của vợ chồng.

Việc chia tài sản của vợ chồng khi ly hôn được quy định tại Điều 95 Luật Hôn nhân và gia đình như sau:

1. Việc chia tài sản khi ly hôn do các bên thỏa thuận; nếu không thỏa thuận được thì yêu cầu Tòa án giải quyết. Tài sản riêng của bên nào thì thuộc quyền sở hữu của bên đó.

2. Việc chia tài sản chung được giải quyết theo các nguyên tắc sau đây:

a) Tài sản chung của vợ chồng về nguyên tắc được chia đôi, nhưng có xem xét hoàn cảnh của mỗi bên, tình trạng tài sản, công sức đóng góp của mỗi bên vào việc tạo lập, duy trì, phát triển tài sản này. Lao động của vợ, chồng trong gia đình được coi như lao động có thu nhập;

b) Bảo vệ quyền, lợi ích hợp pháp của vợ, con chưa thành niên hoặc đã thành niên bị tàn tật, mất năng lực hành vi dân sự, không có khả năng lao động và không có tài sản để tự nuôi mình;

c) Bảo vệ lợi ích chính đáng của mỗi bên trong sản xuất, kinh doanh và nghề nghiệp để các bên có điều kiện tiếp tục lao động tạo thu nhập;

d) Tài sản chung của vợ chồng được chia bằng hiện vật hoặc theo giá trị; bên nào nhận phần tài sản bằng hiện vật có giá trị lớn hơn phần mình được hưởng thì phải thanh toán cho bên kia phần giá trị chênh lệch.

3. Việc thanh toán nghĩa vụ chung về tài sản của vợ, chồng do vợ, chồng thỏa thuận; nếu không thỏa thuận được thì yêu cầu Tòa án giải quyết.

Theo quy định trên, nếu gởi cho cha mẹ giữ thì khi ly hôn, vợ chồng có quyền đòi lại số vàng này để chia tài sản. Trường hợp vợ chồng không thỏa thuận được thì yêu cầu Tòa án giải quyết.",,,,,,,,,
"Tôi là công chức nhà nước, chồng tôi lao động tự do. Tôi kết hôn năm 1994, sinh con năm 1995. Năm 1999 chúng tôi xây ngôi nhà 2 tầng trên mảnh đất của bố mẹ chồng tôi. Năm 2001 bố mẹ chồng tôi có lập di chúc để chia đất cho các con. Phần của vợ chồng tôi ông bà viết "" Nay giao ngôi nhà 2 tầng và diện tích đất xxx cho anh T ( T là chồng tôi ). Ngoài bản di chúc thì bìa đỏ vẫn mang tên bố mẹ chồng tôi. Nay bố mẹ chồng tôi đã mất, vợ chồng tôi ly hôn... Xin hỏi : Tôi sẽ được chia tài sản như thế nào?","Trước hết cảm ơn bạn đã gửi câu hỏi về chuyên mục Tư vấn pháp luật

Trường hợp bạn hỏi chúng tôi xin trả lời như sau:

Khi ly hôn, trong trường hợp vợ chồng sống chung với gia đình mà tài sản của vợ chồng trong khối tài sản chung của gia đình có thể xác định được theo phần thì khi ly hôn, phần tài sản của vợ chồng được trích ra từ khối tài sản chung đó để chia.

Với trường hợp của bạn, nhà xây dựng trên đất của ông bà để lại cho chồng bạn có công đóng góp của bạn còn nhà đất nếu ông bà cho riêng chồng bạn thì đó là tài sản riêng của công. Đây là tài sản được thừa kế riêng, được tặng cho riêng trong thời kỳ hôn nhân; tài sản được chia riêng cho vợ, chồng theo quy định tại khoản 1 Điều 29 và Điều 30 của Luật này.

Trong trường hợp  này nhà ở thuộc sở hữu chung của hai vợ chồng vì bạn và chồng cùng đóng góp xây dựng, do đó khi ly hôn, nhà ở đó vẫn thuộc sở hữu riêng của chủ sở hữu nhà, nhưng phải thanh toán cho bên kia một phần giá trị nhà, căn cứ vào công sức bảo dưỡng, nâng cấp, cải tạo, sửa chữa nhà.

Như vậy, những khoản tiền khi xây nhà do bạn đóng góp sẽ được thanh toán căn cứ vào công sức mỗi bên khi cải tạo, sửa chữa lại nhà.

Nguồn: Công ty Luật Vinabiz/ Nguoiduatin.vn",,,,,,,,,
"Chúng tôi kết hôn đã trên 20 năm, do chồng tôi không còn chung thủy nữa nên tôi phải chia tay. Chúng tôi có một số tài sản, gồm nhà ở, đất trang trại, xe hơi … Chồng tôi làm việc cho công ty, tôi trực tiếp sản xuất nông nghiệp, xin hỏi khi ly hôn thì tài sản này được chia như thế nào? 
Lê Thị Kim Loan (Cam Ranh)","Nguyên tắc giải quyết tài sản của vợ chồng khi ly hôn được ghi nhận trong Luật Hôn nhân và gia đình, có các nội dung như sau: Trong trường hợp chế độ tài sản của vợ chồng theo luật định thì việc giải quyết tài sản do các bên thỏa thuận; nếu không thỏa thuận được thì theo yêu cầu của vợ, chồng hoặc của hai vợ chồng, Tòa án giải quyết theo quy định của Luật Hôn nhân và gia đình. Trong trường hợp chế độ tài sản của vợ chồng theo thỏa thuận thì việc giải quyết tài sản khi ly hôn được áp dụng theo thỏa thuận đó; nếu thỏa thuận không đầy đủ, rõ ràng thì áp dụng quy định tương ứng của Luật Hôn nhân và gia đình để giải quyết. Tài sản chung của vợ chồng được chia đôi nhưng có tính đến các yếu tố sau đây: a) Hoàn cảnh của gia đình và của vợ, chồng; b) Công sức đóng góp của vợ, chồng vào việc tạo lập, duy trì và phát triển khối tài sản chung. Lao động của vợ, chồng trong gia đình được coi như lao động có thu nhập; c) Bảo vệ lợi ích chính đáng của mỗi bên trong sản xuất, kinh doanh và nghề nghiệp để các bên có điều kiện tiếp tục lao động tạo thu nhập; d) Lỗi của mỗi bên trong vi phạm quyền, nghĩa vụ của vợ chồng. Tài sản chung của vợ chồng được chia bằng hiện vật, nếu không chia được bằng hiện vật thì chia theo giá trị; bên nào nhận phần tài sản bằng hiện vật có giá trị lớn hơn phần mình được hưởng thì phải thanh toán cho bên kia phần chênh lệch. Tài sản riêng của vợ, chồng thuộc quyền sở hữu của người đó, trừ trường hợp tài sản riêng đã nhập vào tài sản chung theo quy định của Luật. Trong trường hợp có sự sáp nhập, trộn lẫn giữa tài sản riêng với tài sản chung mà vợ, chồng có yêu cầu về chia tài sản thì được thanh toán phần giá trị tài sản của mình đóng góp vào khối tài sản đó, trừ trường hợp vợ chồng có thỏa thuận khác. Quyền, lợi ích hợp pháp của vợ, con chưa thành niên, con đã thành niên mất năng lực hành vi dân sự hoặc không có khả năng lao động và không có tài sản để tự nuôi mình được pháp luật bảo vệ. Đối với đất nông nghiệp trồng cây hàng năm, nuôi trồng thủy sản, nếu cả hai bên đều có nhu cầu và có điều kiện trực tiếp sử dụng đất thì được chia theo thỏa thuận của hai bên; nếu không thỏa thuận được thì yêu cầu Tòa án giải quyết. Trong trường hợp chỉ một bên có nhu cầu và có điều kiện trực tiếp sử dụng đất thì bên đó được tiếp tục sử dụng nhưng phải thanh toán cho bên kia phần giá trị quyền sử dụng đất mà họ được hưởng. Đối với đất nông nghiệp trồng cây lâu năm, đất lâm nghiệp để trồng rừng, đất ở thì được chia theo nguyên tắc nêu trên đây.",,,,,,,,,
"Chồng tôi thường xuyên uống rượu và gây gỗ, tôi muốn yêu cầu Tòa án cho ly hôn. Chúng tôi có hai con chung, bảy tuổi và ba tuổi, tôi muốn nuôi cả hai đứa vì nếu ở với cha nó tôi không yên tâm. Về tài sản chỉ có một căn nhà được mua suất tái định cư nhưng chưa trả hết tiền, nhà nước cho ghi nợ. Xin hỏi khi ly hôn tài sản chia thế nào và làm sao để tôi có thể nuôi cả hai con? 

                                                                                Hoàng Thị Thu (Cam Ranh)","Theo Luật Hôn nhân và gia đình năm 2014, khi vợ hoặc chồng yêu cầu ly hôn mà hòa giải tại Tòa án không thành thì Tòa án giải quyết cho ly hôn nếu có căn cứ về việc vợ, chồng có hành vi bạo lực gia đình hoặc vi phạm nghiêm trọng quyền, nghĩa vụ của vợ, chồng làm cho hôn nhân lâm vào tình trạng trầm trọng, đời sống chung không thể kéo dài, mục đích của hôn nhân không đạt được.

Trong trường hợp chế độ tài sản của vợ chồng theo luật định thì việc giải quyết tài sản do các bên thỏa thuận; nếu không thỏa thuận được thì theo yêu cầu của vợ, chồng hoặc của hai vợ chồng, Tòa án giải quyết theonguyên tắc tài sản chung được chia đôi nhưng có tính đến các yếu tố như hoàn cảnh của gia đình và của vợ, chồng;  công sức đóng góp của vợ, chồng vào việc tạo lập, duy trì và phát triển khối tài sản chung; bảo vệ lợi ích chính đáng của mỗi bên trong sản xuất, kinh doanh và nghề nghiệp để các bên có điều kiện tiếp tục lao động tạo thu nhập đồng thời có xem xét đến lỗi của mỗi bên trong vi phạm quyền, nghĩa vụ của vợ chồng. Tài sản chung của vợ chồng được chia bằng hiện vật, nếu không chia được bằng hiện vật thì chia theo giá trị; bên nào nhận phần tài sản bằng hiện vật có giá trị lớn hơn phần mình được hưởng thì phải thanh toán cho bên kia phần chênh lệch. Quyền, lợi ích hợp pháp của vợ, con chưa thành niên, con đã thành niên mất năng lực hành vi dân sự hoặc không có khả năng lao động và không có tài sản để tự nuôi mình được bảo vệ. Trường hợp của bạn, phần tiền nhà chưa trả hết được coi là một khoản nợ, người sở hữu nhà phải tiếp tục trả cho nhà nước.

Về việc nuôi con do vợ, chồng thỏa thuận người trực tiếp nuôi, nghĩa vụ, quyền của mỗi bên sau khi ly hôn đối với con; trường hợp không thỏa thuận được thì Tòa án quyết định giao con cho một bên trực tiếp nuôi căn cứ vào quyền lợi về mọi mặt của con; nếu con từ đủ 07 tuổi trở lên thì phải xem xét nguyện vọng của con. Con dưới 36 tháng tuổi được giao cho mẹ trực tiếp nuôi, trừ trường hợp người mẹ không đủ điều kiện để trực tiếp trông nom, chăm sóc, nuôi dưỡng, giáo dục con hoặc cha mẹ có thỏa thuận khác phù hợp với lợi ích của con. Bạn cần trình bày nguyện vọng và khả năng của mình để được Tòa án xem xét, quyết định.

Luật sư Nguyễn Thiện Hùng",,,,,,,,,
Chúng tôi ly hôn với thỏa thuận tôi giao cho anh ấy một số tiền để tự lo chỗ ở. Trong thời gian trước mắt anh ấy phải chuyển tư cách từ chủ hộ sang tạm trú tại nhà tôi. Tôi xin hỏi thỏa thuận có cần chữ ký các con không? Anh ấy có thể tranh chấp nhà với tôi không? Và tôi có quyền yêu cầu anh ấy ra khỏi nhà bất cứ lúc nào không?,"2. Với thỏa thuận trên, đôi bên không còn cơ sở để tranh chấp tài sản nữa. Việc chuyển tư cách từ chủ hộ sang tạm trú không liên quan đến vấn đề sở hữu. Giấy đăng ký tạm trú có thời hạn 12 tháng, khi hết hạn có thể gia hạn.

3. Bạn có quyền yêu cầu anh ấy ra khỏi nhà nhưng không phải bất cứ khi nào, vì còn phụ thuộc vào thời hạn đăng ký tạm trú mà anh ấy đã đăng ký cũng như hoàn cảnh thực tế, khả năng thu xếp chỗ ở mới của anh ấy.",,,,,,,,,
"Trong vụ án ly hôn, vợ chồng thừa nhận nhà và công trình phụ đều làm trên đất lấn chiếm, không hợp pháp. Vợ và chồng đều có nhu cầu về nơi ở. Người chồng yêu cầu định giá tài sản và đồng ý trả bằng hai lần giá trị tài sản người vợ được hưởng. Người vợ yêu cầu chia hiện vật và trả chênh lệch theo giá trị mà Hội đồng định giá đã định giá. Tòa án có quyền chấp nhận yêu cầu của người chồng không, việc chấp nhận đó có bảo đảm quyền lợi của người vợ không?","Việc chia tài sản bằng hiện vật hay bằng giá trị là tùy thuộc vào sự đánh giá của Hội đồng xét xử. Trường hợp cụ thể này, nhà và công trình phụ đều làm trên đất không hợp pháp nên Hội đồng định giá chỉ định giá các vật liệu xây dựng hiện có mà không được định giá quyền sử dụng đất. Nếu Tòa án chia hiện vật (nhà, công trình phụ) cũng chỉ là tạm giao chỗ ở chứ không phải là chia quyền sử dụng hay sở hữu nhà đất. Nếu Tòa án xét thấy có thể chấp nhận đề nghị của người chồng tức là chia bằng hiện vật cho người chồng và người chồng thanh toán gấp đôi giá trị tài sản mà người vợ được hưởng thì người vợ vẫn được Tòa án bảo vệ quyền lợi. Ngược lại nếu Tòa án giao hiện vật cho vợ và chỉ buộc người vợ thanh toán cho người chồng đúng bằng giá trị tài sản mà người chồng được hưởng theo định giá của Hội đồng định giá thì người chồng cũng vẫn được Tòa án bảo đảm quyền lợi. Nếu như diện tích nhà, công trình phụ có thể phân chia được thì Tòa án tạm giao bằng hiện vật cho hai vợ chồng. Nếu có chênh lệch về diện tích sử dụng hoặc thuận tiện trong buôn bán, làm ăn hay sinh hoạt thì thanh toán phần chênh lệch đó giữa hai bên.",,,,,,,,,
"Khi ly hôn, vợ nuôi các con nên được chia đất ruộng để sản xuất nhưng người chồng không bàn giao ruộng, không cho vợ cấy lúa, trồng rau trên diện tích đất ruộng được chia. Vậy, người vợ cần phải làm gì để nhận được ruộng?","- Vợ làm đơn gửi cơ quan thi hành án tiến hành buộc chồng phải giao đất cho vợ sản xuất, nuôi con;

- Chấp hành viên của cơ quan thi hành án ra quyết định thi hành bản án, quyết định của Tòa án và tổ chức giao diện tích đất ruộng cho người vợ (có sự tham gia của đại diện cơ quan quản lý đất về đất đai cùng cấp và Uỷ ban nhân dân cấp xã nơi có đất được chuyển giao.",,,,,,,,,
"Chúng tôi kết hôn đến nay đã hơn 20 năm và có hai con Một cháu sinh năm 1991, một cháu sinh năm 1997, do không hợp và bất đồng trong cuộc sống chúng tôi quyết định thuận tình ly hôn và mỗi người có trách nhiệm nuôi một cháu. Tài sản của hai vợ chồng là căn nhá cấp hai mà tiền thân do tôi là BĐXN được nhà nước cấp một nền đất còn tiền xây cất là của hai vợ chồng và môt số anh em cho. Vây khi chia tài sản thì chia thành mấy phần?và ai có trách nhiệm được thụ hưỡng phần tài sản đó. Rất mong luật sư tư vấn!","Theo quy định của Luật Hôn nhân và gia đình thì tài sản chung của vợ chồng gồm tài sản do vợ, chồng tạo ra, thu nhập do lao động, hoạt động sản xuất, kinh doanh và những thu nhập hợp pháp khác của vợ chồng trong thời kỳ hôn nhân; tài sản mà vợ chồng được thừa kế chung hoặc được tặng cho chung và những tài sản khác mà vợ chồng thỏa thuận là tài sản chung.

Trong trường hợp không có chứng cứ chứng minh tài sản có tranh chấp là tài sản riêng thì tài sản đó được xem là tài sản chung. Nếu bạn chứng minh được căn nhà đó do nhà nước cấp cho bạn khi xuất ngũ thì phần tài sản đó là tài sản riêng và thuộc về bạn.

Việc chia tài sản khi ly hôn do các bên thỏa thuận, nếu không thỏa thuận được thì yêu cầu Tòa án giải quyết. Tài sản riêng của bên nào thì thuộc quyền sở hữu của bên đó, tài sản chung của vợ chồng về nguyên tắc được chia đôi, nhưng có xem xét hoàn cảnh của mỗi bên, tình trạng tài sản, công sức đóng góp của mỗi bên vào việc tạo lập, duy trì, phát triển tài sản này.",,,,,,,,,
"Anh tôi đã li hôn và đã được toà án huyện tứ kỳ tỉnh hải dương xử xong. Khi chia tài sản Chị Phạm Thị Lương (vợ cũ) anh ấy phải trả cho anh tôi là 110 triệu đồng. Bản án có hiẹu lực từ ngày 23 tháng 6 năm 2011. Trong bản thi hành án yêu cầu chị Lương phải trả ngay cho anh tôi, nếu trả chậm thì tính tiền lãi. Vậy nhưng đến nay đã gần 1 năm rồi mà không thấy chị Lương trả tiền cho anh tôi. Anh tôi có nhiều lần gặp đội thi hành án để hỏi nhưng đều không gặp hoặc họ bảo cứ về nhà đợi. Xin luật sư giúp anh tôi giải quyết vấn đề này với. Mong luật sư tư vấn và chỉ bảo tôi để gia đình tôi được an tâm. Số tiền không phải lớn lắm so với chị Lương nhưng chị ấy vẫn cứ cố tình không trả, vẫn ngang nhiên vi phạm pháp luật mà không ai làm gì được chị ấy.","Người được thi hành án, người phải thi hành án căn cứ vào bản án, quyết định có quyền yêu cầu cơ quan thi hành án dân sự tổ chức thi hành án.",,,,,,,,,
Tài sản được chia như thế nào khi ly hôn?,"Pháp luật ưu tiên 2 bên thoả thuận về việc chia tài sản khi ly hôn. Nếu không thoả thuận được thì sẽ giải quyết việc phân chia tài sản dựa trên những nguyên tắc sau:

- Đối với tài sản riêng của ai thì vẫn thuộc sở hữu của người đó. Nếu những tài sản riêng nhưng đã sữ dụng cho nhu cầu thiết yếu của gia đình khi còn là vợ chồng (ví dụ quyền sử dụng đất riêng nhưng đã đưa vào sản xuất chung, xe máy riêng nhưng đã đưa vào dùng chung hoặc làm phương tiện sinh sống chung như chạy xe ôm...) thì sẽ không được xem là tài sản riêng và lấy lại như tài sản riêng.

- Đối với tài sản chung thông thường sẽ được chia đôi, tuy nhiên tuỳ theo trường hợp toà án có thể sẽ xem xét đến hoàn cảnh cũng như công sức đóng góp của mỗi bên vào khối tài sản chung này (ví dụ: chồng đi làm, vợ ở nhà nội trợ nhưng ham mê bài bạc dẫn đến phá tán tài sản thì không áp dụng nguyên tắc chia đôi mà chia theo công sức đóng góp). Lưu ý rằng công việc nội trợ, chăm lo cho con cái,… cũng được xem là lao động có thu nhập, đóng góp vào tài sản chung.

Tài sản có thể được chia bằng hiện vật hoặc theo giá trị, bên nào nhận được phần tài sản bằng hiện vật có giá trị lơn hơn phần mình được hưởng thì phải thanh toán cho bên kia phần giá trị chênh lệch.",,,,,,,,,
"Trong 15 năm chung sống, tôi là người kiếm tiền chính, vợ hầu như không đóng góp gì vào những tài sản có giá trị như nhà, xe hơi. Gần đây tôi phát hiện vợ có quan hệ bất chính, thường xuyên đem tiền cho người tình. Tôi không chấp nhận tha thứ nên yêu cầu ly hôn. Khi ra tòa, tôi có đọc yêu cầu không chia tài sản cho vợ không?","Theo Điều 59 Luật hôn nhân và gia đình năm 2014 quy định về nguyên tắc giải quyết tài sản của vợ chồng khi ly hôn:

1. Trong trường hợp chế độ tài sản của vợ chồng theo luật định thì việc giải quyết tài sản do các bên thỏa thuận; nếu không thỏa thuận được thì theo yêu cầu của vợ, chồng hoặc của hai vợ chồng, Tòa án giải quyết theo quy định tại các khoản 2, 3, 4 và 5 Điều này và tại các điều 60, 61, 62, 63 và 64 của Luật này.

Trong trường hợp chế độ tài sản của vợ chồng theo thỏa thuận thì việc giải quyết tài sản khi ly hôn được áp dụng theo thỏa thuận đó. Nếu thỏa thuận không đầy đủ, rõ ràng thì áp dụng quy định tương ứng tại các khoản 2, 3, 4 và 5 Điều này và tại các điều 60, 61, 62, 63 và 64 của Luật này để giải quyết.

2. Tài sản chung của vợ chồng được chia đôi nhưng có tính đến các yếu tố sau đây:

a) Hoàn cảnh của gia đình và của vợ, chồng;

b) Công sức đóng góp của vợ, chồng vào việc tạo lập, duy trì và phát triển khối tài sản chung. Lao động của vợ, chồng trong gia đình được coi như lao động có thu nhập;

c) Bảo vệ lợi ích chính đáng của mỗi bên trong sản xuất, kinh doanh và nghề nghiệp để các bên có điều kiện tiếp tục lao động tạo thu nhập;

d) Lỗi của mỗi bên trong vi phạm quyền, nghĩa vụ của vợ chồng.

3. Tài sản chung của vợ chồng được chia bằng hiện vật, nếu không chia được bằng hiện vật thì chia theo giá trị; bên nào nhận phần tài sản bằng hiện vật có giá trị lớn hơn phần mình được hưởng thì phải thanh toán cho bên kia phần chênh lệch…

Nội dung trên còn được hướng dẫn chi tiết tại Thông tư liên tịch số 01/2016/TTLT-TANDTC-VKSNDTC-BTP ngày 1/6, cụ thể như sau:

1. Vợ chồng khi ly hôn có quyền tự thỏa thuận với nhau về toàn bộ các vấn đề, trong đó có cả việc phân chia tài sản. Trường hợp vợ chồng không thỏa thuận được mà có yêu cầu thì tòa án phải xem xét, quyết định việc áp dụng chế độ tài sản của vợ chồng theo thỏa thuận hay theo luật định, tùy từng trường hợp cụ thể mà tòa án xử lý như sau:

a) Trường hợp không có văn bản thỏa thuận về chế độ tài sản của vợ chồng hoặc văn bản thỏa thuận về chế độ tài sản của vợ chồng bị tòa án tuyên bố vô hiệu toàn bộ thì áp dụng chế độ tài sản của vợ chồng theo luật định để chia tài sản của vợ chồng khi ly hôn;

4. Trường hợp áp dụng chế độ tài sản của vợ chồng theo luật định để chia tài sản của vợ chồng khi ly hôn thì tài sản chung của vợ chồng về nguyên tắc được chia đôi nhưng có tính đến các yếu tố sau đây để xác định tỷ lệ tài sản mà vợ chồng được chia:

a) ""Hoàn cảnh của gia đình và của vợ, chồng"" là tình trạng về năng lực pháp luật, năng lực hành vi, sức khỏe, tài sản, khả năng lao động tạo ra thu nhập sau khi ly hôn của vợ, chồng cũng như của các thành viên khác trong gia đình mà vợ chồng có quyền, nghĩa vụ về nhân thân và tài sản theo quy định của Luật hôn nhân và gia đình. Bên gặp khó khăn hơn sau khi ly hôn được chia phần tài sản nhiều hơn so với bên kia hoặc được ưu tiên nhận loại tài sản để bảo đảm duy trì, ổn định cuộc sống của họ nhưng phải phù hợp với hoàn cảnh thực tế của gia đình và của vợ, chồng.

b) ""Công sức đóng góp của vợ, chồng vào việc tạo lập, duy trì và phát triển khối tài sản chung” là sự đóng góp về tài sản riêng, thu nhập, công việc gia đình và lao động của vợ, chồng trong việc tạo lập, duy trì và phát triển khối tài sản chung. Người vợ hoặc chồng ở nhà chăm sóc con, gia đình mà không đi làm được tính là lao động có thu nhập tương đương với thu nhập của chồng hoặc vợ đi làm. Bên có công sức đóng góp nhiều hơn sẽ được chia nhiều hơn.

c) ""Bảo vệ lợi ích chính đáng của mỗi bên trong sản xuất, kinh doanh và nghề nghiệp để các bên có điều kiện tiếp tục lao động tạo thu nhập"" là việc chia tài sản chung của vợ chồng phải bảo đảm cho vợ, chồng đang hoạt động nghề nghiệp được tiếp tục hành nghề; cho vợ, chồng đang hoạt động sản xuất, kinh doanh được tiếp tục được sản xuất, kinh doanh để tạo thu nhập và phải thanh toán cho bên kia phần giá trị tài sản chênh lệch. Việc bảo vệ lợi ích chính đáng của mỗi bên trong sản xuất, kinh doanh và hoạt động nghề nghiệp không được ảnh hưởng đến điều kiện sống tối thiểu của vợ, chồng và con chưa thành niên, con đã thành niên nhưng mất năng lực hành vi dân sự.

d) ""Lỗi của mỗi bên trong vi phạm quyền, nghĩa vụ của vợ chồng"" là lỗi của vợ hoặc chồng vi phạm quyền, nghĩa vụ về nhân thân, tài sản của vợ chồng dẫn đến ly hôn.

Ví dụ: Trường hợp người chồng có hành vi bạo lực gia đình, không chung thủy hoặc phá tán tài sản thì khi giải quyết ly hôn tòa án phải xem xét yếu tố lỗi của người chồng khi chia tài sản chung của vợ chồng để đảm bảo quyền, lợi ích hợp pháp của vợ và con chưa thành niên"".

Theo quy định vừa trích dẫn ở trên thì về nguyên tắc khi ly hôn, tài sản chung của vợ chồng sẽ được chia đôi nhưng tòa án sẽ xem xét đến một số yếu tố như hoàn cảnh gia đình của vợ, chồng, công sức đóng góp vào việc tạo lập, duy trì tài sản, lỗi của các bên... Do đó, đối chiếu với trường hợp của bạn, khi giải quyết vụ án ly hôn, nếu có căn cứ xác định được vợ bạn có hành vi ngoại tình và bạn là người có đóng góp nhiều hơn trong việc tạo lập cũng như duy trì khối tài sản chung thì tòa án sẽ quyết định việc chia tài sản hợp lý để đảm bảo cho quyền và lợi ích hợp pháp của bạn.",,,,,,,,,
"Vợ chồng tôi chung sống hơn 10 năm. Trong khoảng thời gian này, có 3 năm gần đây, tôi ở nhà, không làm ra tiền và sống bằng thu nhập của chồng tôi, do sinh và nuôi con nhỏ. Nay, chồng tôi vì quen với người phụ nữ khác nên về nhà yêu cầu tôi ly hôn. Khi đặt vấn đề về tài sản thì chúng tôi chưa thỏa thuận được vì chồng tôi không chịu chia đôi, bởi cho rằng tôi không có công sức bằng anh ấy! Khi ly hôn, tôi sẽ là người nuôi con thì việc chia tài sản trường hợp này được tính như thế nào?","Trường hợp của chị, có thể tham khảo quy định tại khoản 2 Điều 59 Luật Hôn nhân và Gia đình. Theo điều luật này, tài sản chung của vợ chồng được chia đôi nhưng có tính đến các yếu tố sau đây:

a) Hoàn cảnh của gia đình và của vợ, chồng;

b) Công sức đóng góp của vợ, chồng vào việc tạo lập, duy trì và phát triển khối tài sản chung. Lao động của vợ, chồng trong gia đình được coi như lao động có thu nhập;

c) Bảo vệ lợi ích chính đáng của mỗi bên trong sản xuất, kinh doanh và nghề nghiệp để các bên có điều kiện tiếp tục lao động tạo thu nhập;

d) Lỗi của mỗi bên trong vi phạm quyền, nghĩa vụ của vợ chồng.

Bên cạnh đó, khoản 5 điều luật trên còn có quy định: Bảo vệ quyền, lợi ích hợp pháp của vợ, con chưa thành niên, con đã thành niên mất năng lực hành vi dân sự hoặc không có khả năng lao động và không có tài sản để tự nuôi mình.

Do vậy, chị có thể căn cứ quy định trên thỏa thuận lại với chồng chị. Nếu không thỏa thuận được, chị có thể nhờ tòa án giải quyết.",,,,,,,,,
Khi ly hôn thì người vợ mới biết mình quá khờ vì bị người chồng giấu nhẹm về tài sản căn nhà đang ở và bây giờ nói là đất và nhà cấp 4 trên đất là do ba mẹ chồng cho. Sau này xây nhà trên mảnh đất đó thành căn nhà 3 lầu khang trang thì nói là tiền ba mẹ cho xây dựng và ba mẹ đứng tên luôn. Và nói là khi ly hôn xong người vợ muốn lấy đồ gì trong nhà thì lấy rồi đi ra khỏi nhà . Xin cho hỏi : - Người vợ có dược chia gì trong khối tài sản đó không? Hay giá trị căn nhà 3 lầu xây dựng sau nay mà người vợ có công đóng góp? - Bằng cách nào người vợ tìm dược bằng chứng xác thực ai là chủ sở hửu đứng tên khối tài sản trên khi người ta cố tình giấu? - Cơ quan hành chánh nào giúp cho người vợ buộc người chồng trưng ra giấy tờ liên quan đến căn nhà trên? - Người vợ có bị buộc phải ra khỏi nhà cùng với con khi dược thuận tình ly hôn không? Nếu đúng như vậy thì có còn là nhân đạo không?,Về nguyên tắc thì tài sản được tạo lập trong thời kỳ hôn nhân thì được xác định là tài sản chung của vợ chồng. Nếu một bên cho rằng đây là tài sản riêng của mình ( do được tặng cho riêng ..) thì phải có nghĩa vụ chứng minh. Do đó/ trong trường hợp này người chồng phải chứng minh đây là tài sản riêng của mình hoặc là tài sản của ba mẹ ( do ba mẹ đứng tên) Nếu người chồng không thể chứng minh được ( với cơ quan chức nawg ở đây là Tòa án) thì khối tài sản đó được xem là tài sản chung và người vợ được chia phần. Khi giải quyết tranh chấp về hôn nhân mà có liên quan đến tài sản/ thì Tòa án sẽ yêu cầu người chồng cung cấp các giấy tờ có liên quan đến tài sản/ người vợ có thể liên hệ với Tòa án để xin sao chụp các giấy tờ này. Trong trường hợp xác định nhà cửa/ là tải sản riêng của người chồng/ thì tất nhiên người vợ không được ở rồi. Khi giải quyết vấn đề cụ thể này/ Tòa án có thể xem xét đến công sức đóng góp của người vợ trong việc quản lý nhà cửa/ tài sản riêng của người chồng trong quá trình hai bên chung sống sao cho thấu tình đạt lý.,,,,,,,,,
"Chị tôi hiện đang đợi toà án xét xử phân chia tài sản trong thời kỳ hôn nhân, trong thời gian này ông chồng cũ của chị đem căn nhà do chị đứng chủ hộ cho người khác thuê với hợp đồng ko có công chứng, chị tôi trên Tp nên ko biết về vấn đề này. Gần đây khi toà án yêu cầu thẩm định giá căn nhà đó thì người thuê nhà ko cho vào bảo là ông chồng cũ của tôi ko cho ai vào nhà cả, nhưng ông ta đã rút tên khỏi hộ khẩu nhà. Tôi rất bức xúc vì nhà của chị mình mà chị ko được vào, Vậy tôi nhờ công an can thiệp đuổi người thuê nhà ra khỏi nhà được ko? Phải làm như thế nào?","Căn cứ quy định của Luật hôn nhân gia đình và Bộ luật dân sự thì việc quản lý, sử dụng và định đoạt tài sản chung của vợ chồng phải được sự đồng ý của cả vợ và chồng thì mới có giá trị pháp lý. Trong trường hợp bạn nêu thì người chồng đã một mình xác lập hợp đồng thuê nhà nên hợp đồng này sẽ vô hiệu một phần, chị bạn có quyền yêu người thuê nhà chuyển đi. Việc cần làm là cho người thuê nhà biết là chị bạn không đồng ý với việc cho thuê nhà, nếu người đó vẫn kiên quyết không đi thì chị bạn có quyền khời kiên tuyên hợp đồng thuê nhà đó vô hiệu một phần.",,,,,,,,,
"Kính chào luật sư, Tôi tên là Dũng, tôi có 2 vấn đề pháp lý cần nhờ luật sư tư vấn giúp. 1/ Ba mẹ tôi kết hôn vào năm 1986 đến nay đã có 2 con là tôi (1987) và em gái tôi (1992). Trong khoảng thời gian 5 năm trở lại đây ba tôi có quan hệ bất chính ngoài hôn nhân (nhưng mẹ tôi vẫn chưa bắt được quả tang chỉ mới có những bằng chứng để nghi ngờ) và hiện tại cuộc sống gia đình xảy ra rất nhiều mâu thuẫn, ba tôi thường xuyên bạo hành gia đình và đòi ly hôn để được chia phần tài sản đem cho người tình. Tôi xin hỏi luật sư về sự phân chia tài sản đối với khối tài sản như sau nếu ba mẹ tôi ly hôn: A - Tài sản chung: Quyền sử dụng đất mẹ tôi được thừa kế từ ông ngoại. Mảnh đất này có nguồn gốc như sau:        Ông ngoại tôi để lại quyền sử dụng đất này cho mẹ tôi, hiện tại có giấy chứng nhận QSDD do mẹ tôi (Võ Thị XYZ) đứng tên và trên mảnh đất này có 4 căn ki-ốt xây năm 2005.        Từ thời điểm nhận thừa kế đến tháng 12/2011 mảnh đất này thuộc quyền sở hữu hộ gia đình bà Võ Thị XYZ (bao gồm ba, mẹ, tôi, em tôi, dì và bà ngoại).        Từ tháng 1/2012 mẹ tôi chuyển quyền sử dụng đất sang cá nhân đứng tên và mẹ tôi đứng tên cá nhân sở hữu quyền sử dụng đất này.        Tuy nhiên trong giấy cho con ông ngoại tôi không ghi rõ là cho "" riêng "" con gái (là mẹ tôi) mà chỉ ghi là cho con là Võ Thị XYZ. Trong tờ kê khai nguồn gốc đất thì có cả tên ba tôi và mẹ tôi kê khai nguồn gốc đất này do ông ngoại để lại. => Vậy khi ly hôn ba tôi có được chia phần đất này hay không? và nếu chia thì tòa sẽ chia làm mấy phần? B - Về vay nợ: Ngoài khoảng nợ chung khi kinh doanh thì ba tôi còn lén lút vay khoản nợ riêng bên ngoài (vay từ các người quen biết, không có giấy tờ chứng minh vay nợ) mà mẹ tôi không hề biết. => Vậy khoản nợ này sẽ được chia như thế nào? 2/ Cũng từ nguồn gốc đất ở vấn đề 1. Xin luật sư cho biết: a/ Nếu bây giờ mẹ tôi làm giấy chuyển nhượng quyền sử dụng đất cho tôi thì có được không? b/ Khi chuyển nhượng có cần ba tôi kí tên đồng ý hay không? c/ Nếu không cần ba tôi kí tên thì thủ tục như thế nào xin luật sư hướng dẫn? Tôi chân thành cảm ơn và hi vọng nhận được sự hướng dẫn từ luật sư.","1. Quyền sử dụng đất: Theo thông tin bạn nêu thì thửa đất đó là do ông bà ngoại bạn CHO. Do vậy, nếu trong hợp đồng tặng cho có công chứng mà chỉ có tên của mẹ bạn. Sau đó mẹ bạn được cấp GCN QSD đất đứng tên mình mẹ bạn. Từ đó tới nay ba mẹ bạn chưa có văn bản nào thống nhất thành tài sản chung hoặc làm lại GCN QSD đất để ba bạn cùng đứng tên thì thửa đất đó là tài sản riêng của mẹ bạn. Ngược lại: Nếu trong hợp đồng tặng cho từ ông bà ngoại có tên của Ba bạn hoặc sau khi mẹ bạn được tặng cho (riêng) thì mẹ bạn có lập văn bản thỏa thuận là tài sản chung với Ba bạn hoặc làm lại giấy chứng nhận QSD đất thì mới là tài sản chung của Ba mẹ bạn. - Nếu thửa đất đó là tài riêng của mẹ bạn nhưng ngôi nhà được xây dựng trong thời kỳ hôn nhân và lấy từ tiền chung của Ba mẹ bạn thì ngôi nhà đó sẽ là tài sản chung. 2. Bạn cung cấp thông tin là ""Từ thời điểm nhận thừa kế đến tháng 12/2011 mảnh đất này thuộc quyền sở hữu hộ gia đình bà Võ Thị XYZ (bao gồm ba, mẹ, tôi, em tôi, dì và bà ngoại)."" là sao? Tại sao lại là tài sản chung của Hộ gia đình? Căn cứ vào giấy tờ pháp lý nào mà bạn lại xác định là tài sản chung? 3. VỀ KHOẢN NỢ: Nếu việc vay nợ đó sử dụng vao mục đích cá nhân của Ba bạn thì Ba bạn phải chịu trách nhiệm cá nhân đối với khoản nợ đó. Mẹ bạn chỉ phải chịu trách nhiệm đối với khoản nợ đó nếu mẹ bạn cùng ký giấy vay tiền với Ba bạn hoặc có tham gia vào việc nhận, sử dụng tiền vay đó hoặc việc vay tiền của cá nhân Ba bạn nhưng sử dụng tiền vào mục đích sinh hoạt tối thiểu của gia đình.",,,,,,,,,
"Bạn tôi ly hôn với chồng. Khi lấy nhau hai vợ chồng ở căn nhà bố mẹ chồng cho nhưng không lập thành văn bản cho tặng nên ko được pháp luật công nhận. Khi ly hôn bố mẹ chồng bạn tôi quyết định cho căn nhà đó cho 02 đứa cháu (tức là con của bạn tôi). Nhưng hai cháu còn nhỏ, 01 đứa 07 tuổi, 01 đứa 02 tuổi. Vậy bạn tôi (là mẹ 02 cháu bé) có được là người giám hộ đương nhiên không? Và có quyền định đoạt đối với tài sản đó không?","Nếu khi ly hôn tòa án quyết định giao hai con cho người mẹ nuôi thì người mẹ là người giám hộ  của hai con và có quyền thay mặt hai con quản lý tài sản và việc quản lý này được quy định tại điều 69 Bộ luật dân sự;

Điều 69. Quản lý tài sản của người được giám hộ

1. Người giám hộ có trách nhiệm quản lý tài sản của người được giám hộ như tài sản của chính mình.

2. Người giám hộ được thực hiện các giao dịch liên quan đến tài sản của người được giám hộ vì lợi ích của người được giám hộ. Việc bán, trao đổi, cho thuê, cho mượn, cho vay, cầm cố, thế chấp, đặt cọc và các giao dịch khác đối với tài sản có giá trị lớn của người được giám hộ phải được sự đồng ý của người giám sát việc giám hộ.

Người giám hộ không được đem tài sản của người được giám hộ tặng cho người khác.

3. Các giao dịch dân sự giữa người giám hộ với người được giám hộ có liên quan đến tài sản của người được giám hộ đều vô hiệu, trừ trường hợp giao dịch được thực hiện vì lợi ích của người được giám hộ và có sự đồng ý của người giám sát việc giám hộ.",,,,,,,,,
"Tôi vào miền Nam làm ăn hơn 4 năm không liên lạc với gia đình. Đến nay khi tôi trở về nhà thì vợ tôi đã kết hôn với người khác và căn nhà của vợ chồng tôi trước đây do người khác sử dụng. Tôi được biết, trong thời gian tôi đi làm xa thì vợ tôi đã đề nghị Toà án tuyên bố tôi đã chết và xin được ly hôn với tôi. Vậy quan hệ giữa tôi và vợ sẽ được giải quyết như thế nào? Căn nhà của tôi có lấy lại được không?","Theo quy định tại điều 83 Bộ luật Dân sự 2005 thì: “Khi một người bị tuyên bố là đã chết trở về hoặc có tin tức xác thực là người đó còn sống thì theo yêu cầu của người đó hoặc của người có quyền, lợi ích liên quan, Tòa án ra quyết định hủy bỏ quyết định tuyên bố người đó là đã chết.” Điều luật này cũng quy định: Quan hệ nhân thân của người bị tuyên bố là đã chết được khôi phục khi Tòa án ra quyết định hủy bỏ quyết định tuyên bố người đó là đã chết, trừ các trường hợp sau đây: Vợ hoặc chồng của người bị tuyên bố là đã chết đã được Tòa án cho ly hôn thì quyết định cho ly hôn vẫn có hiệu lực pháp luật; Vợ hoặc chồng của người bị tuyên bố là đã chết đã kết hôn với người khác thì việc kết hôn đó vẫn có hiệu lực pháp luật. Người bị tuyên bố là đã chết mà còn sống có quyền yêu cầu những người đã nhận tài sản thừa kế trả lại tài sản, giá trị tài sản hiện còn. Trong trường hợp người thừa kế của người bị tuyên bố là đã chết biết người này còn sống mà cố tình giấu giếm nhằm hưởng thừa kế thì người đó phải hoàn trả toàn bộ tài sản đã nhận, kể cả hoa lợi, lợi tức; nếu gây thiệt hại thì phải bồi thường. Theo quy định nói trên thì anh cần làm đơn yêu cầu Toà án ra quyết định huỷ bỏ quyết định tuyên bố là anh đã chết để anh được khôi phục lại các quyền công dân. Riêng quan hệ hôn nhân của anh đã bị chấm dứt, vợ anh đã kết hôn với người khác thì việc kết hôn đó vẫn có hiệu lực pháp luật. Về tài sản: Nếu vợ anh đã làm thủ tục khai nhận di sản thừa kế và bán cho người khác thì anh có quyền yêu cầu những người liên quan trả lại tài sản cho anh, trường hợp không thoả thuận được thì có thể khởi kiện ra toà án.",,,,,,,,,
"Vợ chồng tôi có một con trai chung. Hiện nay, chúng tôi đang sinh sống trong một ngôi nhà. Khi ly hôn chúng tôi muốn để lại ngôi nhà này cho con trai mình. Vậy theo quy định pháp luật, chúng tôi cần làm thủ tục gì?","Vì không biết con trai của hai bạn bao nhiêu tuổi nên chúng tôi chia ra hai trường hợp sau: - Trường hợp thứ nhất: con trai của hai bạn là người chưa thành niên hoặc người mất năng lực hành vi dân sự. Trong trường hợp này, hai bạn có thể lập hợp đồng tặng cho tài sản hoặc lập văn bản thỏa thuận về tài sản. Theo đó: + Về hợp đồng tặng cho tài sản: việc ký kết hợp đồng tặng cho tài sản giữa hai bạn và con trai bạn phải được thực hiện thông qua người giám hộ. Người giám hộ ở đây có thể là ông nội, bà nội, ông ngoại, bà ngoại, hoặc bác, chú, cậu, cô, dì của cháu bé. Tuy nhiên, theo quy định về giám hộ thì trường hợp giám hộ con chưa thành niên chỉ đặt ra khi cha, mẹ không có điều kiện chăm sóc, giáo dục con và nếu cha, mẹ có yêu cầu. + Về văn bản thỏa thuận về tài sản: hai vợ chồng bạn có thể lập văn bản để thỏa thuận với nhau về các nội dung như: Nội dung về việc tặng cho tài sản: Hai vợ chồng bạn sẽ thống nhất tặng cho tài sản đó cho con; khi có đủ điều kiện thì hai vợ chồng sẽ tiến hành thủ tục tặng cho con theo quy định của pháp luật. Nội dung về việc quản lý tài sản ở thời điểm hiện tại: Hai vợ chồng bạn có thể thỏa thuận về việc ai sẽ thay mặt mình quản lý tài sản. - Trường hợp thứ hai: con trai của hai bạn là người đã thành niên, có năng lực hành vi dân sự. Trong trường hợp này, hai bạn nên lập hợp đồng tặng cho tài sản, việc ký kết hợp đồng tặng cho được thực hiện giữa hai bạn và con trai mình. Và trong cả hai trường hợp nêu trên, vì tài sản để lại là bất động sản nên hợp đồng tặng cho và văn bản thỏa thuận về tài sản phải được lập thành văn bản, có công chứng, chứng thực.",,,,,,,,,
"Chào luật sư! Vợ chồng cháu đang làm thủ tục ly hôn. Trong thời gian sống với nhau vợ chồng cháu có mua một mảnh đất. Vấn đề ở đây là tiền mua mảnh đất đó là của mẹ cháu cho cháu, còn chồng cháu ko có đóng góp gì để mua mảnh đất đó cả nhưng lúc mua thì cả hai vợ chồng cháu đứng tên. Cháu muốn hỏi luật sư làm thế nào để khi ly hôn song mảnh đất đó thuộc sở hữu của mình cháu và sau này khi ly hôn song chồng cháu ko chanh chấp mảnh đất đó với cháu được (mảnh đất đó chưa có sổ đỏ, khi  mua chỉ cho hợp đồng chuyển nhượng quyền sử dụng đất có chứng thực của UBND xã thôi ạ). Mong luật sư tư vấn giúp cháu!  Cháu xin cảm ơn!","Tranh chấp của bạn thuộc diện tranh chấp dân sự, đã là việc dân sự thì bạn phải chứng minh cho các yêu cầu của mình, nghĩa vụ chứng minh tài sản riêng là nghĩa vụ của bạn, bạn không chứng minh được thì đó sẽ là tài sản chung.

Việc bạn và chồng bạn cùng đứng tên sử dụng đất là chính do bạn và chồng bạn cùng thỏa thuận, bạn cũng đồng ý cho chồng bạn đứng chung vào hay nói đúng hơn là bạn đã chấp nhận và nhập tài sản đó vào tài sản chung, ngoài ra bạn có chứng cứ nào chứng minh được việc tài sản dùng để mua đất chính là tiền mà mẹ bạn cho hay không? có tài liệu nào chứng minh việc này hay không? tôi nghĩ trường hợp của bạn rất khó chứng minh được là tài sản riêng vì ngay tại thời điểm xác lập tài sản bạn đã đồng ý cho chồng bạn chung vào tài sản này.",,,,,,,,,
"Anh 2 em  li dị và có cháu nhỏ . Vì lý do anh em không biết chữ cho nên kinh tế gia đình toàn bộ đưa cho vợ nắm giữ và gửi tiết kiệm vào tài khoản ngan hàng . Đến tháng 03/2013 gia đình có trục trặc và người vợ tự ý bỏ chồng và con về nhà mẹ . Đến tháng 03/4014 chị ta gửi đơn xin ly dị nhưng trong đơn lại không có tài sản gia đình mà chị ta nắm giữ . Đến nay , anh em đã gửi đơn xuống tòa án kiện chị ta tội chiếm đoạt tài sản và yêu cầu chị ta phải kê khai tài sản vào tài sản chung để tòa án giải quyết . Vậy luật sư cho e hỏi . Trong đơn gửi tòa án có chi tiết mong tòa án có thể điều tra tài sản Vợ Anh 2 em đang nắm giữ gửi tại ngân hàng  và đề nghị  tòa án có thể giải quyết cho Anh 2 em nuôi cháu nhỏ lý do Vợ phản bội bỏ chồng con không lý do . Vậy tòa án cơ thể giải quyết được vấn đề tranh chấp tài sản  này không  và cháu nhỏ có được giải quyết cho bố nuôi được không ạ .  Chân thành cảm ơn !","- Trong vụ án ly hôn như bạn nêu thì đương sự (kể cả anh của bạn) có quyền và nghĩa vụ cung cấp chứng cứ có liên quan cho tòa án cho yêu cầu của mình. Trường hợp anh của bạn không có chứng cứ về tài sản người vợ gửi ở ngân hàng thì có quyền đề nghị ngân hàng cung cấp chứng cứ đó, nếu vẫn không được thì anh của bạn đề nghị tòa án thu thập chứng cứ này.

- Việc người vợ tự ý bỏ về nhà mẹ mình không phải là cơ sở để tòa giải quyết cho anh của bạn nuôi con. Tòa án sẽ phán quyết giao con cho một bên trên cơ sở cân nhắc mọi mặt về lợi ích của đứa bé. Vì vậy, để được trực tiếp nuôi con, anh của bạn phải chứng minh được điều kiện chăm sóc con cái của mình",,,,,,,,,
Ba mẹ em chuẩn bị ly hôn :( ... Trước đó ba mẹ e đã chuyển hết 2 lô đất kèm tài sản trên đất cho em ... Ba em có bồ nhí và quyết định bỏ mẹ con em để đi theo bồ :( ... và hứa sẽ ra đi với 2 bàn tay trắng ... Nay sau gần nữa năm ba em quay lại đòi ly hôn mà mon muốn được chia gia tài . Em muốn hỏi vậy sau khi được tòa chấp nhập ly hôn ... nhữưg tài sản trước đây ba mẹ chuyển cho em đứng tên có được xem là tài sản trong hôn nhân và được chia đều hok ?,"Nếu tài sản đã chuyển sang em đứng tên là đã chuyển quyền sở hữu cho em rồi do đó không thể đòi lại em được trừ phi hợp đồng tặng cho tài sản có điều kiện là giao tài sản có điều kiện và có thể thu hồi lại nếu em không đáp ứng điều kiện ba em đưa ra.

Việc ly hôn bố mẹ em sẽ được Tòa xem xét tài sản chung để chia đôi nếu là tài sản riêng của ai người đó giữ. Tài sản cho em đứng tên được coi là tài sản riêng bố em.",,,,,,,,,
Lợi dụng việc ly hôn để trốn tránh nghĩa vụ tài sản sẽ bị phạt như thế nào?,"Đó là một trong những nội dung của Nghị định số 67/2015/NĐ-CP sửa đổi, bổ sung một số điều của Nghị định số 110/2013/NĐ-CP ngày 24-9-2013 về quy định xử phạt vi phạm hành chính trong lĩnh vực bổ trợ tư pháp, hành chính tư pháp, hôn nhân và gia đình… sẽ có hiệu lực thi hành từ ngày 1/10/2015 tới đây.

Theo đó, sẽ phạt tiền từ 10.000.000 đồng đến 20.000.000 đồng đối với một trong các hành vi sau: Lợi dụng việc ly hôn để trốn tránh nghĩa vụ tài sản; vi phạm chính sách, pháp luật về dân số hoặc để đạt được mục đích khác mà không nhằm mục đích chấm dứt hôn nhân; kết hôn hoặc chung sống như vợ chồng với người có cùng dòng máu về trực hệ.

Phạt tiền từ 1.000.000 đồng đến 3.000.000 đồng đối với các hành vi: kết hôn hoặc chung sống như vợ chồng giữa những người có họ trong phạm vi ba đời, kết hôn hoặc chung sống như vợ chống giữa cha mẹ nuôi với con nuôi, kết hôn hoặc chung sống như vợ chồng giữa những người đã từng là cha, mẹ nuôi với con nuôi, bố chồng với con dâu, mẹ vợ với con rể, bố dượng với con riêng của vợ, mẹ kế với con riêng của chồng.

Ngoài ra, hành vi cung cấp thông tin sai lệch để được cấp giấy xác nhận tình trạng hôn nhân; sử dụng giấy xác nhận tình trạng hôn nhân không đúng mục đích cũng sẽ bị phạt tiền từ 1.000.000 đồng đến 3.000.000 đồng",,,,,,,,,
"Tôi là kĩ sư, hiện đang là đội phó của một công ty xây dựng, lương của tôi hơn 10 triệu và ổn định, vợ tôi là giáo viên thể dục cấp 1. chúng tôi có con gái hơn 3 tuổi. tôi xin hỏi tư vấn của các luật sư nếu vợ tôi đơn phương nộp đơn ly hôn thì tài sản và quyền nuôi con như thế nào? Nguyên nhân là tôi hay phải đi công tác xa nhà, tôi lo cho vợ con tôi được đầy đủ nên vợ tôi ở nhà sinh ra hư hỏng ăn chơi và có bồ bịch, khi tôi biết được chuyện đó, vc đã có xô xát, và có những lời nói xúc phạm đến nhau và hai bên gia đình, tc đã sứt mẻ đến mức có thể bỏ nhau. nhưng tôi vì tương lai và cuộc sống của con nên tôi quyết định không bỏ nữa, muốn giữa lại hạnh phúc gia đình cho con, mặc dù vc cũng không còn nhiều tình cảm. nhưng nếu vợ tôi vẫn quyết định bỏ thì tòa sẽ giải quyết tranh chấp tài sản và quyền nuôi con như thế nào? Về quyền nuôi con? tôi muốn giữa hạnh phúc và gd cho con nên tôi không muốn bỏ, vợ tôi thì có bồ bịch và bây giờ lại muốn ly hôn. tôi có thu nhập cao, ổn định, gia đình nhà tôi cũng có dk, vợ tôi thì là giáo viện, vừa mới vào công chức, lương thấp hơn tôi rất nhiều. gia đình nhà cô ấy cũng không có dk, bố mẹ cũng bỏ nhau. nếu vợ tôi muốn bỏ thì tôi muốn giành quyền nuôi con vì tôi xét thấy vợ tôi là giáo viên, ko những dạy con mình mà còn dạy con người khác nữa, thế mà bồ bịch thì không đủ tư cách nuôi dạy con tôi. còn tôi thì không muốn bỏ để mong mọi điều tốt đẹp cho con. như thế tôi có quyền nuôi con không? Về tài sản. tôi có mảnh đất mua và đứng tên một mình tôi từ trước khi chúng tôi yêu nhau, từ khi lấy nhau về, vợ tôi có bầu nên tôi phải nuôi vợ con, đến khi con lớn tôi đã chạy tiền cho vợ tôi vào công chức ở một trường tiểu học ở hà nội. toàn bộ vật dụng sinh hoạt trong nhà có giá trị tôi đều tự mua hết. khi làm nhà cũng là tiền của tôi và bố mẹ đẻ tôi cho. vợ tôi và gia đình nhà vợ tôi không có gì hết, kể cả tiền chạy công chức cũng chỉ có tiền của tôi lo hết. đó cũng là tóm tắt sơ qua về cuộc đời của tôi đã hết lòng vì gia đình, vợ con. nhưng vợ tôi bây giờ có bồ bịch lại muốn ly hôn thì tôi có thể không phải chia tài sản cho vợ tôi không? tôi có đọc trên mạng những tài sản riêng có trước khi lấy nhau thì không bị chia tài sản đó. còn những tài sản kia, đặc biệt là ngôi nhà xây trên đó, tất cả là tiền của tôi, và bố mẹ đẻ của tôi cho, thì có bị đưa ra tòa tranh chấp không? hoặc vì tất cả là tiền của bên nhà tôi thì tôi có thể chứng minh trước tòa là nhà bố mẹ tôi xây trên đất của tôi cho chúng tôi ở để đỡ phải đi thuê nhà không? tiền làm nhà vẫn thiếu tôi phải vay thêm ngân hàng nhưng lại trả bằng lương của tôi. vợ tôi và gia đình nhà vợ không có công lao gì về những tài sản đó, khi đó thì tôi có phải phân chia tài sản không?","Tài sản trong thời kỳ hôn nhân, nếu xác định phần lớn do em đóng góp thì Tòa án có thể chia theo tỉ lệ 7/3 hoặc 6/4 tuy nhiên thông thường sẽ chia đôi. tài sản là thửa đất trước hôn nhân sẽ không chia.

vấn đề nuôi con thìem nên tìm chứng cứ chứng minh rằng vợ em ngoại tình thì mới có khả năng giành quyền nuôi con, bởi em là người xa nhà thường xuyên nên việc chăm sóc sẽ không tốt hơn vợ em đó chính là bất lợi.

nếu tòa chấp nhận cho em nuôi thì vợ em cấp dưỡng và ngược lại vợ em nuôi thì em sẽ phải cấp dưỡng cho đến lúc con em đủ 18 tuổi.

nếu em thực sự muốn giành quyền nuôi con thì tốt nhất em nên tìm luật sư để họ có cách xử lý, vì thông thường các luật sư thường có mối quan hệ với tòa án, còn phán quyết hoàn toàn do ý chí chủ quan của thẩm phán",,,,,,,,,
2 vợ cồng đã cưới nhau hơn 1 năm. nhưng do cuộc sống không phù hợp. cô ấy chỉ ở nhà không làm gì cả tới cơm nước mẹ tôi cũng phải nấu để cho cả nhà ăn. nhà có cơ sở  riêng cô ấy cũng chả giúp. nên tôi quyết định ly hôn. hiện 2 vợ chồng có 12 chỉ vàng. 10 chỉ vàng là do nhà trai cho 2 chỉ vàng do nhà gái cho. nhưng chung sống cô ấy lấy 2 chỉ vàng đi mua Điện thoại làm tài sản riêng. chỉ còn 10 chỉ vang nhưng khi ly hôn cô ấy lại đòi chia đôi 12 chỉ vàng. tôi rất ức. sống thì không giúp gì được đi thì đòi tiền thêm. trong khi sống ở nhà tôi tốn bao nhiêu tiền bạc nhà tôi. vi vậy khi ly hôn tôi có quyền không chia đôi số tiền đó cho cô ấy không,"Tài sản chung còn lại là 10 chỉ thì sẽ chia đôi, mỗi người 1/2. em đừng nói là nuoi6i tốn cơm hay tốn cả cải, em có nghĩ tối em ngủ cô ấy phải phục vụ em thì thế nào có tính tiền được? Là vợ chồng đừng nên tính toán kiểu như thế! e ko dạy được vợ thì nên tự trách bản thân mình nhé",,,,,,,,,
"Gia đình tôi có 2 mảnh đất chưa được cấp GCNQSDĐ. Khoảng 2006 do làm ăn khó khăn nên bố mẹ tôi đã viết giấy bán cho bác tôi mảnh đất số 1 với giá 20 triệu. Năm sau chị tôi đã bỏ tiền của mình chuộc lại mảnh đất với giá 130 tr Những năm sau do làm ăn vẫn khó khăn , gia đình tôi nợ số tiền 200tr, chị tôi đồng ý trả nợ giúp bố mẹ và thỏa thuận là sau này khi có GNNQSDĐ thì bố mẹ tôi sẽ sang tên mảnh đất trên cho chị, đó chỉ là thỏa Những năm tiếp theo ( tôi k nhớ rõ mốc năm nhưng nếu cần thiết có thể hỏi mẹ tôi rõ ràng được) gia đình tôi vẫn làm ăn khó khăn, chị ở nước ngoài đã nhiều lần gửi tiền trả nợ và chi tiêu. Căn nhà 3 tầng và nội thất bên mảnh đất số 2 cũng là tiền do chị tôi gửi về xây Hiện tại bố tôi ( đã về hưu) ,cờ bạc, và đã có con riêng ở bên ngoài, đối xử tệ bạc với mẹ tôi. Mẹ tôi làm ruộng. Vậy khi bố mẹ tôi li hôn chia tài sản, chị tôi có thể được nhận mảnh đất sô 1 đã chuộc lại và công sức đóng góp vào tài sản chung không? ( Lúc chuộc lại đất và xây nhà chị đều ở bên nước ngoài, chỉ gửi tiền về và bố tôi là người chuộc lại đất, bố cũng là người xây nhà bằng tiền của chị tôi)","Những tài sản mà chaa mẹ bạn tạo lập trong thời kỳ hôn nhân được xác định là tài sản chung. Khi ly hôn, có tranh chấp thì Tòa án giải quyết theo quy định của pháp luật. Theo đó, sẽ chia 2. Nếu chị của ba5tn cho rằng những tài sản đó là của mình hoặc do công sức đóng góp của mình thì phải có đơn yêu cầu. Khi đó tòa mới xem xét. Lưu ý, kèm theo đơn yêu cầu thì người chị phải cung cấp bằng chứng kèm theo.",,,,,,,,,
"Em và vợ em kết hon tu thang 05/2014, sau do tháng 07 /2014 vo em xin phép ve bên nhà mẹ ruột bán quán tạp hóa được khoảng 02 tháng thì vợ e về đưa dơn ly dị cho em ký ma hong co ly do chinh dang, Luật sư cho con hoi neu toa xu ly hon thi em co lay lại được tiền cưới hong ah.cám on Luật sư nhiều lắm.","Chào bạn,

Nếu có thỏa thuận giữa hai vợ chồng thì căn cứ vào đó để xác định trách nhiệm đối với tiền cưới của mỗi bên đóng góp. Tuy nhiên, nếu chỉ là tiền tổ chức đám cưới thông thường của họ nhà trai thì không có cơ sở pháp lý đề đòi lại, trừ khi bên vợ đồng ý như bạn yêu cầu.

Trân trọng!",,,,,,,,,
"Vợ chồng em mua 1 mảnh đất thuộc hộ của 1 gia đình, họ  đã ly hôn từ năm 2010 đã có phán quyết của tòa là chia làm 2 vợ 1 nửa và chồng 1 nửa, Nhưng vợ chồng họ đến nay vẫn chưa tách sổ ra làm 2 em mua luôn của cả hai và ra phòng công chứng làm hợp đồng mua bán, nhưng khi lên đến phòng tài nguyên họ bắt phải đi tách sổ ra làm 2 rồi làm 2 hợp đồng mua bán thì em mới mua hết được. Vậy cho em hỏi có cách nào không cần tách sổ hay thủ tục như thế nào cho nhanh được không? vì tách ra rồi lại nhập vào rất rắc rối. Liệu hai vợ chông ly dị rồi thì có thể làm đơn hay hợp đồng tặng cho hay không nhận tài sản để cho 1 người đứng sổ được không? vì em đã trả nhà họ 1 nửa tiền rồi, còn 1 nửa em trả qua ngân hàng phong tỏa tài khoản khi nào sang tên sổ đỏ xong thì họ mới được rút tiền.","Trường hợp này, hai vợ chồng người chủ đất có thể làm hợp đồng tặng cho phần tài sản của mình cho người kia, và người được nhận tặng cho ký hợp đồng chuyển nhượng với vợ chồng bạn. Như vậy sẽ không cần phải làm thủ tục tách thửa",,,,,,,,,
"Hiện bạn và chồng không thể chung sống được với nhau, hai bạn tạm thời ly thân trước khi ly hôn. Bạn hỏi, tài sản riêng do bạn sở hữu, người chồng có quyền sử dụng hay không? Hiện, chồng bạn luôn có những hành động như cướp giật toàn bộ tài sản riêng của bạn. Bạn sẽ phải gặp ai để đòi lại số tài sản do mình sở hữu?","Theo quy định tại Điều 43 và Điều 44 Luật hôn nhân và gia đình năm 2014 thì:

Tài sản riêng của vợ, chồng gồm tài sản mà mỗi người có trước khi kết hôn; tài sản được thừa kế riêng, được tặng cho riêng trong thời kỳ hôn nhân; tài sản được chia riêng cho vợ, chồng, tài sản phục vụ nhu cầu thiết yếu của vợ, chồng và tài sản khác mà theo quy định của pháp luật thuộc sở hữu riêng của vợ, chồng.

Tài sản được hình thành từ tài sản riêng của vợ, chồng cũng là tài sản riêng của vợ, chồng.

Vợ, chồng có quyền chiếm hữu, sử dụng, định đoạt tài sản riêng của mình. Trong trường hợp vợ hoặc chồng không thể tự mình quản lý tài sản riêng và cũng không ủy quyền cho người khác quản lý thì bên kia có quyền quản lý tài sản đó.

Do đó, trường hợp bạn đang ly thân với chồng mình thì về mặt pháp lý bạn và chồng bạn vẫn đang trong thời kỳ hôn nhân hợp pháp. Tài sản riêng của bạn thì bạn có quyền sở hữu, đồng nghĩa với việc chồng bạn không có quyền sử dụng tài sản riêng của bạn. Nếu chồng bạn có hành động như cướp giật toàn bộ số tài sản riêng của bạn có thể yêu cầu Tòa án giải quyết để bảo vệ quyền lợi của mình.",,,,,,,,,
"Kính gửi Luật Sư, Tôi mong luật sư có thể tư vấn cho tôi trong phân chia tài sản khi ly hôn. Anh tôi và chị dâu kết hôn và giấy đăng ký kết hôn cấp vào tháng 9/2008. Trước đó, mẹ chị dâu có hứa cho anh chị tôi một số tiền để mua mảnh đất, anh tôi có góp vốn vào là 60 triệu trên tổng số tiền là 400 triệu. Đất này do chị dâu đứng tên. Sổ đỏ được cấp trước tháng 09/2008. Đến nay trị giá là hơn 1 tỉ. Sau đó, anh chị tôi mua thêm 1 mảnh đất nữa, đất này do anh tôi đứng tên một mình (ngày tháng là sau ngày Đăng ký kết hôn). Giá trị đến nay là 200 triệu. Trong quá trình chung sống, anh tôi đi lao động nước ngoài có gửi về cho chị tôi khoảng hơn 300 triệu đồng (200 tr qua ngân hàng và 100 triệu tiền mặt). Chị dâu ở nhà nuôi con không đi làm. Giờ anh tôi đã về VN, anh chị tôi đăng muốn ly hôn.  Trong trường hợp trên tài sản phân chia như thế nào.  Nếu anh chị thảo thuận miệng với nhau mảnh đất ai đứng tên thì người đó lấy, thì có cần làm giấy tờ gì không? Nếu anh tôi muốn bán mảnh đất do anh tôi đứng tên, thì anh tôi cần làm những thủ tục nào? Xin chân thành cảm ơn Luật Sư","Quyền sử dụng đất mà vợ chồng có được sau khi kết hôn là tài sản chung của vợ chồng. Quyền sử dụng đất mà vợ hoặc chồng có được trước khi kết hôn, được thừa kế riêng chỉ là tài sản chung khi vợ chồng có thỏa  thuận.

Các bên có thể tự thỏa thuận chia tài sản khi ly hôn mà không yêu cầu Tòa án xem xét nhưng đối với quyền sử dụng đất thì việc thỏa thuận phân chia tài sản chung trong thời kỳ hôn nhân bằng văn bản có công chứng hoặc chứng thực mới có hiệu lực pháp luật.

Nếu anh bạn muốn chuyển nhượng thửa đất do anh bạn đứng tên trong thời điểm hiện tại (thời kỳ hôn nhân) thì vợ chồng anh bạn và người nhận chuyển nhượng quyền sử dụng đất lập hợp đồng có công chứng hoặc chứng thực rồi để bên nhận chuyển nhượng thực hiện việc đăng ký chuyển quyền sử dụng tại Phòng tài nguyên và môi trường quận huyện.

Nếu anh bạn muốn chuyển nhượng thửa đất do anh bạn đứng tên sau khi đã phân chia tài sản chung hoặc sau thời kỳ hôn nhân thì anh bạn và người nhận chuyển nhượng quyền sử dụng đất lập hợp đồng có công chứng hoặc chứng thực rồi để bên nhận chuyển nhượng thực hiện việc đăng ký chuyển quyền sử dụng tại Phòng tài nguyên và môi trường quận huyện.",,,,,,,,,
1 + gia đình em có anh với chị vừa ly hôn . ra tòa : tòa quyết định tài sản vợ chồng tự thỏa thuận . nhưng chồng đúng tên chủ sở hữu tài sản. và tiến hành giao dịnh buôn bán 2 căn nhà. công chứng vẩn chứng và tiến hành giao dịch.  + Hiện nay người vợ với 2 con đang ở nhà mẹ chồng . nguồn gốc tài sản là mẹ chồng tặng cho 2 vợ chồng nhưng 1 mình người chồng đứng tên chủ sở hưu. người mẹ xác định cho tài sản là 2 người. + nhưng tòa không đề cập tài sản gồm những gì. xin tư vấn dùm em. - bên công chứng làm như vậy là có đúng luật hay không xin tư vấn dùm em. - người vợ có được tranh chấp hay không. và yêu cầu chia tài sản . và nuôi con hay không. - và làm dơn nôp ở đâu và như thế nào.,"Như nội dung bạn nêu thì anh chị bạn thuận tình ly hôn, không có tranh chấp về tài sản và con chung. Tức là việc nuôi con và chia tài sản chung do các bên tự thoả thuận.

Về tài sản là quyền sử dụng đất và tài sản gắn liền với đất; được hình thành do mẹ chồng cho và đứng tên người chồng. Nếu không có cơ sở xác định tài sản được cho chung hai vợ chồng, và hồ sơ tặng cho chỉ có tên giữa mẹ chồng và chồng của chị bạn; tiếp đí GCN lại đứng tên anh ấy thì về nguyên tắc người chồng có quyền chuyển nhượng khối tài sản đó cho người khác. Văn phòng công chứng hoàn toàn có thể chứng HĐ này.

Tuy nhiên, nếu chị bạn có cơ sở xác định tài sản là quyền sử dụng, sở hữu chung thì có quyền yêu cầu Văn phòng đăng ký quyền sử dụng đất dựng sang tên trước bạ; tiến hành các thủ tục khởi kiện vụ án ra Toà án nhân dân có thẩm quyền giảiquyết theo quy định.",,,,,,,,,
"Trong buổi họp gia đình, bố mẹ vợ tôi có tuyên bố cho vợ chồng tôi căn nhà mặt tiền đường cùng với toàn bộ tài sản trong đó. Trong khi chờ chuyển sở hữu căn nhà thì vợ chồng tôi xảy ra mâu thuẫn và li hôn. Vậy căn nhà đó là tài sản chung hay tài sản riêng của vợ tôi. Căn cứ vào điều lệ nào ạ ??","Chào bạn,

Việc tặng cho căn nhà phải được lập thành văn bản và công chứng/chứng thực đầy đủ mới có hiệu lực pháp luật. Vì vậy, căn nhà đó vẫn thuộc quyền sở hữu của bố mẹ vợ bạn nên không phải là tài sản chung hay riêng của vợ chồng bạn.

Trân trọng!",,,,,,,,,
"Đời sống gia đình tôi không còn hạnh phúc nhưng vì con cái nên tôi và vợ tôi quyết định sống ly thân. Nay chúng tôi thỏa thuận sẽ chia tài sản để sau này ly hôn đỡ phức tạp, tranh chấp. Vậy chúng tôi có thể làm thế không? Chúng tôi phải làm gì để rạch ròi chuyện tài sản chung?","Căn cứ Luật Hôn nhân và gia đình năm 2014 (LHNGĐ) và Nghị định 126/2014/NĐ-CP ngày 31/12/2014 quy định chi tiết một số điều và biện pháp thi hành LHN&GĐ.

Theo đó, tại Điều 38 LHNGĐ  quy định:

“1. Trong thời kỳ hôn nhân, vợ chồng có quyền thỏa thuận chia một phần hoặc toàn bộ tài sản chung, trừ trường hợp quy định tại Điều 42 của Luật này; nếu không thỏa thuận được thì có quyền yêu cầu Tòa án giải quyết.

2. Thỏa thuận về việc chia tài sản chung phải lập thành văn bản. Văn bản này được công chứng theo yêu cầu của vợ chồng hoặc theo quy định của pháp luật.

3. Trong trường hợp vợ, chồng có yêu cầu thì Tòa án giải quyết việc chia tài sản chung của vợ chồng theo quy định tại Điều 59 của Luật này”.

Hậu quả pháp lý của việc chia tài sản chung trong thời kỳ hôn nhân được quy định tại Điều 14 NĐ 126/2014/NĐ-CP như sau:

“1. Việc chia tài sản chung của vợ chồng trong thời kỳ hôn nhân không làm chấm dứt chế độ tài sản của vợ chồng theo luật định.

2. Từ thời điểm việc chia tài sản chung của vợ chồng có hiệu lực, nếu vợ chồng không có thỏa thuận khác thì phần tài sản được chia; hoa lợi, lợi tức phát sinh từ tài sản đó; hoa lợi, lợi tức phát sinh từ tài sản riêng khác của vợ, chồng là tài sản riêng của vợ, chồng.

3. Từ thời điểm việc chia tài sản chung của vợ chồng có hiệu lực, nếu tài sản có được từ việc khai thác tài sản riêng của vợ, chồng mà không xác định được đó là thu nhập do lao động, hoạt động sản xuất, kinh doanh của vợ, chồng hay là hoa lợi, lợi tức phát sinh từ tài sản riêng đó thì thuộc sở hữu chung của vợ chồng”.

Do đó, bạn cần cân nhắc thật kỹ và nên đến nhờ luật sư tư vấn trước khi lập bản thỏa thuận phân chia tài sản chung trong thời kỳ hôn nhân để đảm bảo tốt nhất quyền lợi cho đôi bên.",,,,,,,,,
Xin hỏi luật sư những điểm cơ bản về chia tài sản khi ly hôn. Xin cảm ơn!,"1. Vợ chồng khi ly hôn có quyền tự thỏa thuận với nhau về toàn bộ các vấn đề, trong đó có cả việc phân chia tài sản. Trường hợp vợ chồng không thỏa thuận được mà có yêu cầu thì Tòa án phải xem xét, quyết định việc áp dụng chế độ tài sản của vợ chồng theo thỏa thuận hay theo luật định, tùy từng trường hợp cụ thể mà Tòa án xử lý như sau: Trường hợp không có văn bản thỏa thuận về chế độ tài sản của vợ chồng hoặc văn bản thỏa thuận về chế độ tài sản của vợ chồng bị Tòa án tuyên bố vô hiệu toàn bộ thì áp dụng chế độ tài sản của vợ chồng theo luật định để chia tài sản của vợ chồng khi ly hôn; Trường hợp có văn bản thỏa thuận về chế độ tài sản của vợ chồng và văn bản này không bị Tòa án tuyên bố vô hiệu toàn bộ thì áp dụng các nội dung của văn bản thỏa thuận để chia tài sản của vợ chồng khi ly hôn. Đối với những vấn đề không được vợ chồng thỏa thuận hoặc thỏa thuận không rõ ràng hoặc bị vô hiệu thì áp dụng các quy định tương ứng tại các khoản 2, 3, 4, 5 Điều 59 và các điều 60, 61, 62, 63 và 64 của Luật Hôn nhân và gia đình để chia tài sản của vợ chồng khi ly hôn. 2. Khi giải quyết ly hôn nếu có yêu cầu tuyên bố thỏa thuận về chế độ tài sản của vợ chồng bị vô hiệu thì Tòa án xem xét, giải quyết đồng thời với yêu cầu chia tài sản của vợ chồng khi ly hôn. 3. Chia tài sản chung của vợ chồng khi ly hôn, Tòa án phải xác định vợ, chồng có quyền, nghĩa vụ về tài sản với người thứ ba hay không để đưa người thứ ba vào tham gia tố tụng với tư cách người có quyền lợi, nghĩa vụ liên quan.  Trường hợp vợ, chồng có quyền, nghĩa vụ về tài sản với người thứ ba mà họ có yêu cầu giải quyết thì Tòa án phải giải quyết khi chia tài sản chung của vợ chồng. Trường hợp vợ chồng có nghĩa vụ với người thứ ba mà người thứ ba không yêu cầu giải quyết thì Tòa án hướng dẫn họ để giải quyết bằng vụ án khác. 4. Trường hợp áp dụng chế độ tài sản của vợ chồng theo luật định để chia tài sản của vợ chồng khi ly hôn thì tài sản chung của vợ chồng về nguyên tắc được chia đôi nhưng có tính đến các yếu tố sau đây để xác định tỷ lệ tài sản mà vợ chồng được chia:  “Hoàn cảnh của gia đình và của vợ, chồng” là tình trạng về năng lực pháp luật, năng lực hành vi, sức khỏe, tài sản, khả năng lao động tạo ra thu nhập sau khi ly hôn của vợ, chồng cũng như của các thành viên khác trong gia đình mà vợ chồng có quyền, nghĩa vụ về nhân thân và tài sản theo quy định của Luật Hôn nhân và gia đình. Bên gặp khó khăn hơn sau khi ly hôn được chia phần tài sản nhiều hơn so với bên kia hoặc được ưu tiên nhận loại tài sản để bảo đảm duy trì, ổn định cuộc sống của họ nhưng phải phù hợp với hoàn cảnh thực tế của gia đình và của vợ, chồng.  “Công sức đóng góp của vợ, chồng vào việc tạo lập, duy trì và phát triển khối tài sản chung” là sự đóng góp về tài sản riêng, thu nhập, công việc gia đình và lao động của vợ, chồng trong việc tạo lập, duy trì và phát triển khối tài sản chung. Người vợ hoặc chồng ở nhà chăm sóc con, gia đình mà không đi làm được tính là lao động có thu nhập tương đương với thu nhập của chồng hoặc vợ đi làm. Bên có công sức đóng góp nhiều hơn sẽ được chia nhiều hơn.  “Bảo vệ lợi ích chính đáng của mỗi bên trong sản xuất, kinh doanh và nghề nghiệp để các bên có điều kiện tiếp tục lao động tạo thu nhập” là việc chia tài sản chung của vợ chồng phải bảo đảm cho vợ, chồng đang hoạt động nghề nghiệp được tiếp tục hành nghề; cho vợ, chồng đang hoạt động sản xuất, kinh doanh được tiếp tục được sản xuất, kinh doanh để tạo thu nhập và phải thanh toán cho bên kia phần giá trị tài sản chênh lệch. Việc bảo vệ lợi ích chính đáng của mỗi bên trong sản xuất, kinh doanh và hoạt động nghề nghiệp không được ảnh hưởng đến điều kiện sống tối thiểu của vợ, chồng và con chưa thành niên, con đã thành niên nhưng mất năng lực hành vi dân sự.  “Lỗi của mỗi bên trong vi phạm quyền, nghĩa vụ của vợ chồng” là lỗi của vợ hoặc chồng vi phạm quyền, nghĩa vụ về nhân thân, tài sản của vợ chồng dẫn đến ly hôn. 5. Giá trị tài sản chung của vợ chồng, tài sản riêng của vợ, chồng được xác định theo giá thị trường tại thời điểm giải quyết sơ thẩm vụ việc. 6. Giải quyết chia tài sản khi ly hôn, Tòa án phải xem xét để bảo vệ quyền, lợi ích hợp pháp của vợ, con chưa thành niên, con đã thành niên mất năng lực hành vi dân sự hoặc không có khả năng lao động và không có tài sản để tự nuôi mình. Trên đây là 6 nguyên tắc cơ bản khi giải quyết về tài sản của vợ chồng khi ly hôn. Anh nghiên cứu vận dụng.",,,,,,,,,
"Kính chào luật sư, 
 
	Em có đọc tham khảo Luật hôn nhân nhưng vẫn chưa rõ về việc phân biệt giữa tài sản chung và tài sản riêng. Xin nhờ luật sư tư vấn giùm: 
 
	I. Phân biệt là tài sản chung hay riêng: 
 
	1. Em có căn hộ bố mẹ mua cho theo hình thức góp vốn trước khi đám cưới, tên chủ hộ là tên em. Sau khi đám cưới thì căn hộ hoàn thiện và được giao cho em.  
 
	2. Trong quá trình hôn nhân, giả sử bố mẹ 2 bên cho nhà cửa, đất đai, xe cộ để ở để đi nhưng ko đứng tên vợ hay chồng hoặc có đứng tên vợ hay chồng nhưng không có giấy tờ gì chứng nhận là của bố mẹ cho. 
 
	3. Trong quá trình hôn nhân, 2 vợ chồng mua đất, nhà hay xe, đứng tên vợ hoặc chồng và không có biên bản đăng kí tài sản chung gì cả, thì tài sản đấy khi ly hôn là của ai? 
 
	II. Chị gái và anh rể em cưới nhau. Mỗi người đều có 1 con ngoài giá thú, chị em có con trai, anh rể em có con gái. Bố mẹ em cũng tặng cho chị một căn hộ theo hình thức góp vốn như em nói ở trên. Gia đình anh rể em có nhiều tài sản nhưng ko có gì đứng tên anh cả. 2 anh chị đã có 1 con chung 2 tuổi. 
 
	Chị gái và anh rể em đang có ý định ly hôn. Vậy việc phân chia tài sản và quyền nuôi duong các con sẽ như thế nào xin nhờ tư vấn? 
 
	Nếu nhờ luật sư trực tiếp hỗ trợ thì chi phí là bao nhiêu ạh? 
 
	Em xin cảm ơn nhiều!","Bạn hỏi khá nhiều nội dung, nhưng tôi đưa cho bạn Nguyên tắc xác định và phân chia tài sản của vợ chồng để bạn hình dung và áp dụng vào vụ việc nhà bạn:

1. Tài sản riêng gồm:

- Tài sản có trước hôn nhân (tất cả những gì là tài sản,tiền, vàng, nhà cửa....)'

- Tài sản có trong thời kỳ hôn nhân mà được hình thành từ các nguồn:

+ Tặng cho riêng;

+ Thừa kế riêng;

+ Vợ chồng thỏa thuận là riêng;

- Ngoài tài sản riêng thì những tài sản còn lại đều thuộc tài sản chung:

2. Tài sản chung: Được thực hiện cho những nghĩa vụ chung của gia đình, công nợ chung.

3. Việc căn hộ của bạn có được là do dùng tiền trước khi đăng ký kết hôn để mua, có thể nói tiền bỏ ra mua là tiền riêng, nhưng khi hình thành căn hộ, khi được cấp giấy chứng nhận sở hữu căn hộ thì đó là là tài sản chung. Bạn phải rất lưu ý vấn đề này vì ít nhiều cho đến khi căn hộ được cấp giấy chứng nhận bạn cũng và đã sử dụng một phần tiền chung vào đó để được cấp giấy chứng nhận căn hộ, tất nhiên phần này là phần nhiều. Về mặt quan hệ hành chính thì khi bạn mua bán chuyển nhượng các tổ chức hành nghề công chứng đều phải căn cứ vào thời điểm ghi trên sổ, ngày ban hành quyết định cấp để khẳng định đây là tài sản chung hay tài sản riêng. Nếu khi có tranh chấp thì bạn hoàn toàn chứng minh được phần lớn tài sản này là của riêng bạn, có thể có phần chung nhưng rất ít.",,,,,,,,,
"Tôi kết hôn trên 5 năm và vẫn chung sống cùng gia đình chồng. Trong thời gian này, tuy tôi chỉ làm dâu, phụ lo việc nhà, nhưng chồng tôi đi làm và đóng góp cùng gia đình. Trong đó, vai trò của chồng tôi là chính. Nay, vì nhiều lý do, vợ chồng tôi chuẩn bị ly hôn. Trường hợp này, tôi sẽ được chia tài sản như thế nào?","Điều 61 Luật Hôn nhân và Gia đình quy định việc chia tài sản trong trường hợp vợ chồng sống chung với gia đình, như sau:

1. Trong trường hợp vợ chồng sống chung với gia đình mà ly hôn, nếu tài sản của vợ chồng trong khối tài sản chung của gia đình không xác định được thì vợ hoặc chồng được chia một phần trong khối tài sản chung của gia đình căn cứ vào công sức đóng góp của vợ chồng vào việc tạo lập, duy trì, phát triển khối tài sản chung cũng như vào đời sống chung của gia đình. Việc chia một phần trong khối tài sản chung do vợ chồng thỏa thuận với gia đình; nếu không thỏa thuận được thì yêu cầu tòa án giải quyết.

2. Trong trường hợp vợ chồng sống chung với gia đình mà tài sản của vợ chồng trong khối tài sản chung của gia đình có thể xác định được theo phần thì khi ly hôn, phần tài sản của vợ chồng được trích ra từ khối tài sản chung đó để chia theo quy định tại Điều 59 của luật này.",,,,,,,,,
"Ba mẹ tôi đã ly hôn cách đây 2 năm. Về quan hệ con chung thì Ba tôi  trực tiếp nuôi 2 đứa con là tôi (1994) và em trai tôi (2004). Tạm hoãn nghĩa vụ cấp dưỡng nuôi con cho Mẹ tôi do Ba tôi không yêu cầu cho đến nay.Tài sản chung 2 vợ chồng là căn nhà cấp 4 diện tích 72m2 và do 2 người đứng tên. Nhưng ghi thuận tình ly hôn thì trong đơn ly dị thì họ nói không có tài sản. Về tài sản chung và nợ chung : Hai bên xác nhận không có.  Như thỏa thuận trên, do ông bà Nội tôi mất nhưng ông bà Ngoại tôi còn và họ thỏa thuận tài sản này thuộc về 2 anh em tôi và đợi tôi chính thức 18 tuôi toàn bộ tài sản sẽ được ba mẹ tôi kí nhận chuyển quyền sử dụng cho 2 anh em tôi. Vào ngày 10/03/2012. Ba cha con tôi vào thỏa thuận giấy tờ chuyển quyền như đã định nhưng bên Ngoại tôi từ chối cho mẹ tôi kí tên xác nhận vì họ cho rằng Mẹ tôi vẫn còn đứng tên giấy tờ nhà và Hộ khẩu gia đình. Vậy cho tôi hỏi tài sản này có thuộc về anh em tôi không ? Hiệu lực của giấy tờ nhà của Ba Mẹ tôi và Hộ khẩu có tác dụng với điều này không?","Hai quan hệ bạn nêu trên không giống nhau, không liên quan gì đến định đoạt tài sản của cha mẹ bạn bởi lẽ:

1/ Quan hệ hôn nhân : cha mẹ bạn ly hôn không có tài sản chung ( có xác nhận hai bên) thì ly hôn Tòa án phân định việc ainuôi con ai có nghĩa vụ cấp dưỡng cho đến khi con đủ 18 tuổi.

2/ Quan hệ thừa kế tài sản do cha mẹ bạn để lại : chưa phát sinh vì cha mẹ bạn vẫn còn sống, nếu cha mẹ muốn để lại căn nhà cho 2 anh em bạn thì phải làm Hợp đồng tặng cho tài sản này.

Do vậy, bạn chưa xác lập quyền sở hữu tài sản nào cho đến khi cha mẹ bạn làm Hợp đồng tặng cho tài sản cho 2 anh em bạn.",,,,,,,,,
"Kính chào quý Luật sư ! Tôi có một vấn đề cần sự tư vấn của quý luật sư như sau: Ba mẹ tôi kết hôn năm 1985 và có 3 người con chung, tôi (26 tuổi), em gái 20 tuôi (bị bệnh thiểu năng) và một em gái nhỏ năm nay 11 tuổi (hiện đang định cư với mẹ tôi tại Hoa Kỳ).  Do trong quá trình chung sống, ba tôi thường hay nhậu nhẹt say xỉn và đánh đập mẹ tôi nên vào năm 2006 ba mẹ tôi đã ly hôn. Trong quyết định ly hôn, phần con chung là mẹ tôi nuôi hết; phần tài sản chung (bao gồm căn nhà gia đình tôi đang ở tại vũng tàu), căn nhà này đứng tên cả ba và mẹ tôi,  đã tự thỏa thuận xong. Sau khi ly hôn, mẹ tôi sang nước ngoài định cư và mỗi tháng đều gửi tiền về nuôi dương chúng tôi. Khi ký đơn ly dị, ba tôi đã yêu cầu mẹ tôi lập một giấy thỏa thuận tay rằng nếu sau 3 năm kể từ ngày mẹ tôi sang nước ngoài mà không về việt nam thì phần tài sản chung sẽ do ba tôi toàn quyền định đoạt. Năm 2008, mẹ tôi về Việt nam để lo thủ tục bảo lãnh em gái út sang định cư với mẹ để tiện việc chăm sóc, ba tôi  đã gây rất nhiều trở ngại cản trở mẹ tôi lo thủ tục cho em gái út (vì lúc đó bé út sống với ba, và mỗi tháng mẹ tôi gửi tiền về nuôi  dưỡng). Rất khó khăn mẹ tôi mới lo được thủ tục cho em út sang định cư cùng mẹ. Hỏi: Nay mẹ tôi muốn khởi kiện ra tòa yêu cầu tòa án chia lại tài sản chung là căn nhà đứng tên chung giữa ba và mẹ tôi thì có được không? Vì nghe nói trong thời gian qua, ba tôi đã nhiều lần rao bán căn nhà trên nhưng vì đứng tên sở hữu 2 người nên chưa bán được . Trường hợp nếu ba tôi đem thế chấp căn nhà trên thì có được không? Nếu căn nhà trên đã được thế chấp cho ngân hàng thì trong trường hợp mẹ tôi khởi kiện yêu cầu tòa án phân chia tài sản chung thì có được hay không? Xin cám ơn quý Luật sư.","1.                       Theo thông tin bạn nêu thì ba mẹ bạn đã có quyết định có hiệu lực của Tòa án công nhận thuận tình ly hôn, đối với tài sản do hai bên tự thỏa thuận. Tuy nhiên, việc thỏa thuận của bố mẹ bạn về việc chia tài sản chung chưa có hiệu lực pháp luật (chưa công chứng, chứng thực văn bản thỏa thuận và đăng ký theo quy định pháp luật). Do vậy, đến nay nhà đất trên vẫn là tài sản chung của bố mẹ bạn. Việc định đoạt phải có sự đồng ý của cả hai người. Nếu không có ý kiến của mẹ bạn thì ba bạn không thể thế chấp, bán, chuyển nhượng được căn nhà đó theo quy định pháp luật. Nếu ba bạn tự ý thế chấp hoặc bán căn nhà trên thì mẹ bạn có quyền khởi kiện để yêu cầu Tòa án tuyên bố giao dịch đó là vô hiệu.

2.           Trong vụ việc của gia đình bạn, tốt nhất là bố mẹ bạn nên thỏa thuận để chia tài sản chung tránh mâu thuẫn, tranh chấp kéo dài ảnh hưởng đến quyền lợi hợp pháp của hai bên. Nếu không tự thỏa thuận được thì có thể đề nghị Tòa án chia tài sản sau ly hôn theo quy định pháp luật.",,,,,,,,,
"Bố mẹ tôi ly hôn năm 2006 Bố mẹ  tôi có 1 mảnh đất rộng 100m2 vẫn mang tên của bà ngoại tôi nhưng ông, bà ngoại đã kí giấy sang tên đất cho bố mẹ tôi nhưng chưa làm sổ đỏ. Khi  ly hôn tòa tuyên bố chỉ ly hôn nhưng chưa chia tài sản. Hiện tại mẹ tôi và anh em tôi đang SỐNG trên mảnh đất 100m2. Còn bố tôi đã có người khÁC nhưng chưa đăng kí kết hôn với người đó và sống với người đó  tại căn nhà dưới quê của ông nội cho riêng bố tôi Luật sư cho tôi hỏi Thời gian ly hôn đã qua 1 thời gian dài vậy bố tôi có QUYỀN được đề nghị với tòa án cho chia tài sản là mảnh đất 100m2 kia nữa không? Tòa án có chia được không","I. Thẩm quyền của tòa án

Điều 27 BLTTDS năm 2004 sửa đổi bổ sung năm 2011 quy định: Những tranh chấp về hôn nhân và gia đình thuộc thẩm quyền giải quyết của Toà án bao gồm:

""1. Ly hôn, tranh chấp về nuôi con, chia tài sản khi ly hôn.

2. Tranh chấp về chia tài sản chung của vợ chồng trong thời kỳ hôn nhân.

3. Tranh chấp về thay đổi người trực tiếp nuôi con sau khi ly hôn.

4. Tranh chấp về xác định cha, mẹ cho con hoặc xác định con cho cha, mẹ.

5. Tranh chấp về cấp dưỡng.

6. Các tranh chấp khác về hôn nhân và gia đình mà pháp luật có quy định.""

Như vậy, theo quy định pháp luật trên thì bố bạn có quyền khởi kiện để yêu cầu Tòa án giải quyết chia tài sản chung vợ chồng sau khi ly hôn đối với thửa đất trên nếu bố mẹ bạn không thỏa thuận được với nhau về việc phân chia tài sản. Điều 159 BLTTDS sửa đổi năm 2011 quy định không hạn chế thời hiệu khởi kiện đối với tranh chấp quyền sử dụng đất cụ thể như sau;

“Điều 159. Thời hiệu khởi kiện, thời hiệu yêu cầu

1. Thời hiệu khởi kiện vụ án dân sự là thời hạn mà chủ thể được quyền khởi kiện để yêu cầu Tòa án giải quyết vụ án dân sự bảo vệ quyền và lợi ích hợp pháp bị xâm phạm; nếu thời hạn đó kết thúc thì mất quyền khởi kiện, trừ trường hợp pháp luật có quy định khác.

2. Thời hiệu yêu cầu giải quyết việc dân sự là thời hạn mà chủ thể được quyền yêu cầu Tòa án giải quyết việc dân sự để bảo vệ quyền và lợi ích hợp pháp của cá nhân, cơ quan, tổ chức, lợi ích công cộng, lợi ích của Nhà nước; nếu thời hạn đó kết thúc thì mất quyền yêu cầu, trừ trường hợp pháp luật có quy định khác.

3. Thời hiệu khởi kiện vụ án dân sự được thực hiện theo quy định của pháp luật. Trường hợp pháp luật không có quy định về thời hiệu khởi kiện vụ án dân sự thì thực hiện như sau:

a) Tranh chấp về quyền sở hữu tài sản; tranh chấp về đòi lại tài sản do người khác quản lý, chiếm hữu; tranh chấp về quyền sử dụng đất theo quy định của pháp luật về đất đai thì không áp dụng thời hiệu khởi kiện;

b) Tranh chấp không thuộc trường hợp quy định tại điểm a khoản này thì thời hiệu khởi kiện vụ án dân sự là hai năm, kể từ ngày cá nhân, cơ quan, tổ chức biết được quyền và lợi ích hợp pháp của mình bị xâm phạm.

4. Thời hiệu yêu cầu giải quyết việc dân sự được thực hiện theo quy định của pháp luật. Trường hợp pháp luật không có quy định về thời hiệu yêu cầu thì thời hiệu yêu cầu để Tòa án giải quyết việc dân sự là một năm, kể từ ngày phát sinh quyền yêu cầu, trừ các việc dân sự có liên quan đến quyền dân sự về nhân dân của cá nhân thì không áp dụng thời hiệu yêu cầu.”

II. Chia tài sản chung

Bạn chưa nói rõ là việc bà ngoại bạn đã ""ký giấy sang tên nhưng chưa làm sổ đỏ"" là giấy gì? Giấy đó ký thời điểm nào. Nếu là hợp đồng tặng cho thì cơ hội chia tài sản chung sẽ không cao. Nếu là hợp đồng chuyển nhượng quyền sử dụng đất ký trước ngày 01/7/2004 thì cơ hội để tòa án công nhận hợp đồng chuyển nhượng đó theo quy định tại Nghị quyết số 02/2004/N!-HĐTP và chia tài sản chung cho  cha bạn.",,,,,,,,,
Việc chia tài sản khi ly hôn được giải quyết thế nào?,"Theo Điều 27 Luật Hôn nhân và gia đình quy định: ""Tài sản chung của vợ chồng gồm tài sản do vợ, chồng tạo ra, thu nhập do lao động, hoạt động sản xuất, kinh doanh và những thu nhập hợp pháp khác của vợ chồng trong thời kỳ hôn nhân; tài sản mà vợ chồng được thừa kế chung hoặc được tặng cho chung và những tài sản khác mà vợ chồng thoả thuận là tài sản chung. Quyền sử dụng đất mà vợ chồng có được sau khi kết hôn là tài sản chung của vợ chồng... Tài sản chung của vợ chồng thuộc sở hữu chung hợp nhất"". Như vậy, nếu căn nhà vợ chồng bạn được bố mẹ tặng cho chung hoặc tặng cho một bên nhưng vợ chồng thoả thuận là tài sản chung thì căn nhà được xác định là tài sản chung của vợ chồng. Việc chia tài sản sau ly hôn do các bên thoả thuận, nếu không thoả thuận được thì yêu cầu Toà án giải quyết. Trong trường hợp đó, việc chia tài sản khi ly hôn được giải quyết theo các nguyên tắc như sau: - Tài sản chung của vợ chồng về nguyên tắc được chia đôi, nhưng có xem xét hoàn cảnh của mỗi bên, tình trạng tài sản, công sức đóng góp của mỗi bên vào việc tạo lập, duy trì, phát triển tài sản này. Lao động của vợ, chồng trong gia đình được coi như lao động có thu nhập; - Bảo vệ quyền, lợi ích hợp pháp của vợ, con chưa thành niên hoặc đã thành niên bị tàn tật, mất năng lực hành vi dân sự, không có khả năng lao động và không có tài sản để tự nuôi mình; - Bảo vệ lợi ích chính đáng của mỗi bên trong sản xuất, kinh doanh và nghề nghiệp để các bên có điều kiện tiếp tục lao động tạo thu nhập; - Tài sản chung của vợ chồng được chia bằng hiện vật hoặc theo giá trị; bên nào nhận phần tài sản bằng hiện vật có giá trị lớn hơn phần mình được hưởng thì phải thanh toán cho bên kia phần giá trị chênh lệch.",,,,,,,,,
"Bà nội tôi có 1 mảnh đất,khi bà nội tôi mất có làm giấy di chúc để lại mảnh đất cho ba tôi. Ba và mẹ tôi ở cùng trên mảnh đất đó, cùng nhau xây đắp nhà cửa khang trang và nuôi bà nội nhưng di chúc chỉ để lại cho ba tôi, vậy xin hỏi luật sư khi ba và mẹ tôi li hôn mẹ tôi có được chia tài sản không","Căn cứ nội dung bạn trình bày thì mảnh đất là tài sản riêng thuộc quyền sở hữu của bà nội bạn. Bà nội bạn đã di chúc lại cho cha bạn là người thừa hưởng di sản đó. Vì thế căn cứ các quy định của bộ luật dân sự thì giả sử di chúc là hợp pháp thì đương nhiên tài sản thuộc quyền sở hữu của cha bạn. Cũng theo quy định của bộ luật dân sự 2005 thì mẹ bạn không thuộc trường hợp người được hưởng thừa kế không phụ thuộc vào di chúc của bà nội bạn. Trong trường hợp này nếu mẹ bạn có công sức, tiền bạc làm gia tăng giá trị đất, xây dựng tài sản trên đất thì sẽ được xem xét công sức đóng góp làm gia tăng giá trị đất. Mẹ bạn cũng được quyền phân chia tài sản đối với tài sản trên đất theo quy định của luật HNGĐ về nguyên tắc chia tài sản chung của vợ chồng khi ly hôn.",,,,,,,,,
"Vợ chồng tôi năm nay đã lớn tuổi. Nhưng vì bất đồng quan đểm sống nên Ly hôn. 1. Hai đứa con trai của tôi đã hơn 18 tuổi. Được toà án cho biết sau khi Ly hôn tài sản chỉ chia cho 2 vợ chồng chứ không chi cho con cái ( vì con cái đã hơn 18 tuổi ). Như vậy có đúng không ? 2. Nếu sau khi 2 vợ chồng ly hôn, tài sản cũng được chia đều thì sau này, con cái có được quyền đòi hỏi cha hoặc mẹ phải chia số tài sản đó nữa không ? ( Ví dụ: mẹ đã được chia tài sản sau khi ly hôn với cha, sau này mẹ muốn cho con út số tài sản mẹ đang giữ thì người con lớn có quyền kiện và đòi quyền được chia số tài sản của mẹ hay không ?)","1. Tài sản chung thì chỉ chia cho vợ và chồng, ko chia cho con là đúng, trừ trường hợp con chứng minh có công sức đóng góp vào khối tài sản chung đó.

Ví dụ ông bà có thửa đất, sau đó con ông bà bỏ tiền ra để sửa chưa nhà hết 100.000 000 đồng thì ông bà phải thanh toán tiền đó lai cho con, rồi mới chia đôi

2. Sau khi chia tài sản của bố hoặc mẹ, thì bố hoặc mẹ có quyền cho bất kỳ ai mà người khác không được ý kiến hay đòi hỏi phải chia",,,,,,,,,
"Cho cháu hỏi, hiện nay gia đình cháu có 4 người, cháu thì đang học ở TP HCM, còn chị và mẹ cháu thì ở Quy Nhơn...từ khi cháu vào TP HCM đến giờ thì ở nhà Bố cháu thường xuyên uống rượu và chửi mẹ cháu và chị cháu thậm chí còn đánh mẹ cháu nữa và bố cháu đuổi bà ngoại cháu ra khỏi nhà nữa không cho mẹ cháu nuôi nữa... Luật sư cho cháu hỏi nếu ly hôn thì cháu và chị cháu có quyền lựa chọn ở với ai không ạ vì 2 chị em cháu đều đã hơn 18t rồi & nếu mẹ cháu hoặc bố cháu viết đơn thì ai sẽ đóng tiền án phí vậy và hiện nay thi gia đình cháu có 2 căn nhà nếu chuyện  ly hôn xảy ra thật sự thì chia tài sản ra sao vậy luật sư vì 2 chị em cháu đều lựa chọn ở với mẹ và cháu còn đi học nữa và tòa sẽ sử như thế nào vậy?","Nếu bố mẹ bạn ly hôn thì ai nộp đơn khởi kiện thì người đó nộp tiền tạm ứng án phí. 02 chị em bạn đã trên 18 tuổi nên Tòa không giải quyết việc con chung và cấp dưỡng. 02 chị em bạn ở với ai là quyền của các bạn. Vì tài sản chung thì về nguyên tắc sẽ chia đôi, có tính đến công sức đóng góp của các bên.",,,,,,,,,
"Cháu có 1 số vấn đề thắc mắc mong luật sư giải đáp giúp cháu. Cha và mẹ cháu tính ly hôn và thỏa thuận phân chia tài sản tại nhà. Làm giấy tờ có công chứng tại xã. Cha cháu lấy 1 số tiền và đưa hết quyền sử dụng đất (2 căn nhà và mẫu đất). Luật sư cho cháu hỏi. 1. Giấy chia tài sản có được pháp luật công nhận hay không? Giấy được xã công chứng và các con làm chứng. Nội dung giấy bao gồm thời gian, lý do ly hôn, tài sản phân chia, quyền nuôi dưỡng con, chữ ký cha mẹ và các con. 2. Hiện giờ mẫu đất của gia đình cháu chỉ làm giấy tay chưa có giấy chứng nhận quyền sử dụng đất và đứng tên cha cháu. Sau khi ly hôn, mẹ cháu có thể làm giấy chứng nhận quyền sử dụng đất đứng tên mẹ cháu được không? Có cần cha cháu phải ký tên chuyển nhượng hay không? Nếu cần mà cha cháu không về ký tên chuyển nhượng thì phải làm sao? 3. Hiện giờ tòa án đang thụ lý ly hôn của cha mẹ cháu, nếu cha cháu đòi phân chia tài sản nữa có được hay không?","1. Thỏa thuận dân sự được xác lập có xác nhận UBND là hợp lệ do đó tài sản được phân định giữa cha mẹ cháu.

Khi cha mẹ cháu ly hôn Tòa án sẽ căn cứ vào Văn bản thỏa thuận phân chia tài sản này để giải quyết, về cơ bản công nhận thỏa thuận này chỉ phân chia các tài sản khác của cha me cháu và xem xét việc nuôi con và nghĩa vụ cấp dưỡng.

2. Khi cha cháu đứng tên giấy tờ nhưng căn cứ giấy thỏa thuận phân chia tài sản có UBND xã công chứng như vậy cha cháu vẫn phải thực hiện theo nội dung này, mặc dù giấy tờ chứng nhận quyền sử dụng nhà và đất chưa có nhưng Tòa vẫn xem đó là căn cứ phân chia tài sản chung khi cha mẹ cháu ly hôn

3. Như đã nói ở trên, quyết đinh Tòa án xem xét thỏa thuận của cha mẹ cháu do đó cha cháu không có quyền đơn phương chuyển dịch tài sản nào nếu không được sự đồng ý của mẹ cháu và chưa có quyết định có hiệu lực của Tòa án.",,,,,,,,,
"Kính thưa các chú luật sư, mong các chú giúp con giải quyết vấn đề này. Mẹ của con và cha dượng kết hôn với nhau năm 2003, khi về thì đất có sẵn, mẹ con canh tác trồng cây cao su đến nay đã được 7 năm và đang thu hoạch. Sau 11 năm chung sống thì sinh ra nhiều mâu thuẫn vợ chồng. Cách đây khoãng 20 bữa, mẹ con đi làm về khoãng 8h tối thì bị ông ấy chạy ra và đánh liên tục không cho vào nhà khiến mẹ gặp nhiều thương tích. Quá bức xúc nên mẹ con tìm đến chính quyền để can thiệp và cho mẹ con về nhà ngoại. Mẹ muốn ly hôn và ông ấy đồng ý. Vậy thưa luật sư, sau khi ra toà thì mẹ con có được hưởng tài sản gì hay không, kính mong các chú luật sư tư vấn. Cảm ơn !!!","Mẹ bạn có quyền ly hôn nhưng vấn đề chia tài sản phải căn cứ trên:

1.  Nếu tài sản có trước thời kỳ hôn nhân là TS riêng của cha dượng thì mẹ bạn không được chia.

2. Nếu là tài sản chung trong thời kỳ hôn nhân thì theo nguyên tắc chia đôi nhưng cũng có xem xét công sức đóng góp của mỗi bên.

Do đó , tùy một trong hai trường hợp trên cách phân chia TS của Tòa án sẽ khác nhau. Bạn cần hướng dẫn mẹ bạn nếu trường hợp do bị đánh đập có gây thương tích thì mẹ cần có giấy chứng thương.",,,,,,,,,
"Xin kính chào luật sư, Xin luật sư vui lòng tư vấn giúp tôi vấn đề ly hôn. Tôi xin trình bày cụ thể từng phần như sau: Về mâu thuẫn và nguồn gốc: Ba mẹ tôi chung sống với nhau có đăng ký kết hôn từ năm 1986 đến nay gia đình phát sinh mâu thuẫn do ba tôi ngoại tình bên ngoài. Mẹ con tôi đã bắt được mối quan hệ bất chính này trong khách sạn (có nhân chứng). Về tài sản: Khi cưới nhau ba mẹ tôi sống cùng ba mẹ vợ, không có nhà riêng. Tài sản trong thời gian chung sống của ba mẹ tôi không có gì nhiều cũng chỉ là xe máy và các đóng góp công sức của ba tôi vào việc sửa chữa nhà do ông bà ngoại tôi để lại mà thôi. Nhưng có một phần tài sản lớn là một quyền sử dụng đất vói diện tích hơn 1.100 mét vuông. Đất này của ông bà ngoại để lại cho mẹ tôi (trong giai đoạn hôn nhân). Hiện do mẹ tôi đứng tên quyền sở hữu, khi ông bà ngoại cho có làm giấy thừa kế với nội dung là để là cho con là Võ Thị B, không có ghi rõ là cho riêng con gái hay là cho cả 2 vợ chồng. Và một điểm liên quan nữa là giấy kê khai nguồn gốc đất để đóng thuế trước bạ thì trong đó lại có tên cả 2 vợ chồng cùng khai là ""đất do ông bà để lại"".                          => Vấn đề ở đây là không phân định được mảnh đất này tài sản chung hay riêng. Về vay nợ: Trong thời gian chung sống làm ăn có những khoản nợ chung mà cả 2 vợ chồng đều đứng ra vay mượn và các khoản nợ riêng do ba tôi vay mượn bên ngoài mà mẹ tôi và gia đình không hề hay biết và cũng không có sử dụng tiền từ khoản vay mà ba tôi lén vay bên ngoài.                          => Vấn đề ở đây là khi ly hôn các khoản nợ này sẽ được tính như thế nào? Từ lý do mâu thuẫn trên và những bất đồng trong việc thỏa thuận phân chia tài sản, các khoản nợ nên mẹ tôi quyết định làm đơn ly hôn và ba tôi cũng đồng ý ký tên vào. Nhưng về phần tài sản, nợ không tự phân chia được nên có liệt kê chi tiết tất cả vào trong đơn để nhờ tòa phân chia. File đính kèm là đơn ly hôn mà ba mẹ tôi đã ký, kính mong luật sư xem qua và giải đáp giúp tôi một số vấn đề: 1/ Khi tôi và mẹ tôi đem đơn này đến tòa án nơi cứ trú để nộp thì người tiếp nhận xem và nói là đơn không hợp lệ, phải tự thỏa thuận phần chia tài sản trước khi nộp nhưng không giải thích là không hợp lệ thế nào? Và phải làm như thế nào cho hợp lệ. Xin luật sư xem và tư vấn cho tôi để tôi có thể làm một tờ đơn hợp lệ. 2/ Về phần án phí, tôi đã tham khảo qua môt số mục tư vấn trên diễn đàn, cũng như tai tòa án nơi nộp đơn. Thì đây là môt vụ ly hôn không thỏa thuận được phân chia tài sản và phải nhờ tòa giải quyết. Do đó sẽ phải đóng thêm một khoản án phí ngoài mức phí thụ lý hồ sơ thông thường dựa trên % giá trị tài sản không thỏa thuận dc. Xin luật sư cho hỏi đây là trường hợp "" Nhờ tòa phân chia tài sản "" có khác với "" Tranh chấp tài sản khi ly hôn "" hay không? Và trong trường hợp này thì mức án phí phải nộp khi thu lý hồ sơ là bao nhiêu? Bỏ qua các tài sản có giá trị nhỏ thì giá trị của mảnh đất nói trên theo thời diểm hiện tại 7/2012 với giá thị trường là khoảng gần 8 tỷ VND (7 triệu/1 mét vuông). 3/  Về khoản nợ đã ghi trong đơn và ba tôi đã kí nay có thêm 2 chủ nợ đến đòi do đó không có ghi trong đơn. Tờ đơn này ba mẹ tôi kí trước khi bắt được quả tang quan hệ bất chính của ba tôi ở khách sạn. Hiện tại ba tôi đã không còn ở nhà nữa, không thể kí lại đơn mới. Vậy mẹ tôi muốn bổ sung thêm khoản nợ mới vào đơn thì phải làm thế nào? Trên đây là toàn bộ những vướng mắc mà gia đình tôi gặp phải. Trong đơn ly hôn gửi kèm do ly do riêng tư nên các thông tin cá nhân tôi chỉ mang tính chất minh họa. Kính mong nhận được sự chia sẻ từ quý luật sư. Chân thành cảm ơn!","- Thứ nhất: Di chúc để lại đất cho con là Võ Thị B thì đương nhiên Võ Thị B được thừa kế riêng. (Ở đây  quan cấp giấy chứng nhận có sự nhầm lẫn).

- Thứ hai. Nếu ba em không chứng minh được những khoản nợ mà ông vay để phục vụ mục đích sinh hoạt chung cho cả gia đình thì sẽ không thể coi là nợ chung.

- Thứ ba: Án phí dân sự sơ thẩm những vụ án có giá ngạch từ trên 4ty là 112trieu đồng + 0,1% của phần vượt quá 4ty. Tài sản của nhà em sẽ  không tính theo giá thị trường. Khi chuẩn bị xét xử thì sẽ có hội đồng định giá tài sản này

- Cuối cùng : nếu mẹ em đứng đơn thì không nên yêu cầu chia tài sản vì như vậy sẽ phải nộp tiền tạm ứng án phí.",,,,,,,,,
"Vào khoảng năm 1994, sau khi ba mẹ kết hôn 2 năm ( năm 1992) bà nội có để lại cho ba một ít đất, nhưng khi làm giấy tờ sang tên sổ đỏ, trong sổ đỏ chỉ ghi ông A chứ không ghi ông (bà) A, vậy thì đất đó có phải là tài sãn chung không. Vào đầu tháng 3 năm 2012, ba mẹ em có làm một tờ giấy ly thân, cả hai người đều đã ký giấy đồng ý, sau đó mẹ có dùng tiền riêng của mình để mua lại một mảnh đất của ông bà ngoại, như vậy phần đất này có được coi là tài sản chung của hai người hay không. Vào năm 2011, gia đình em có bán một mảnh đất ở nơi khác, và phần giá trị của đất đó đã chia làm 4 phần (gia đình em có 4 người)  mỗi người một phần, vậy phần đất tại nhà (của bà nội cho ba) có còn của chung không? Bây giờ khi nói đến việc chia tài sãn khi ly dị thì ba nói là tài sãn đã chia rồi, còn phần đất hiện tại là bà nội để lại cho riêng mình ba, ba mẹ con không có quyền được hưởng gì hết. Nhưng nếu có phân chia tài sản thì phải cộng luôn tài sản bà nội để lại cho ba và phần tài sản mẹ mới mua rồi mới chia ra, do phần đất mẹ mua sau nhiều hơn rất nhiều so với đất bà nội để lại cho ba, nên việc chia tài sản là bất lợi. Không biết ba nói như vậy có đúng không? Ba có con trai riêng ở bên ngoài (con ngoài dã thú) và ba nói sẽ để lại dy chúc chia toàn bộ đất cho người con trai đó, và không để lại cho ba mẹ con phần nào, như vậy nếu tranh chấp thì em có lợi gì không? Rất mong sẽ nhận được câu trả lời sớm nhất! Và nếu ly dị thì phần đất của bà nội để lại cho ba (cho ba trong thời kỳ hôn nhân), mẹ và hai con có phần hay không?","1/ Mảnh đất do bà nội của bạn cho riêng ba bạn, mặc dù đang trong thời kỳ hôn nhân nhưng do được tặng cho riêng nên đó là tài sản rêng của ba bạn.

2/ Mặc dù ba và mẹ bạn có ký giấy ly thân với nhau. Nhưng theo qui định của pháp luật thì chỉ có trường hợp ly hôn và phải có bản án hay quyết định của tòa án thì lúc đấy mới được xem là chấm dứt cuộc hôn nhân, do vậy mảnh đất do mẹ bạn mua vẫn được xem là tài sản chung của ba mẹ bạn vì nó được tạo lập trong thời kỳ hôn nhân.

3/ Nếu ba và mẹ bạn có ly dị với nhau thì phần đất của bà nội bạn đã cho riêng ba bạn về nguyên tắc vẫn không được chia vì đây là tài sản riêng. Còn nếu ba bạn muốn chia thì đó là quyền của ông ấy. Bạn có thể tham khảo thêm các qui định sau nhé.

Điều 27. Tài sản chung của vợ chồng

1. Tài sản chung của vợ chồng gồm tài sản do vợ, chồng tạo ra, thu nhập do lao động, hoạt động sản xuất, kinh doanh và những thu nhập hợp pháp khác của vợ chồng trong thời kỳ hôn nhân; tài sản mà vợ chồng được thừa kế chung hoặc được tặng cho chung và những tài sản khác mà vợ chồng thoả thuận là tài sản chung.

Quyền sử dụng đất mà vợ chồng có được sau khi kết hôn là tài sản chung của vợ chồng. Quyền sử dụng đất mà vợ hoặc chồng có được trước khi kết hôn, được thừa kế riêng chỉ là tài sản chung khi vợ chồng có thoả thuận.

Tài sản chung của vợ chồng thuộc sở hữu chung hợp nhất.

2. Trong trường hợp tài sản thuộc sở hữu chung của vợ chồng mà pháp luật quy định phải đăng ký quyền sở hữu thì trong giấy chứng nhận quyền sở hữu phải ghi tên của cả vợ chồng.

3. Trong trường hợp không có chứng cứ chứng minh tài sản mà vợ, chồng đang có tranh chấp là tài sản riêng của mỗi bên thì tài sản đó là tài sản chung.

Điều 32. Tài sản riêng của vợ, chồng

1. Vợ, chồng có quyền có tài sản riêng.

Tài sản riêng của vợ, chồng gồm tài sản mà mỗi người có trước khi kết hôn; tài sản được thừa kế riêng, được tặng cho riêng trong thời kỳ hôn nhân; tài sản được chia riêng cho vợ, chồng theo quy định tại khoản 1 Điều 29 và Điều 30 của Luật này; đồ dùng, tư trang cá nhân.

2. Vợ, chồng có quyền nhập hoặc không nhập tài sản riêng vào khối tài sản chung.",,,,,,,,,
"Ông A và Bà B lấy nhau từ năm 1991 có 2 người con, Năm 2003 được UBND huyện cấp GCNQSD đất với diện tích là 51,4 m2 (trên đất đã có căn nhà 3 tầng xây dựng năm 2000 nhưng khi cấp GCNQSD đất ko cấp Quyền sở hữu nhà và tài sản gắn liền với đất), sổ đỏ đứng tên ông A, đến 12/5/2015 ông A và bà B được Tòa án nhân dân cấp huyện công nhận thuận tình ly hôn qua Quyết định điều 2 có nói tài sản chung thì do 2 bên tự thỏa thuận; điều 4 nói là quyết định có hiệu lực ngay sau khi ban hành và không được kháng cáo theo thủ tục phúc thẩm. Ngày 13/5/2015 2 ông bà A,B ra UBND cấp xã làm biên bản thỏa thuận phân chia tài sản trong văn bản thỏa thuận chỉ nói là Bà B được hưởng ngôi nhà 3 tầng (trị giá 2,5 tỷ) và 100 triệu tiền mặt. ông A được hưởng 2,5 tỷ tiền mặt và 100 triệu tiền hàng. trong văn bản thỏa thuận có 2 bên nội ngoại ký tên xác nhận và UBND xã xác nhận chữ ký của các bên là đúng vào thời điểm ngày 13/5/2015. Nhưng khi làm thủ tục chuyển quyền sử dụng đất từ ông A cho bà B thì cơ quan thuế có nói là hồ sơ không hợp lệ vì ngày xác nhận của xã là sai, vì cơ quan thuế nói sau khi có quyết định phải có 15 ngày kháng cáo. Và trong văn bản thỏa thuận chỉ nhắc tới nhà nhưng chưa nhắc đến đất, vậy luật sư cho e hỏi thuế nói thế là đúng hay sai, và nếu đúng thì sửa những j trong văn bản thỏa thuận, nếu sai thì căn cứ vào đâu để bác bỏ ý kiến của cơ quan thuế!","Quan điểm của cơ quan Thuế như bạn nêu là chưa hoàn toàn đúng với quy định của pháp luật. Bởi lẽ, Quyết định công nhận thuận tình ly hôn có hiệu lực pháp luật ngay, các bên không có quyền kháng cáo, Viện Kiểm sát không có quyền kháng nghị theo trình tự phúc thẩm.

Việc thoả thuận phân chia tài sản chung sau ly hôn cũng là quyền của các đương sự, pháp luật không cho phép và đảm bải quyền này; tuy nhiên, nội dung thoả thuận cần phải rõ ràng, đầy đủ. Bởi vậy, Cơ quan Thuế cho rằng văn bản thảo thuận chị nêu quyền sở hữu về nhà chứ không có thông tin về đất là chính xác - Quyền sử dụng đất và quyền sở hữu tài sản gắn liên với đất là hai quyền khác nhau.

Theo tôi, để phù hợp các bên cần thiết lập lại văn thoả thuận mới với nội dung đầy đủ hơn về quyền sử dụng đất và tài sản gắn liên với đất.",,,,,,,,,
"Xin nhờ chương trình giúp tôi về việc chia tài sản sau khi ly hôn. Năm 1996, tôi có kết hôn đến nay là năm 2011 thì vợ chồng tôi ly hôn, tôi có một phần đất thổ cư được cấp giấy chứng nhận quyền sử dụng đất năm 1992, vậy khi ly hôn thì phần đất này được coi la chung hay riêng.","Theo Luật hôn nhân gia đình năm 2000 tại Điều 32. Tài sản riêng của vợ, chồng.

“1. Vợ, chồng có quyền có tài sản riêng.

Tài sản riêng của vợ, chồng gồm tài sản mà mỗi người có trước khi kết hôn; tài sản được thừa kế riêng, được tặng cho riêng trong thời kỳ hôn nhân; tài sản được chia riêng cho vợ, chồng theo quy định tại khoản 1 Điều 29 và Điều 30 của Luật này; đồ dùng, tư trang cá nhân.

2. Vợ, chồng có quyền nhập hoặc không nhập tài sản riêng vào khối tài sản chung”

Và Điều 27. Tài sản chung của vợ chồng.

“1. Tài sản chung của vợ chồng gồm tài sản do vợ, chồng tạo ra, thu nhập do lao động, hoạt động sản xuất, kinh doanh và những thu nhập hợp pháp khác của vợ chồng trong thời kỳ hôn nhân; tài sản mà vợ chồng được thừa kế chung hoặc được tặng cho chung và những tài sản khác mà vợ chồng thoả thuận là tài sản chung.

Quyền sử dụng đất mà vợ chồng có được sau khi kết hôn là tài sản chung của vợ chồng. Quyền sử dụng đất mà vợ hoặc chồng có được trước khi kết hôn, được thừa kế riêng chỉ là tài sản chung khi vợ chồng có thoả thuận.

Tài sản chung của vợ chồng thuộc sở hữu chung hợp nhất.

2. Trong trường hợp tài sản thuộc sở hữu chung của vợ chồng mà pháp luật quy định phải đăng ký quyền sở hữu thì trong giấy chứng nhận quyền sở hữu phải ghi tên của cả vợ chồng.

3. Trong trường hợp không có chứng cứ chứng minh tài sản mà vợ, chồng đang có tranh chấp là tài sản riêng của mỗi bên thì tài sản đó là tài sản chung”

@ Theo như hai điều trên thì phần đất thổ cư được cấp giấy chứng nhận quyền sử dụng đất năm 1992 của bạn là tài sản riêng của bạn và khi bạn li hôn được chia theo quy định của luật hôn nhân gia đình năm 2000 tại Điều 95. Nguyên tắc chia tài sản khi ly hôn.

“1. Việc chia tài sản khi ly hôn do các bên thoả thuận; nếu không thoả thuận được thì yêu cầu Toà án giải quyết. Tài sản riêng của bên nào thì thuộc quyền sở hữu của bên đó.”",,,,,,,,,
"Thân chào luật sư ! Tôi có một số thắc mắc xin luật sư giải đáp giúp Vợ chồng tôi lấy nhau được hơn 20 năm, nhưng thời gian gần đây có nhiều mâu thuẫn và có ý định ly hôn. Vậy tôi xin luật sư giải quyết giúp tôi việc sau: Vợ chồng tôi có 2 đứa con, một đứa 16 tuổi và 1 đứa 20 tuổi. Tài sản chung của chúng tôi hiện có 2 căn nhà. Nếu ly hôn thì 2 đứa con tôi sẽ do tôi nuôi dưỡng,nhưng chồng tôi lại có ý chia đôi tài sản. Con gái lớn của tôi đã đủ tuổi vị thành niên, tôi muốn con tôi cũng có quyền được phân chia tài sản nhưng chồng tôi kiên quyết phản đối.Vậy tôi xin hỏi luật sư trường hợp trên giải quyết như thế nào? Tôi muốn con tôi cũng có quyền sở hữu một phần tài sản của chúng tôi. Tôi mong luật sư trả lời tôi sớm! Tôi xin chân thành cảm ơn!","Khi giải quyết ly hôn nếu có yêu cầu chia tài sản thì hai bên có quyền trình bày ý kiến để tòa án xem xét giải quyết nếu hai bên ko tự giải quết được.

Về nguyên tắc tài sản chung trong thời gian hôn nhân phải chia đôi nếu hai bên ko có thỏa thuận nào khác. Tài sản của hai vợ chồng chị tạo lập trong thời gian hôn nhân là tài sản chung của hai vợ chồng và con cái tuy ở chung trong nhà nhưng nếu không có công sức đóng góp tạo lập thì không có quyền gì về tài sản của cha mẹ mình trừ quyền thừa hưởng di sản khi cha mẹ qua đời hoặc được cha mẹ đồng ý chuyển nhượng tài sản.

Do vậy, tài sản sẽ được chia đôi cho chị và chồng chị. Con gái lớn đã thành niên nên cha mẹ không còn trách nhiệm cấp dưỡng. Con 16 tuổi chưa thành niên nếu chị nuôn thì chồng chị phải cấp dưỡng nuôi con đến khi được 18 tuổi. Con cái ko có quyên gì đối với tài sản của cha mẹ như trên đã trình bày trừ khi cha hoặc mẹ đồng ý chuyển một phần hoặc toàn bộ phần tài sản của mình cho con.",,,,,,,,,
"Tôi kết hôn được 5 năm, đã có 2 con, 1 con gái 5 tuổi và 1 con trai 4 tuổi. Nay đời sống hôn nhân trục trặc, bác sỹ kết luận con trai tôi bị rối loạn ngôn ngữ do vợ tôi là người Hoa, còn tôi là người Việt. Hiện, cháu đã được 4 tuổi mà vẫn chưa nói được. Bác sỹ khuyên chỉ nên sử dụng 1 ngôn ngữ để dạy trẻ trước, nhưng vợ tôi không nghe. Nay tôi muốn đơn phương ly hôn, xin cho hỏi ly hôn như thế thì quyền lợi về con cái và tài sản của tôi được chia như thế nào? Tài sản chung của 2 vợ chồng tôi tỷ lệ 6/4 (tôi 6 phần; vợ tôi 4 phần).","1. Về nguyên tắc phân chia tài sản chung của vợ, chồng Luật hôn nhân và gia đình 2014 quy định vợ chồng có quyền lựa chọn áp dụng chế độ tài sản theo luật định hoặc chế độ tài sản theo thỏa thuận (khoản 1 Điều 28). Tương ứng với mỗi chế độ tài sản thì khi ly hôn sẽ được giải quyết theo các nguyên tắc khác nhau. Theo đó, khoản 1 Điều 59 Luật này quy định: - Trong trường hợp chế độ tài sản của vợ chồng theo luật định thì việc giải quyết tài sản do các bên thỏa thuận; nếu không thỏa thuận được thì theo yêu cầu của vợ, chồng hoặc của hai vợ chồng, Tòa án giải quyết theo quy định tại các khoản 2, 3, 4 và 5 Điều này và tại các điều 60, 61, 62, 63 và 64 của Luật này. - Trong trường hợp chế độ tài sản của vợ chồng theo thỏa thuận thì việc giải quyết tài sản khi ly hôn được áp dụng theo thỏa thuận đó; nếu thỏa thuận không đầy đủ, rõ ràng thì áp dụng quy định tương ứng tại các khoản 2, 3, 4 và 5 Điều này và tại các điều 60, 61, 62, 63 và 64 của Luật này để giải quyết. Căn cứ các quy định nêu trên, nếu việc thỏa thuận phân chia tài sản chung theo tỷ lệ 6/4 (như anh trình bày) không phù hợp với quy định tại Điều 47 và Điều 48 Luật hôn nhân và gia đình 2014 về hình thức và nội dung của thỏa thuận xác lập chế độ tài sản của vợ, chồng thì việc phân chia tài sản của vợ chồng anh sẽ áp dụng chế độ tài sản theo luật định. Khi đó, anh và vợ sẽ phải thỏa thuận về việc phân chia khối tài sản này. Nếu không thỏa thuận được, Tòa án sẽ giải quyết theo các nguyên tắc quy định tại khoản 2, 3 và 4 Điều 59 Luật hôn nhân và gia đình 2014: “2. Tài sản chung của vợ chồng được chia đôi nhưng có tính đến các yếu tố sau đây: a) Hoàn cảnh của gia đình và của vợ, chồng; b) Công sức đóng góp của vợ, chồng vào việc tạo lập, duy trì và phát triển khối tài sản chung. Lao động của vợ, chồng trong gia đình được coi như lao động có thu nhập; c) Bảo vệ lợi ích chính đáng của mỗi bên trong sản xuất, kinh doanh và nghề nghiệp để các bên có điều kiện tiếp tục lao động tạo thu nhập; d) Lỗi của mỗi bên trong vi phạm quyền, nghĩa vụ của vợ chồng. 3. Tài sản chung của vợ chồng được chia bằng hiện vật, nếu không chia được bằng hiện vật thì chia theo giá trị; bên nào nhận phần tài sản bằng hiện vật có giá trị lớn hơn phần mình được hưởng thì phải thanh toán cho bên kia phần chênh lệch. 4. Tài sản riêng của vợ, chồng thuộc quyền sở hữu của người đó, trừ trường hợp tài sản riêng đã nhập vào tài sản chung theo quy định của Luật này. Trong trường hợp có sự sáp nhập, trộn lẫn giữa tài sản riêng với tài sản chung mà vợ, chồng có yêu cầu về chia tài sản thì được thanh toán phần giá trị tài sản của mình đóng góp vào khối tài sản đó, trừ trường hợp vợ chồng có thỏa thuận khác.” 2. Về quyền và nghĩa vụ với con Theo quy định tại khoản 1 Điều 81 Luật hôn nhân và gia đình 2014 thì sau khi ly hôn, cha mẹ vẫn có quyền, nghĩa vụ trông nom, chăm sóc, nuôi dưỡng, giáo dục con chưa thành niên, con đã thành niên mất năng lực hành vi dân sự hoặc không có khả năng lao động và không có tài sản để tự nuôi mình. Ngoài ra, vợ chồng anh chị cần phải tiến hành việc thỏa thuận về người trực tiếp nuôi con, nghĩa vụ, quyền của mỗi bên sau khi ly hôn đối với con; trường hợp không thỏa thuận được thì Tòa án quyết định giao con cho một bên trực tiếp nuôi căn cứ vào quyền lợi về mọi mặt của con. Cha, mẹ không trực tiếp nuôi con có nghĩa vụ cấp dưỡng cho con.",,,,,,,,,
"Ngày 22/10/2007, Tòa án nhân dân huyện Cư Kuin đã tiến hành xét xử công khai vụ kiện ly hôn giữa tôi và chồng tôi là ông Lê Xuân Nam tại bản án số 12 tòa án đã tuyên chia tài sản cho tôi diện tích 8525m 2 nằm trong diện tích đất 17050m 2 tại giấy chứng nhận quyền sử dụng đất số W 844786 thửa đất số 37 tờ bản đồ số 22 và chia cho ông Lê Xuân Nam diện tích 8525m 2 nằm trong diện tích đất 17050m 2 tại giấy chứng nhận quyền sử dụng đất số W 844786 thửa đất số 37 tờ bản đồ số 22 Sau khi ly hôn tôi đã rời khỏi địa phương đi làm ăn, sinh sống tại Đăk Nông. Phần diện tích đất được chia tôi cho ông Lê Diễn là em ruột của ông Lê Xuân Nam để thay tôi quản lý sử dụng. Đến tháng 2/2012 ông Lê Xuân Nam viết giấy tay chuyển nhượng cho ông Lê Xuân San diện tích 7000m 2.  Đến ngày 13/5/2013, tôi mới phát hiện ông Lê Xuân Nam đã chuyển nhượng cho ông Lê Xuân San khi đo đạc lại thực tế thì tôi còn lại diện tích 6000m2 không đủ diện tích như bản án đã tuyên cho tôi. Lý do giấy chứng nhận quyền sử dụng dất số W844786 cấp với diện tích là 17 050m2 là sai so với diện tích thực tế vì diện tích thực tế từ trước tới nay là 13 000m2. Nay tôi yêu cầu ông Nam lấy diện tích đất thực tế 13 000m2 chia đôi. Tôi nhận 6500 ông Nam nhận 6500m2 nhưng ông Nam không chịu.  Thực tế từ khi bản án có hiệu lực tôi không biết phải yêu cầu thi hành án như thế nào? Vậy tôi kính trình bày đến quý luật sư mong được sự quan tâm tư vấn của quý luật sư. Tôi xin chân thành cám ơn.","Mời bạn tham khảo 1 số quy định của Luật Thi hành án dân sự như sau:

Điều 3 1 . Đơn yêu cầu thi hành án

1. Đơn yêu cầu thi hành án có các nội dung chính sau đây:

a) Họ, tên, địa chỉ của người yêu cầu;

b) Tên cơ quan thi hành án dân sự nơi yêu cầu;

c) Họ, tên, địa chỉ của người được thi hành án; người phải thi hành án;

d) Nội dung yêu cầu thi hành án;

đ) Thông tin về tài sản hoặc điều kiện thi hành án của người phải thi hành án.

2. Người làm đơn yêu cầu thi hành án phải ghi rõ ngày, tháng, năm và ký tên hoặc điểm chỉ; trường hợp là pháp nhân thì phải có chữ ký của người đại diện hợp pháp và đóng dấu của pháp nhân.

Trường hợp người yêu cầu thi hành án trực tiếp trình bày bằng lời nói tại cơ quan thi hành án dân sự thì phải lập biên bản ghi rõ các nội dung quy định tại khoản 1 Điều này, có chữ ký hoặc điểm chỉ của người yêu cầu và chữ ký của người lập biên bản. Biên bản có giá trị như đơn yêu cầu thi hành án.

Kèm theo đơn yêu cầu thi hành án, phải có bản án, quyết định được yêu cầu thi hành và tài liệu khác có liên quan, nếu có.

3. Người yêu cầu thi hành án có quyền yêu cầu cơ quan thi hành án dân sự áp dụng biện pháp bảo đảm thi hành án quy định tại Điều 66 của Luật này.

Điều 3 2 . Thủ tục gửi đơn yêu cầu thi hành án

1. Người yêu cầu thi hành án tự mình hoặc uỷ quyền cho người khác yêu cầu thi hành án bằng một trong các hình thức sau đây:

a) Nộp đơn hoặc trực tiếp trình bày bằng lời nói tại cơ quan thi hành án dân sự;

b) Gửi đơn qua bưu điện.

2. Ngày gửi đơn yêu cầu thi hành án được tính từ ngày người yêu cầu thi hành án nộp đơn hoặc trình bày trực tiếp tại cơ quan thi hành án dân sự hoặc ngày có dấu bưu điện nơi gửi",,,,,,,,,
"Xin chào Luật sư Tôi lấy chồng được 10 năm nhưng chưa có con. Thời gian gần đây chúng tôi thường xuyên xảy ra mâu thuẫn và đang chuẩn bị ly hôn. Khi chúng tôi lấy nhau thì chưa có nhà, sau đó bố mẹ tôi có xây cho chúng tôi 1 căn nhà cấp 4 trên đất của bố mẹ tôi. khi xây nhà hoàn toàn là tiền của bố mẹ tôi, sau đó bố mẹ tôi sang tên mảnh đất cho tôi. Đến nay chúng tôi cũng mới trả được 1/2 số tiền trên.  Vậy xin hỏi lụât sư: - Mảnh đất và nhà mang tên tôi có phải là tài sản chung hay không - Sau khi ly hôn thì tôi có phải chia ngôi nhà đó cho chồng tôi không Cảm ơn luật sư","Thứ nhất: Tài sản của bố mẹ bạn là nhà và đất, cho bạn trong thời kỳ hôn nhân, tuy nhiên mảnh đất đứng tên 1 bạn, nhưng bạn không làm thủ tục đó là tài sản riêng trong thời kỳ hôn nhân, thì đó vẫn là tài sản chung bạn nhé. Thứ hai: Nếu là tài sản chung, thì khi ly hôn toà án sẽ chia đôi số tài sản hai vợ chồng bạn có được trong thời kỳ hôn nhân.",,,,,,,,,
"Năm 2002 tôi kết hôn. Tôi và Vợ tôi sống chung với Ba Mẹ vợ; Năm 2004 tôi và vợ tôi có 1 con chung; - Năm 2005 tôi có mua 1 miếng đất  và căn nhà cấp 4 trên miếng đất đó với giá là 120 triệu đồng, trong đó tôi và vợ tôi có đóng góp 55 triệu còn 45 triệu do Mẹ vợ đóng góp, sau đó làm tôi làm giấy chứng nhận quyền sử dụng đất thì quận và Tp chỉ công nhận có 35 m2; -  Năm 2008 tôi có sửa chữa tòan bộ từ đất cho đến nhà (Trong đó tôi có mở rộng căn nhà nên lấn thêm phần đất mà nhà nước không công nhận là 105 m2, sửa chữa có chứng nhận giấy tờ tay của ông thầu sửa chữa) và sau đó tôi và con tôi dọn về đó sống cho đến nay; - Năm 20010 Tôi và Vợ ly hôn, về con chung tòa quyết định giao cho tôi trực tiếp nuôi dưỡng và tôi cũng không nhận trợ cấp nuôi bé. - Năm 2012 tôi kết hôn với vợ sau và lấn thêm phần đất không công nhận là 20 m2, xây dựng có chứng nhận tay của người xây dựng - Năm 2013 Vợ trước đòi phân chia tài sản. Hai bên đã lên UBND 2 lần để hòa giải nhưng không thành vì miếng đất quá nhỏ không thể tách sổ, UBNN đã đưa lên Tòa Án Quận để giải quyết Tôi lo lắng không biết Tòa giải quyết phân chia ra sau? Tòa định giá tài sản như thế nào?","Quy định pháp luật không bảo giờ là đầy đủ hoặc dự liệu hết các tình huống nên ở đây tôi chỉ nêu một số nội dung mang tính nguyên tắc mà dựa vào đó có thể tòa án sẽ quyết định vấn đề tài sản như bạn nêu.

- Tòa sẽ lập hội đồng để định giá tài sản chung của vợ chồng nếu thấy cần thiết.

- Tài sản chung là những gì đã được cấp chủ quyền hoặc những tài sản khác vợ chồng đã tạo dựng chưa được cấp giấy chủ quyền, ví dụ công trình xây trên đất (kể cả đất bạn nói là lấn). Đất chưa được cấp chủ quyền cũng có thể được định giá, tùy quyết định của hội đồng, tòa án.

- Những gì tạo lập trong thời kỳ hôn nhân là tài sản chung. Bạn phải chứng minh tài sản riêng (công trình xây dựng sau khi ly hôn). Nếu không chứng minh được thì coi như tài sản chung và chia đôi (có tính đến công sức đóng góp của mỗi bên).

- Miến đất không chia được thì các bên thỏa thuận. Nếu không thỏa thuận được, tòa án có thể quyết định giao cho một bên và bên kia được nhận  giá trị của mình",,,,,,,,,
"Xin luật sư tư vấn giúp : Hiện tại chị Tôi đang hợp thức hoá thì UBND quận yêu cầu văn bản có ý kiến chồng cũ. Nhà chị Tôi mua giấy tay 2002, Lý hôn năm 2007, anh rễ Tôi có quốc tịch Singapore. Vậy anh rễ Tôi phải làm văn bản gì để chị Tôi có thể một mình hợp thức hoá và đứng tên trên sổ hồng. Thành thật cám ơn luật sư","Chào bạn,

Theo như nội dung bạn trình bày (dù chưa rõ ràng) thì luật sư cũng đoán ra rằng hai vợ chồng người chị đã ly hôn (năm 2007) và chồng cũ là người nước ngoài. Khi giải quyết ly hôn thì hai vợ chồng không yêu cầu tòa án giải quyết về tài sản nên căn nhà (mua bằng giấy tay năm 2002) vẫn là tài sản chung chưa giải quyết phân chia sau ly hôn. Vì thế, hiện nay chị bạn tiến hành hợp thức hóa đứng tên căn nhà thì cơ quan giải quyết yêu cầu phải có văn bản nêu ý kiến của người chồng đã ly hôn.

Theo quy định của pháp luật thì mặc dù về quan hệ hôn nhân đã chấm dứt (tòa đã giải quyết cho ly hôn) nhưng quan hệ về tài sản vẫn tồn tại: Căn nhà vẫn là tài sản chung của hai người nên cả hai đều có quyền sở hữu tài sản theo quy định của pháp luật. Vì thế, muốn hợp thức hóa đứng tên mình thì cần phải có văn bản nêu rõ ý kiến của người chồng cũ xác nhận căn nhà là tài sản riêng của vợ cũ hoặc là tài sản chung nhưng đồng ý để vợ cũ toàn quyền sở hữu và tiến hành các thủ tục hợp thức hóa đứng tên căn nhà, cam kết không tranh chấp hay khiếu nại gì về sau. Văn bản thể hiện ý kiến này cần công chứng/chứng thực theo quy định hoặc hợp thức hóa lãnh sự (nếu được lập từ nước ngoài gời về Việt Nam) để gởi cho cơ quan chức năng xem xét giải quyết thủ tục hợp thức hóa căn nhà.

Thân chào bạn",,,,,,,,,
"Vợ chồng tôi ly hôn, tài sản chung đều do hai vợ chồng gây dựng nên mà có. Tôi có ba đứa con, con lớn: 28 tuổi, con thứ hai: 22 tuổi, con út: 13 tuổi. Vậy sau khi ly hôn, các con tôi có được chia đều tài sản không? Tôi xin chân thành cảm ơn Luật sư","Khi ly hôn, tài sản chung của vợ chồng về nguyên tắc được chia đôi có xem xét công sức đóng góp của các bên, các con không được chia phần tài sản chung của bố mẹ trừ trường hợp bố mẹ thỏa thuận cho con phần tài sản đó.

Đối với người con út 13 tuổi, một bên vợ hoặc chồng sẽ là người trực tiếp nuôi, người còn lại có nghĩa vụ cấp dưỡng.",,,,,,,,,
"Vợ chồng tôi đang chuẩn bị ly hôn. Nếu ly hôn tôi sẽ là người gặp khó khăn hơn chồng tôi, vì anh ấy có việc làm ổn định, còn tôi thì không việc làm tốt, sức khỏe lại kém. Vậy, khi ly hôn và chia tài sản thì tôi có được đề nghị xem xét về hoàn cảnh này không?","Về điều này, chị có thể trình bày hoàn cảnh và đề nghị tòa án xem xét. Theo khoản 4 Điều 7 Thông tư Liên tịch số 01/TTLT- TANDTC- VKSNDTC- BTP: Trường hợp áp dụng chế độ tài sản của vợ chồng theo luật định để chia tài sản của vợ chồng khi ly hôn thì tài sản chung của vợ chồng về nguyên tắc được chia đôi nhưng có tính đến nhiều yếu tố để xác định tỷ lệ tài sản mà vợ chồng được chia. Trong đó, điểm a điều khoản này có quy định yếu tố về “Hoàn cảnh của gia đình và của vợ, chồng”.

Đó là tình trạng về năng lực pháp luật, năng lực hành vi, sức khỏe, tài sản, khả năng lao động tạo ra thu nhập sau khi ly hôn của vợ, chồng cũng như của các thành viên khác trong gia đình mà vợ chồng có quyền, nghĩa vụ về nhân thân và tài sản theo quy định của Luật Hôn nhân và Gia đình.

Bên gặp khó khăn hơn sau khi ly hôn được chia phần tài sản nhiều hơn so với bên kia hoặc được ưu tiên nhận loại tài sản để bảo đảm duy trì, ổn định cuộc sống của họ nhưng phải phù hợp với hoàn cảnh thực tế của gia đình và của vợ, chồng.",,,,,,,,,
"Nhờ LS tư vấn giúp tôi vấn đề như sau : Tôi có người em, lúc cưới vợ ,em tôi có xây dựng một căn nhà trên đất của cha mẹ để ở .Nay vợ chồng người em tôi xin ly hôn,tòa định giá căn nhà (chi phí đã xây dựng căn nhà) để phân chia tài sản.Theo cách giải quyết của tòa ,thì người em tôi phải trả lại cho vợ 1/2 số tiền đã xây dựng căn nhà .Xin hỏi LS ,người em tôi không có tiền để trả cho vợ thì phải làm như thế nào .Xin cảm ơn LS.","Do cănả năng thì bên kia có thể mua lại phần giá trị đó, trong trường nhà xây dựng trong thời kỳ hôn nhân nên thuộc tài sản chung vợ chồng và phải chia cho cả 2  khi ly hôn phần giá trị xd ( phần đất vẫn thuộc quyền sử dụng của cha mẹ). Nếu một bên không có kh hợp cả 2 bên đều không thể thực hiện thì sẽ phát mãi tài sản chung đó để phân chia, tuy nhiên tùy điều kiện thực tế sẽ có phương án phân chia thích hợp.",,,,,,,,,
"Tôi  kết hôn năm 1991 và sinh  1 cháu năm 1992, 1 cháu năm 2006 cuộc sống vợ chồng trục trặc  hiện tôi đã ly thân 2 năm và rất muốn ly hôn. Chồng tôi từ khi lấy nhau làm ca tại Cảng Hải Phòng, chỉ chăm chăm làm việc cơ quan , và cá nhân rất ít giúp đỡ tôi làm việc nhà và chăm sóc con, hàng tháng đưa tiền lương về nhưng sau đó vài năm gần đây tôi phát hiện anh ta thường xuyên lập quỹ đen riêng mục đích sử dụng không rõ và cũng không hề hỗ trợ gì cho gia đình nhà chồng tôi (qua trao đổi năm 2011 em gái anh ta đã phản ánh với tôi) Sau một lần va chạm và xô xát, súc phạm tôi và bố mẹ tôi , tôi cũng tuyên bố không còn muốn tiếp tục chung sống với anh ta, anh ta lớn tiếng đòi bán nhà chia tiền nhà,  sau khi ly thân anh ta chuyển ra ngoài ăn riêng, và có hàng tháng đưa cho con tôi số tiền 1,3 triệu, từ tháng 3 năm 2012 là 1,8 triệu và 3tháng gầy đây là 2 triệu, cháu có đưa cho tôi và tôi đã sử dụng số tiền đó  phụ đóng tiền học và tư trang cho 2 cháu  đồng thời trong thời gian này tôi cũng tiến hành rao bán nhà. Trong thời kỳ hôn nhân chúng tôi là công nhân và lấy nhau không có vốn liếng gì, mọi tài sản do tôi tranh thủ kinh doanh ngoài và có sự trợ giúp của con gái lớn và tài sản xin cho cùng vay mượn của gia đình nhà bố mẹ tôi tạo nên. Từ năm 1991 đến nay tôi mua bán nhà  và thay đổi chỗ ở 5 lần  hiện nay sổ đỏ đứng tên 2 vợ chồng. Năm 2011 trước khi ly thân và xô xát  vì tôi đã dồn hết vốn liếng mua thêm căn nhà  đứng tên con lớn, chúng  tôi đã  vay của gia đình bố mẹ đẻ  tôi số tiền vàng và ngoại tệ tương đương 150 triệu và làm vốn kinh doanh có thỏa thuận nếu không bán được thì để lại nhà lại cho con. Khi vay tiền cả hai vợ chồng cùng vay và nhận nhưng không có giấy vay vì tin tưởng là người nhà và ông bà thương con, Nay hôn nhân trục trặc tôi làm đơn ly dị và muốn nuôi  2 con (cháu lớn học cao dẳng) thì quyền về phân chia tài sản ra sao Xin luật sư tư vấn giúp: khi tòa án chia nhà các của tôi có được quyền trong ngôi nhà của chúng tôi không? (tuy căn nhà mới mua vẫn còn nhưng 1 tuần cháu lớn về đó vài lần trông nhà, thời gian còn lại thì ở cùng nhà với bố mẹ)  Tôi nhận nuôi 2 cháu nhưng anh ta đòi  hưởng 1/2 căn nhà, mới ký giấy ly hôn, trong thời gian chưa bán nhà anh ta đòi tiếp tục ở cùng nhà với mẹ con tôi có được không? (hiện tôi không đồng ý ở cùng nhà do anh ta có bệnh nấm toàn thân tôi sợ lây cho con, đêm anh ta ngáy rất to phát ra tiếng động kinh dị, sống mất vệ sinh, .....) thì tôi phải làm thế nào? Tôi có đề xuất dùng căn nhà nhỏ đã mua cho con để đàn phán trao đổi: anh ta sở hữu căn nhà đó và tôi chấp nhận thêm khoản bồi thường chệnh lệch  giá trị tài sản và  tôi nhận phần nợ sau khi ly hôn đổi lấy  quyền sở hữu căn nhà đang ở nhưng anh ta lấy lý do không thích căn nhà đó không đồng ý. Trong trường hợp như vậy có được cho là đúng luật không (cả 2 căn nhà đều đang được rao bán) Nay bố mẹ tôi muốn đòi lại số tiền vay trước khi ly dị vậy anh ta phải trả 1/2 nợ có đúng không? Chi phí  để tòa án giúp phân chia tài sản là bao nhiêu% và án phí ly hôn là bao nhiêu? Xin giúp tôi  vì tôi rất rối trí hiện nay tôi lại đang nghỉ việc không lương. Con nhỏ phải chăm sóc đưa đón, kinh tế lại do nhà Ngoại trợ giúp. Xin cảm ơn các luật sư, mong các luật sư tư gấp.","Trong vụ án ly hôn, nếu yêu cầu thì tòa sẽ giải quyết 3 vấn đề sau:

1. Về hôn nhân: nếu mâu thuẫn đến mức trầm trọng không thể hàn gằn thì tòa sẽ giải quyết cho ly hôn

2. Con chung: Con chưa thành niên thì giao cho 1 bên nuôi dưỡng. Ngừơi còn lại có nghĩa vụ cấp dưỡng. Mức cấp dưỡng phụ thuộc nhu cầu của trẻ, khả năng của người cấp dưỡng.

3. Tài sản: Tài sản được tạo lập trong thời kỳ hôn nhân là tài sản chung của vợ chồng có thể do 1 người đứng tên, sẽ chia đôi. Nếu ai cho rằng mình có công lao lớn hơn trong việc tạo lập nên khối tài sản đó thì phải chứng minh. Việc vay mượn nợ cũng được tòa án xem xét nếu có yêu cầu.

Nếu các bên không thỏa thuận được với nhau về tài sản thì yêu cầu tòa phân chia. Trường hợp các bên tự thỏa thuận về tài sản thì sẽ không phải chịu án phí.

Án phí để tòa án giải quyết: Bạn tham khảo bảng sau:

Giá trị tài sản có tranh chấp

Mức án phí

a) từ 4.000.000 đồng trở xuống

200.000 đồng

b) Từ trên 4.000.000 đồng đến 400.000.000 đồng

5% giá trị tài sản có tranh chấp

c) Từ trên 400.000.000 đồng đến 800.000.000 đồng

20.000.000 đồng + 4% của phần giá trị tài sản có tranh chấp vượt quá 400.000.000 đồng

d) Từ trên 800.000.000 đồng đến 2.000.000.000 đồng

36.000.000 đồng + 3% của phần giá trị tài sản có tranh chấp vượt quá 800.000.000 đồng

đ) Từ trên 2.000.000.000 đồng đến 4.000.000.000 đồng

72.000.000 đồng + 2% của phần giá trị tài sản có tranh chấp vượt quá 2.000.000.000 đồng

e) Từ trên 4.000.000.000 đồng

112.000.000 đồng + 0,1% của phần giá trị tài sản có tranh chấp vượt quá 4.000.000.000 đồng.",,,,,,,,,
"Kính thưa Luật sư! Tôi có 1 việc muốn nhờ Luật sư tư vấn. Bố mẹ tôi kết hôn năm 1974, đến năm 1986 bố tôi bỏ 3 mẹ con tôi để đi chung sống cùng 1 người phụ nữ khác ở trong miền nam. Lúc đó 3 anh em tôi đứa lớn nhất 11 tuổi, nhỏ nhất chưa tròn 1 tuổi. Sau khi chung sống với người vợ thứ 2, bố tôi tiếp tục có 1 thời gian nữa chung sống như vợ chồng cùng người đàn bà khác sau đó lại bỏ. Đầu năm 2012 vừa qua, anh em con cháu khuyên giải nên bố tôi đã trở về sống với mẹ tôi cho đến nay (tức là khoảng hơn 1 năm trở lại đây). Nhưng 1 tháng nay, bố tôi không chấp nhận sống chung với mẹ tôi nữa chỉ vì lý do không còn tình cảm gì với bà. Chúng tôi đã khuyên giải thế nào cũng không đựơc. Bố tôi đơn phương viết đơn xin ly hôn. Chúng tôi rất thương mẹ tôi vì suốt gần 30 năm mẹ tôi đã vất vả vô cùng 1 mình nuôi 3 chúng tôi khôn lớn, trưởng thành. Đồng thời cũng vô cùng bất bình bức xúc trước thái độ và lương tâm của 1 ngời cha. Nay trước khi ra toà ông còn đòi chia 1 phần tài sản (Hiện hai ông bà có hơn 200m vuông đất được cấp từ ngày còn chung sống với nhau đứng tên 2 ông bà). Vậy tôi xin nhờ luật sư tư vấn và cho tôi được biết 1 số nội dung sau: - Thứ nhất bố tôi đơn phương quyết tâm ly dị mẹ tôi trong hoàn cảnh này có hợp pháp không? - Thứ hai, suốt gần 30 năm mẹ tôi 1 mình nuôi dưỡng 3 anh em tôi, bố tôi thiếu trách nhiệm với con cái như vậy khi xét xử toà án có tính đến chuyện đó không? Mẹ tôi có được truy lĩnh số tiền mà bố tôi đã vô trách nhiệm với con cái không?  - Thứ ba, bản thân bố tôi mới đây có bán mảnh đất trong miền nam nơi ông sinh sống trước khi quyết định ra Bắc được 750 triệu đồng. Vậy khi xét ly hôn tài sản đó có được coi là tài sản chung không, mẹ tôi có được hưởng gì từ số tiền đó không? nếu nhờ toà án phân chia tài sản thì với 200m2 đất đứng tên bố mẹ tôi (nhưng bố tôi lại không có hộ khẩu ở quê) toà sẽ phân chia ra sao, tiền án phí phân chia tài sản đóng thế nào, ai sẽ là người sẽ chịu phần đó. Hiện tại mẹ tôi rất đau khổ về những gì bố tôi gây ra. Xin Luật sư tư vấn để chúng tôi có cơ sở động viên mẹ tôi. Tôi xin chân thành cảm ơn.","- Trên cơ sở thông tin bạn nêu thì bố mẹ bạn là vợ chồng hợp pháp còn quan hệ của bố bạn với những người phụ nữ sau này không được pháp luật thừa nhận là vợ chồng nên bố bạn có quyền đơn phương xin lý hôn.

- Pháp luật không có quy định truy lĩnh khoản tiền ""vô trách nhiệm"" như bạn nêu.

- Theo quy định của pháp luật về hôn nhân và gia đình, tài sản được tạo lập trong thời kỳ hôn nhân là tài sản chung, ngoại trừ các tài sản riêng (người có tài sản riêng phải chứng minh). Như vậy, 200m2 đất là tài sản chung. Số tiền 750 triệu đồng cũng là tài sản chung, tuy nhiên khi tòa án giải quyết thì mẹ bạn phải chứng minh được số tiền này là của bố bạn rồi mới có quyền được chia. Về nguyên tắc, khi ly hôn tài sản chung của vợ chồng được chia đôi, có tính đến công sức đóng góp của mỗi bên.",,,,,,,,,
"Kính thưa luật sư! Hôm nay em mạn phép gửi bức thư này đến luật sư và rất mong luật sư tư vấn cho em một số vấn đề trước khi vợ chồng em ly hôn. Em Sinh năm 1985. Hiện là viên chức nhà nước. Em kết hôn với chồng em sinh năm 1983 hiện tại anh ấy không có việc làm, trước anh làm chủ cơ sở internet.  Chúng em kết hôn năm 2007 có đăng ký kết hôn và có 1 con chung 3 tuổi  là bé trai.  Hiện nay tụi em có nhà riêng trên phần đất của gia đình chồng cho nhưng đất đó chưa tách sổ riêng mà vẫn thuộc sở hữu của gia đình chồng và chỉ cho bằng miệng. Còn vợ chồng và con em vẫn nhập khẩu chung với gia đình nhà chồng (nhiều lần em mong muốn được tách hộ khẩu riêng để thuận tiện nhưng không được sự đồng ý từ phía gia đình chồng). Thưa luật sư! Chồng em là người đàn ông gia trưởng, bị ảnh hưởng từ bố chồng và nhà chồng nên cuộc sống của em từ khi bước chân về nhà chồng là một chuỗi ngày đau khổ, vì hai vợ chồng là người của hai vùng miền khác nhau nên cũng không hòa hợp về lối sống, cộng thêm em có 3 người chị chồng khó tính và đã có 2 cô bỏ chồng về nhà. Em sống trong nhà chồng với sự nhẫn nhịn ông bố chồng cay nghiệt toàn bênh con và bà mẹ chồng chỉ biết nghe lời chồng và bênh con. Những tháng ngày em chưa xin được việc làm là những ngày đau khổ, em phải nhịn nhục mà sống vì con, có một vài lần vì những trận đòn do chồng em và nhà chồng xúc phạm em quá mức mà em đã  nói lại họ cho em là hỗn láo rồi chửi bới em thậm tệ họ muốn em bị chửi mà phải câm lặng, bao nhiêu lần em nhập viện sưng vù đầu... tất cả em đều chịu.  Cho đến hôm nay chồng em cờ bạc, không nghề nghiệp chỉ lo ăn chơi, rồi vẫn chửi bới em, không đoái hoài gì đến con và gia đình, em vẫn cắn răn chịu đựng nhưng sống như ly thân vì em không còn tình cảm, trong thời gian này chúng em lại có cãi nhau và anh ấy làm đơn ly hôn. Em rất không muốn mà chỉ muốn nhường nhịn vì con nên em để cho anh ấy đưa đơn lên tòa và em sẽ ký nếu anh ấy muốn, em chỉ cần con có cha nhưng anh ấy không hiểu thì em cũng chịu thôi. Hiện tại vợ chồng em có 1 miếng đất 131,1m2 trị giá 480 triệu đồng mà trên sổ đất ghi là cấp cho hộ ông Vũ Văn Sang (tức chồng em) mà không có tên em, và các giấy tờ mua bán đất đều do chồng em ký, một căn nhà trên phần đất của gia đình chồng mà tiền làm nhà là 250 triệu, 2 xe máy mỗi người đứng tên 1 xe.  Thưa luật sư cho em hỏi với tình trạng hôn nhân của em bây giờ theo pháp luật nếu chúng em ly hôn thì phần tài sản miếng đất em có được chia đôi không và tiền làm nhà em có được hưởng không? Con em có được theo mẹ không? và phần cấp dưỡng như thế nào.  Em không muốn về nhà mẹ ruột ở mà muốn ra ngoài thuê nhà sinh sống thì mẹ con em có được làm hộ khẩu riêng không? Cho em nói thêm là trước đây cha mẹ chồng có bán đất và cho tụi em 500 triệu và tiền đó để làm căn nhà đang ở rồi làm ăn nhưng anh ấy thất bại giờ không còn gì, còn miếng đất tụi em mua 131.1 m2  đứng tên hộ ông Vũ Văn Sang là do hai vợ chồng trước đây kinh doanh internet và để dành mua được và mua sau khi kết hôn. Hiện nay vợ chồng em không thỏa thuận về chia tài sản mà anh ấy nói cho em 100 triệu rồi em đi, còn đơn thì em nhường cho anh ấy nộp và làm. Nếu tranh chấp như vậy em có cần mời luật sư không ạ và số tiền phí cho luật sư là như thế nào ạ? Em xin chân thành cảm ơn luật sư và mong sớm nhận được hồi âm từ luật sư!","Về thửa đất: Tôi không hiểu đất các bạn mua là đấ ở hay đất nông nghiệp. Nếu là đất ở thì Nhà nước cấp cho cá nhân tức 2 vợ chồng. Nếu là đất nộn gnghiệp thì mới cấp cho hộ, nhưng đâng cũng chỉ là vấn đề do lịch sử để lại. Còn về nguyên tắc đất nhận chuyển nhượng thì phải công nhận cho cá nhân, nên việc cấp sổ là sai. Bạn nên coi kỹ lại xem sổ đỏ ghi là ""ông Vũ Văn Sang"" hay ""hộ ông Vũ Văn Sang"".

Nếu sổ đỏ đất cấp đúng như bạn nói thì bạn không có quyền gì. Vì đất cấp cho hộ mà bạn lại không có tên trong sổ hộ khẩu cùng với tên người có tên trong sổ đỏ.

Nguyên tắc khi ly hôn, tài sản được tạo lập trong thời kỳ hôn nhân sẽ chia đôi. Nếu bên nào cho rằng tài sản do mình tạo lập thì phải chứng minh.

Về căn nhà: Do đất chưa được cha mẹ chồng cho bằng văn bản nên khi ly hôn họ sẽ cho rằng chỉ cho vợ chồng ở nhờ nên QSDĐ vẫn thuộc nhà chồng. Còn căn nhà do vợ chồng bạn tạo lập thì là tài sản của chung của vợ chồng nên cũng sẽ được chia đôi. Tuy nhiên, việc chia căn nhà sẽ phức tạp hơn do được xây dựng trên đất nhà chồng.

Bạn lưu ý: Bạn nói cha mẹ chồng cho 2 vợ chồng bạn 500 triệu để làm ăn. Nếu trong quá trình giải quyết bạn thừa nhận vấn đề này nhưng họ lại bảo cho riên con trai họ và tiền cho dùng để xây nhà thì bạn rất thiệt.

Bạn nên cẩn thận trong các lời khai tại tòa và các cơ quan khác về vấn đề tài sản và nguồn gốc tạo lập nên tài sản. Theo tôi, bạn nên nhờ người chứng kiến sự việc làm chứng cho việc cha mẹ chồng tặng cho đất để làm nhà ở.

Về con chung: Nguyên tắc con dưới 36 tháng tuổi, khi ly hôn sẽ giao cho mẹ nuôi dưỡng. Trẻ trên 36 tháng thì bên nào muốn nuôi con nếu có tranh chấp thì phải chứng minh những vấn đề sau:

1. Nhà ở

2. Thu nhập.

3. Khả năng nuôi dạy con

4. Tư cách đạo đức

Việc cấp dưỡng: Người không nuôi con sẽ có trách nhiệm cấp dưỡng. Mức cấp dưỡng phụ thuộc vào nhu cầu của trẻ, thu nhập của người cấp dưỡng

Việc nhờ luật sư: Bạn nên nhớ có luật sư bạn sẽ có lợi rất nhiều. Về mặt tâm lý và pháp lý nên nếu có điều kiện thì có sự tham gia của luật sư sẽ thuận lợi hơn. Chi phí nhờ luật sư tùy từng văn phòng và tùy từng luật sư. Vụ việc như của bạn nếu văn phòng tôi thực hiện thì phí khỏang 20-30 triệu. Bạn nên cân nhắc việc này vì nếu không có tiền mà nhờ luật sư thì thêm gáng nặng, còn có khả  năng thì nên nhờ luật sư để bớt gáng nặng.",,,,,,,,,
"Chào luật sư! Ba mẹ tôi sống với nhau được 30 năm, có 2 con (đều là con gái), chúng tôi đều đã đi làm và vẫn còn ở chung với ba mẹ. Ba tôi đi theo người khác muốn bỏ mẹ tôi cả bên nội cũng hùa vào nói ba tôi nên bỏ vì cho rằng mẹ tôi không sinh được con trai. Mẹ tôi cũng không còn thiết tha gì nhưng muốn yên ổn để chúng tôi đi lấy chồng đã cho nên vẫn nhẫn nhục hằng ngày vì những lời sĩ vả của ông và bên nội cả hai chúng tôi ông cũng không tha. Ba tôi làm viên chức nhà nước lương cũng không cao hơn mẹ tôi là bao nhưng vì bà làm tư nhân sau này không có lương hưu. Bố mẹ tôi có tài sản là căn nhà và sổ tiết kiệm (ba tôi biết nhưng không biết số tiền cụ thể là bao nhiêu) bà đã chuyển sang tên tôi giấu không cho ông biết, nay ly hôn tôi muốn hỏi liệu chúng tôi muốn giấu để giành cho mẹ tôi hết có được không, còn căn nhà chúng tôi đang ở sẽ được chia như thế nào. Tôi đi làm được 7 năm và em tôi được 1 năm. Xin các luật sư giúp đỡ Chân thành cám ơn","Đối với số tiền trong sổ tiết kiệm nếu là tiền do mẹ bạn kinh doanh riêng, thu nhập từ kinh doanh riêng và không nhập vào khối tài sản chung của vợ chồng thì khi ly hôn cha bạn không có quyền tranh chấp. Đối với nhà ở thì phải xem xét nguồn gốc hình thành tài sản. Nếu là tài sản hình thành trong thời kỳ hôn nhân thì phải phân chia theo nguyên tắc chia đôi. Trường hợp ngôi nhà là tài sản tặng cho, thừa kế riêng của cha hoặc mẹ bạn thì khi ly hôn thì căn nhà vẫn thuộc quyền sở hữu của người đó, trừ trường hợp người đó thỏa thuận nhập vào khối tài sản chung của vợ chồng.",,,,,,,,,
"Tôi có người bạn lấy chồng Đài Loan nhờ tôi giúp hỏi các luật gia về việc phân chia tài sản sau khi ly hôn: cô ấy với ông chồng Đài kết hôn năm 1999, sinh được đứa con 15 tuổi, người chồng từ đó đến nay sống tại Việt nam theo dạng tạm trú, do điều kiện tình cảm như thế nào cô này ngoại tình và chồng biết được, cô dự định sẽ ly hôn nhưng cô không biết việc phân chia tài sản như thế nào. Ông chồng Đài này trước khi cưới cô ấy đến TP Hồ Chí Minh mở công ty sản xuất giày cùng với mấy người Đài Loan sau đó ông chồng Đài này gặp cô ấy và cưới, cũng từ đó rút phần hùng ra chuyến sang kinh doanh bất động sản. Tiền này do ông chồng Đài mang từ Đài Loan qua, tài sản hiện tại gồm có: 2 mãnh đất ở Bình Dương, 01 mãnh đất ở Đồng Nai, 01 căn nhà ở quận Gò Vấp, 01 căn nhà ở quận 8 - TPHCM: tất cả tài sản này do cô ấy đứng tên (vì theo luật Việt Nam ông chồng Đài này không thể đứng tên). Và cô ấy có ý định cho ông chồng Đài này về Đài Loan bằng tay trắng vì tất cả do cô đứng tên. Như vậy có được kg, nếu không được thì phân chia như thế nào?","Ít nhất ý định này là trái đạo đức xã hội, đạo lý vợ chồng nên tôi thiết nghĩ các luật sư tại Diễn đàn sẽ không tư vấn theo hướng bạn đề xuất. Bạn có thể sử dụng cách thức khác bạn thấy phù hợp hơn.",,,,,,,,,
